DeliveryDate,DeliveryHour,DeliveryInterval,SettlementPointName,SettlementPointPrice,DSTFlag
05/01/2026,1,1,HB_BUSAVG,-11.03,N
05/01/2026,1,2,HB_BUSAVG,28.89,N
05/01/2026,1,3,HB_BUSAVG,35.18,N
05/01/2026,1,4,HB_BUSAVG,42.18,N
05/01/2026,2,1,HB_BUSAVG,32.01,N
05/01/2026,2,2,HB_BUSAVG,32.01,N
05/01/2026,2,3,HB_BUSAVG,46.52,N
05/01/2026,2,4,HB_BUSAVG,40.02,N
05/01/2026,3,1,HB_BUSAVG,33.74,N
05/01/2026,3,2,HB_BUSAVG,41.84,N
05/01/2026,3,3,HB_BUSAVG,-11.21,N
05/01/2026,3,4,HB_BUSAVG,33.77,N
05/01/2026,4,1,HB_BUSAVG,42.54,N
05/01/2026,4,2,HB_BUSAVG,25.3,N
05/01/2026,4,3,HB_BUSAVG,26.81,N
05/01/2026,4,4,HB_BUSAVG,36.11,N
05/01/2026,5,1,HB_BUSAVG,34.89,N
05/01/2026,5,2,HB_BUSAVG,295.5,N
05/01/2026,5,3,HB_BUSAVG,35.73,N
05/01/2026,5,4,HB_BUSAVG,31.69,N
05/01/2026,6,1,HB_BUSAVG,56.21,N
05/01/2026,6,2,HB_BUSAVG,42.68,N
05/01/2026,6,3,HB_BUSAVG,45.03,N
05/01/2026,6,4,HB_BUSAVG,33.09,N
05/01/2026,7,1,HB_BUSAVG,40.64,N
05/01/2026,7,2,HB_BUSAVG,45.89,N
05/01/2026,7,3,HB_BUSAVG,35.79,N
05/01/2026,7,4,HB_BUSAVG,48.01,N
05/01/2026,8,1,HB_BUSAVG,39.68,N
05/01/2026,8,2,HB_BUSAVG,42.16,N
05/01/2026,8,3,HB_BUSAVG,39.68,N
05/01/2026,8,4,HB_BUSAVG,309.31,N
05/01/2026,9,1,HB_BUSAVG,42.88,N
05/01/2026,9,2,HB_BUSAVG,34.53,N
05/01/2026,9,3,HB_BUSAVG,49.57,N
05/01/2026,9,4,HB_BUSAVG,33.22,N
05/01/2026,10,1,HB_BUSAVG,42.28,N
05/01/2026,10,2,HB_BUSAVG,24.93,N
05/01/2026,10,3,HB_BUSAVG,29.98,N
05/01/2026,10,4,HB_BUSAVG,42.18,N
05/01/2026,11,1,HB_BUSAVG,43.41,N
05/01/2026,11,2,HB_BUSAVG,38.87,N
05/01/2026,11,3,HB_BUSAVG,36.57,N
05/01/2026,11,4,HB_BUSAVG,35.09,N
05/01/2026,12,1,HB_BUSAVG,22.05,N
05/01/2026,12,2,HB_BUSAVG,28.12,N
05/01/2026,12,3,HB_BUSAVG,30.2,N
05/01/2026,12,4,HB_BUSAVG,42.34,N
05/01/2026,13,1,HB_BUSAVG,32.75,N
05/01/2026,13,2,HB_BUSAVG,15.9,N
05/01/2026,13,3,HB_BUSAVG,32.59,N
05/01/2026,13,4,HB_BUSAVG,26.92,N
05/01/2026,14,1,HB_BUSAVG,20.7,N
05/01/2026,14,2,HB_BUSAVG,31.01,N
05/01/2026,14,3,HB_BUSAVG,34.37,N
05/01/2026,14,4,HB_BUSAVG,33.57,N
05/01/2026,15,1,HB_BUSAVG,15.79,N
05/01/2026,15,2,HB_BUSAVG,20.03,N
05/01/2026,15,3,HB_BUSAVG,25.15,N
05/01/2026,15,4,HB_BUSAVG,30.3,N
05/01/2026,16,1,HB_BUSAVG,15.56,N
05/01/2026,16,2,HB_BUSAVG,17.91,N
05/01/2026,16,3,HB_BUSAVG,10.54,N
05/01/2026,16,4,HB_BUSAVG,9.82,N
05/01/2026,17,1,HB_BUSAVG,23.51,N
05/01/2026,17,2,HB_BUSAVG,27.86,N
05/01/2026,17,3,HB_BUSAVG,16.43,N
05/01/2026,17,4,HB_BUSAVG,25.04,N
05/01/2026,18,1,HB_BUSAVG,18.4,N
05/01/2026,18,2,HB_BUSAVG,10.35,N
05/01/2026,18,3,HB_BUSAVG,18.4,N
05/01/2026,18,4,HB_BUSAVG,27.82,N
05/01/2026,19,1,HB_BUSAVG,14.71,N
05/01/2026,19,2,HB_BUSAVG,27.52,N
05/01/2026,19,3,HB_BUSAVG,-5.96,N
05/01/2026,19,4,HB_BUSAVG,21.58,N
05/01/2026,20,1,HB_BUSAVG,16.21,N
05/01/2026,20,2,HB_BUSAVG,13.12,N
05/01/2026,20,3,HB_BUSAVG,16.25,N
05/01/2026,20,4,HB_BUSAVG,-0.39,N
05/01/2026,21,1,HB_BUSAVG,15.25,N
05/01/2026,21,2,HB_BUSAVG,19.87,N
05/01/2026,21,3,HB_BUSAVG,28.83,N
05/01/2026,21,4,HB_BUSAVG,12.86,N
05/01/2026,22,1,HB_BUSAVG,12.93,N
05/01/2026,22,2,HB_BUSAVG,15.38,N
05/01/2026,22,3,HB_BUSAVG,26.72,N
05/01/2026,22,4,HB_BUSAVG,22.02,N
05/01/2026,23,1,HB_BUSAVG,18.26,N
05/01/2026,23,2,HB_BUSAVG,26.61,N
05/01/2026,23,3,HB_BUSAVG,23.28,N
05/01/2026,23,4,HB_BUSAVG,30.25,N
05/01/2026,24,1,HB_BUSAVG,20.5,N
05/01/2026,24,2,HB_BUSAVG,23.5,N
05/01/2026,24,3,HB_BUSAVG,22.98,N
05/01/2026,24,4,HB_BUSAVG,14.41,N
05/02/2026,1,1,HB_BUSAVG,32.37,N
05/02/2026,1,2,HB_BUSAVG,32.09,N
05/02/2026,1,3,HB_BUSAVG,30.04,N
05/02/2026,1,4,HB_BUSAVG,28.12,N
05/02/2026,2,1,HB_BUSAVG,22.56,N
05/02/2026,2,2,HB_BUSAVG,30.52,N
05/02/2026,2,3,HB_BUSAVG,31.14,N
05/02/2026,2,4,HB_BUSAVG,27.46,N
05/02/2026,3,1,HB_BUSAVG,36.21,N
05/02/2026,3,2,HB_BUSAVG,40.73,N
05/02/2026,3,3,HB_BUSAVG,52.59,N
05/02/2026,3,4,HB_BUSAVG,38.9,N
05/02/2026,4,1,HB_BUSAVG,42.67,N
05/02/2026,4,2,HB_BUSAVG,40.01,N
05/02/2026,4,3,HB_BUSAVG,25.26,N
05/02/2026,4,4,HB_BUSAVG,40.39,N
05/02/2026,5,1,HB_BUSAVG,43.47,N
05/02/2026,5,2,HB_BUSAVG,62.7,N
05/02/2026,5,3,HB_BUSAVG,41.45,N
05/02/2026,5,4,HB_BUSAVG,45.4,N
05/02/2026,6,1,HB_BUSAVG,44.21,N
05/02/2026,6,2,HB_BUSAVG,35.14,N
05/02/2026,6,3,HB_BUSAVG,53.63,N
05/02/2026,6,4,HB_BUSAVG,50.5,N
05/02/2026,7,1,HB_BUSAVG,51.33,N
05/02/2026,7,2,HB_BUSAVG,37.72,N
05/02/2026,7,3,HB_BUSAVG,56.22,N
05/02/2026,7,4,HB_BUSAVG,33.79,N
05/02/2026,8,1,HB_BUSAVG,49.18,N
05/02/2026,8,2,HB_BUSAVG,62.01,N
05/02/2026,8,3,HB_BUSAVG,36.56,N
05/02/2026,8,4,HB_BUSAVG,39.96,N
05/02/2026,9,1,HB_BUSAVG,43.79,N
05/02/2026,9,2,HB_BUSAVG,38.96,N
05/02/2026,9,3,HB_BUSAVG,30.59,N
05/02/2026,9,4,HB_BUSAVG,43.54,N
05/02/2026,10,1,HB_BUSAVG,32.11,N
05/02/2026,10,2,HB_BUSAVG,44.4,N
05/02/2026,10,3,HB_BUSAVG,33.25,N
05/02/2026,10,4,HB_BUSAVG,53.01,N
05/02/2026,11,1,HB_BUSAVG,31.23,N
05/02/2026,11,2,HB_BUSAVG,34.92,N
05/02/2026,11,3,HB_BUSAVG,44.01,N
05/02/2026,11,4,HB_BUSAVG,27.65,N
05/02/2026,12,1,HB_BUSAVG,35.7,N
05/02/2026,12,2,HB_BUSAVG,44.34,N
05/02/2026,12,3,HB_BUSAVG,21.02,N
05/02/2026,12,4,HB_BUSAVG,35.36,N
05/02/2026,13,1,HB_BUSAVG,32.08,N
05/02/2026,13,2,HB_BUSAVG,36.25,N
05/02/2026,13,3,HB_BUSAVG,20.1,N
05/02/2026,13,4,HB_BUSAVG,19.44,N
05/02/2026,14,1,HB_BUSAVG,30.29,N
05/02/2026,14,2,HB_BUSAVG,28.49,N
05/02/2026,14,3,HB_BUSAVG,28.12,N
05/02/2026,14,4,HB_BUSAVG,28.89,N
05/02/2026,15,1,HB_BUSAVG,267.06,N
05/02/2026,15,2,HB_BUSAVG,24.36,N
05/02/2026,15,3,HB_BUSAVG,24.84,N
05/02/2026,15,4,HB_BUSAVG,16.79,N
05/02/2026,16,1,HB_BUSAVG,34.32,N
05/02/2026,16,2,HB_BUSAVG,23.18,N
05/02/2026,16,3,HB_BUSAVG,9.86,N
05/02/2026,16,4,HB_BUSAVG,24.65,N
05/02/2026,17,1,HB_BUSAVG,9.21,N
05/02/2026,17,2,HB_BUSAVG,23.31,N
05/02/2026,17,3,HB_BUSAVG,26.28,N
05/02/2026,17,4,HB_BUSAVG,10.44,N
05/02/2026,18,1,HB_BUSAVG,23.22,N
05/02/2026,18,2,HB_BUSAVG,18.81,N
05/02/2026,18,3,HB_BUSAVG,22.09,N
05/02/2026,18,4,HB_BUSAVG,30.69,N
05/02/2026,19,1,HB_BUSAVG,13.04,N
05/02/2026,19,2,HB_BUSAVG,8.97,N
05/02/2026,19,3,HB_BUSAVG,7.88,N
05/02/2026,19,4,HB_BUSAVG,8.47,N
05/02/2026,20,1,HB_BUSAVG,14.89,N
05/02/2026,20,2,HB_BUSAVG,18.24,N
05/02/2026,20,3,HB_BUSAVG,17.72,N
05/02/2026,20,4,HB_BUSAVG,22.13,N
05/02/2026,21,1,HB_BUSAVG,17.11,N
05/02/2026,21,2,HB_BUSAVG,28.64,N
05/02/2026,21,3,HB_BUSAVG,14.89,N
05/02/2026,21,4,HB_BUSAVG,38.77,N
05/02/2026,22,1,HB_BUSAVG,24.4,N
05/02/2026,22,2,HB_BUSAVG,12.54,N
05/02/2026,22,3,HB_BUSAVG,10.83,N
05/02/2026,22,4,HB_BUSAVG,23.25,N
05/02/2026,23,1,HB_BUSAVG,20.71,N
05/02/2026,23,2,HB_BUSAVG,28.21,N
05/02/2026,23,3,HB_BUSAVG,26.29,N
05/02/2026,23,4,HB_BUSAVG,21.92,N
05/02/2026,24,1,HB_BUSAVG,19.34,N
05/02/2026,24,2,HB_BUSAVG,14.0,N
05/02/2026,24,3,HB_BUSAVG,22.55,N
05/02/2026,24,4,HB_BUSAVG,32.97,N
05/03/2026,1,1,HB_BUSAVG,31.71,N
05/03/2026,1,2,HB_BUSAVG,20.03,N
05/03/2026,1,3,HB_BUSAVG,31.39,N
05/03/2026,1,4,HB_BUSAVG,33.08,N
05/03/2026,2,1,HB_BUSAVG,26.81,N
05/03/2026,2,2,HB_BUSAVG,35.11,N
05/03/2026,2,3,HB_BUSAVG,34.35,N
05/03/2026,2,4,HB_BUSAVG,24.74,N
05/03/2026,3,1,HB_BUSAVG,40.36,N
05/03/2026,3,2,HB_BUSAVG,41.99,N
05/03/2026,3,3,HB_BUSAVG,46.16,N
05/03/2026,3,4,HB_BUSAVG,45.93,N
05/03/2026,4,1,HB_BUSAVG,29.59,N
05/03/2026,4,2,HB_BUSAVG,33.1,N
05/03/2026,4,3,HB_BUSAVG,44.73,N
05/03/2026,4,4,HB_BUSAVG,44.72,N
05/03/2026,5,1,HB_BUSAVG,47.11,N
05/03/2026,5,2,HB_BUSAVG,73.81,N
05/03/2026,5,3,HB_BUSAVG,47.56,N
05/03/2026,5,4,HB_BUSAVG,52.07,N
05/03/2026,6,1,HB_BUSAVG,52.12,N
05/03/2026,6,2,HB_BUSAVG,49.7,N
05/03/2026,6,3,HB_BUSAVG,41.97,N
05/03/2026,6,4,HB_BUSAVG,50.56,N
05/03/2026,7,1,HB_BUSAVG,38.82,N
05/03/2026,7,2,HB_BUSAVG,43.11,N
05/03/2026,7,3,HB_BUSAVG,41.12,N
05/03/2026,7,4,HB_BUSAVG,45.65,N
05/03/2026,8,1,HB_BUSAVG,63.01,N
05/03/2026,8,2,HB_BUSAVG,29.55,N
05/03/2026,8,3,HB_BUSAVG,49.98,N
05/03/2026,8,4,HB_BUSAVG,31.59,N
05/03/2026,9,1,HB_BUSAVG,39.21,N
05/03/2026,9,2,HB_BUSAVG,51.7,N
05/03/2026,9,3,HB_BUSAVG,43.5,N
05/03/2026,9,4,HB_BUSAVG,34.37,N
05/03/2026,10,1,HB_BUSAVG,34.88,N
05/03/2026,10,2,HB_BUSAVG,46.04,N
05/03/2026,10,3,HB_BUSAVG,34.76,N
05/03/2026,10,4,HB_BUSAVG,42.34,N
05/03/2026,11,1,HB_BUSAVG,37.86,N
05/03/2026,11,2,HB_BUSAVG,32.29,N
05/03/2026,11,3,HB_BUSAVG,54.65,N
05/03/2026,11,4,HB_BUSAVG,42.57,N
05/03/2026,12,1,HB_BUSAVG,17.68,N
05/03/2026,12,2,HB_BUSAVG,35.37,N
05/03/2026,12,3,HB_BUSAVG,28.59,N
05/03/2026,12,4,HB_BUSAVG,40.7,N
05/03/2026,13,1,HB_BUSAVG,23.66,N
05/03/2026,13,2,HB_BUSAVG,29.08,N
05/03/2026,13,3,HB_BUSAVG,34.04,N
05/03/2026,13,4,HB_BUSAVG,36.93,N
05/03/2026,14,1,HB_BUSAVG,16.52,N
05/03/2026,14,2,HB_BUSAVG,23.44,N
05/03/2026,14,3,HB_BUSAVG,22.32,N
05/03/2026,14,4,HB_BUSAVG,20.89,N
05/03/2026,15,1,HB_BUSAVG,36.62,N
05/03/2026,15,2,HB_BUSAVG,25.74,N
05/03/2026,15,3,HB_BUSAVG,12.41,N
05/03/2026,15,4,HB_BUSAVG,29.84,N
05/03/2026,16,1,HB_BUSAVG,36.37,N
05/03/2026,16,2,HB_BUSAVG,27.65,N
05/03/2026,16,3,HB_BUSAVG,7.24,N
05/03/2026,16,4,HB_BUSAVG,15.52,N
05/03/2026,17,1,HB_BUSAVG,27.14,N
05/03/2026,17,2,HB_BUSAVG,11.35,N
05/03/2026,17,3,HB_BUSAVG,20.56,N
05/03/2026,17,4,HB_BUSAVG,23.21,N
05/03/2026,18,1,HB_BUSAVG,8.1,N
05/03/2026,18,2,HB_BUSAVG,265.03,N
05/03/2026,18,3,HB_BUSAVG,-10.42,N
05/03/2026,18,4,HB_BUSAVG,257.32,N
05/03/2026,19,1,HB_BUSAVG,12.98,N
05/03/2026,19,2,HB_BUSAVG,5.02,N
05/03/2026,19,3,HB_BUSAVG,28.06,N
05/03/2026,19,4,HB_BUSAVG,3.56,N
05/03/2026,20,1,HB_BUSAVG,11.99,N
05/03/2026,20,2,HB_BUSAVG,16.56,N
05/03/2026,20,3,HB_BUSAVG,27.04,N
05/03/2026,20,4,HB_BUSAVG,4.02,N
05/03/2026,21,1,HB_BUSAVG,26.31,N
05/03/2026,21,2,HB_BUSAVG,17.09,N
05/03/2026,21,3,HB_BUSAVG,9.16,N
05/03/2026,21,4,HB_BUSAVG,20.71,N
05/03/2026,22,1,HB_BUSAVG,20.99,N
05/03/2026,22,2,HB_BUSAVG,14.59,N
05/03/2026,22,3,HB_BUSAVG,19.95,N
05/03/2026,22,4,HB_BUSAVG,16.31,N
05/03/2026,23,1,HB_BUSAVG,23.41,N
05/03/2026,23,2,HB_BUSAVG,27.8,N
05/03/2026,23,3,HB_BUSAVG,35.19,N
05/03/2026,23,4,HB_BUSAVG,12.6,N
05/03/2026,24,1,HB_BUSAVG,43.18,N
05/03/2026,24,2,HB_BUSAVG,10.5,N
05/03/2026,24,3,HB_BUSAVG,24.9,N
05/03/2026,24,4,HB_BUSAVG,280.82,N
05/04/2026,1,1,HB_BUSAVG,32.25,N
05/04/2026,1,2,HB_BUSAVG,25.02,N
05/04/2026,1,3,HB_BUSAVG,28.34,N
05/04/2026,1,4,HB_BUSAVG,26.06,N
05/04/2026,2,1,HB_BUSAVG,29.17,N
05/04/2026,2,2,HB_BUSAVG,40.68,N
05/04/2026,2,3,HB_BUSAVG,36.74,N
05/04/2026,2,4,HB_BUSAVG,28.34,N
05/04/2026,3,1,HB_BUSAVG,44.7,N
05/04/2026,3,2,HB_BUSAVG,39.96,N
05/04/2026,3,3,HB_BUSAVG,44.0,N
05/04/2026,3,4,HB_BUSAVG,42.54,N
05/04/2026,4,1,HB_BUSAVG,33.97,N
05/04/2026,4,2,HB_BUSAVG,36.13,N
05/04/2026,4,3,HB_BUSAVG,46.58,N
05/04/2026,4,4,HB_BUSAVG,45.49,N
05/04/2026,5,1,HB_BUSAVG,42.82,N
05/04/2026,5,2,HB_BUSAVG,43.93,N
05/04/2026,5,3,HB_BUSAVG,53.21,N
05/04/2026,5,4,HB_BUSAVG,38.26,N
05/04/2026,6,1,HB_BUSAVG,48.87,N
05/04/2026,6,2,HB_BUSAVG,42.87,N
05/04/2026,6,3,HB_BUSAVG,42.75,N
05/04/2026,6,4,HB_BUSAVG,53.28,N
05/04/2026,7,1,HB_BUSAVG,51.6,N
05/04/2026,7,2,HB_BUSAVG,51.51,N
05/04/2026,7,3,HB_BUSAVG,55.44,N
05/04/2026,7,4,HB_BUSAVG,45.17,N
05/04/2026,8,1,HB_BUSAVG,49.94,N
05/04/2026,8,2,HB_BUSAVG,42.01,N
05/04/2026,8,3,HB_BUSAVG,47.08,N
05/04/2026,8,4,HB_BUSAVG,43.45,N
05/04/2026,9,1,HB_BUSAVG,43.77,N
05/04/2026,9,2,HB_BUSAVG,47.75,N
05/04/2026,9,3,HB_BUSAVG,36.44,N
05/04/2026,9,4,HB_BUSAVG,59.73,N
05/04/2026,10,1,HB_BUSAVG,32.56,N
05/04/2026,10,2,HB_BUSAVG,30.89,N
05/04/2026,10,3,HB_BUSAVG,49.87,N
05/04/2026,10,4,HB_BUSAVG,46.94,N
05/04/2026,11,1,HB_BUSAVG,42.49,N
05/04/2026,11,2,HB_BUSAVG,42.53,N
05/04/2026,11,3,HB_BUSAVG,37.4,N
05/04/2026,11,4,HB_BUSAVG,30.32,N
05/04/2026,12,1,HB_BUSAVG,34.49,N
05/04/2026,12,2,HB_BUSAVG,28.46,N
05/04/2026,12,3,HB_BUSAVG,41.68,N
05/04/2026,12,4,HB_BUSAVG,32.71,N
05/04/2026,13,1,HB_BUSAVG,23.4,N
05/04/2026,13,2,HB_BUSAVG,27.43,N
05/04/2026,13,3,HB_BUSAVG,33.3,N
05/04/2026,13,4,HB_BUSAVG,25.49,N
05/04/2026,14,1,HB_BUSAVG,19.54,N
05/04/2026,14,2,HB_BUSAVG,28.07,N
05/04/2026,14,3,HB_BUSAVG,28.08,N
05/04/2026,14,4,HB_BUSAVG,22.06,N
05/04/2026,15,1,HB_BUSAVG,18.73,N
05/04/2026,15,2,HB_BUSAVG,24.36,N
05/04/2026,15,3,HB_BUSAVG,10.92,N
05/04/2026,15,4,HB_BUSAVG,11.24,N
05/04/2026,16,1,HB_BUSAVG,13.65,N
05/04/2026,16,2,HB_BUSAVG,17.69,N
05/04/2026,16,3,HB_BUSAVG,21.88,N
05/04/2026,16,4,HB_BUSAVG,31.2,N
05/04/2026,17,1,HB_BUSAVG,23.87,N
05/04/2026,17,2,HB_BUSAVG,15.73,N
05/04/2026,17,3,HB_BUSAVG,16.86,N
05/04/2026,17,4,HB_BUSAVG,8.99,N
05/04/2026,18,1,HB_BUSAVG,15.36,N
05/04/2026,18,2,HB_BUSAVG,13.2,N
05/04/2026,18,3,HB_BUSAVG,18.09,N
05/04/2026,18,4,HB_BUSAVG,8.89,N
05/04/2026,19,1,HB_BUSAVG,19.15,N
05/04/2026,19,2,HB_BUSAVG,27.26,N
05/04/2026,19,3,HB_BUSAVG,14.13,N
05/04/2026,19,4,HB_BUSAVG,18.21,N
05/04/2026,20,1,HB_BUSAVG,21.03,N
05/04/2026,20,2,HB_BUSAVG,12.3,N
05/04/2026,20,3,HB_BUSAVG,17.3,N
05/04/2026,20,4,HB_BUSAVG,15.61,N
05/04/2026,21,1,HB_BUSAVG,17.79,N
05/04/2026,21,2,HB_BUSAVG,10.83,N
05/04/2026,21,3,HB_BUSAVG,17.21,N
05/04/2026,21,4,HB_BUSAVG,20.99,N
05/04/2026,22,1,HB_BUSAVG,31.0,N
05/04/2026,22,2,HB_BUSAVG,27.07,N
05/04/2026,22,3,HB_BUSAVG,36.62,N
05/04/2026,22,4,HB_BUSAVG,13.25,N
05/04/2026,23,1,HB_BUSAVG,29.48,N
05/04/2026,23,2,HB_BUSAVG,23.97,N
05/04/2026,23,3,HB_BUSAVG,40.02,N
05/04/2026,23,4,HB_BUSAVG,16.03,N
05/04/2026,24,1,HB_BUSAVG,19.4,N
05/04/2026,24,2,HB_BUSAVG,21.32,N
05/04/2026,24,3,HB_BUSAVG,9.13,N
05/04/2026,24,4,HB_BUSAVG,21.91,N
05/05/2026,1,1,HB_BUSAVG,23.93,N
05/05/2026,1,2,HB_BUSAVG,31.2,N
05/05/2026,1,3,HB_BUSAVG,32.73,N
05/05/2026,1,4,HB_BUSAVG,45.01,N
05/05/2026,2,1,HB_BUSAVG,41.49,N
05/05/2026,2,2,HB_BUSAVG,29.27,N
05/05/2026,2,3,HB_BUSAVG,26.69,N
05/05/2026,2,4,HB_BUSAVG,37.82,N
05/05/2026,3,1,HB_BUSAVG,26.94,N
05/05/2026,3,2,HB_BUSAVG,52.15,N
05/05/2026,3,3,HB_BUSAVG,46.94,N
05/05/2026,3,4,HB_BUSAVG,33.75,N
05/05/2026,4,1,HB_BUSAVG,26.9,N
05/05/2026,4,2,HB_BUSAVG,51.44,N
05/05/2026,4,3,HB_BUSAVG,39.69,N
05/05/2026,4,4,HB_BUSAVG,300.51,N
05/05/2026,5,1,HB_BUSAVG,30.23,N
05/05/2026,5,2,HB_BUSAVG,38.2,N
05/05/2026,5,3,HB_BUSAVG,43.03,N
05/05/2026,5,4,HB_BUSAVG,1243.37,N
05/05/2026,6,1,HB_BUSAVG,40.89,N
05/05/2026,6,2,HB_BUSAVG,49.47,N
05/05/2026,6,3,HB_BUSAVG,35.95,N
05/05/2026,6,4,HB_BUSAVG,43.35,N
05/05/2026,7,1,HB_BUSAVG,45.96,N
05/05/2026,7,2,HB_BUSAVG,49.12,N
05/05/2026,7,3,HB_BUSAVG,50.69,N
05/05/2026,7,4,HB_BUSAVG,36.0,N
05/05/2026,8,1,HB_BUSAVG,32.22,N
05/05/2026,8,2,HB_BUSAVG,54.71,N
05/05/2026,8,3,HB_BUSAVG,47.15,N
05/05/2026,8,4,HB_BUSAVG,38.5,N
05/05/2026,9,1,HB_BUSAVG,55.4,N
05/05/2026,9,2,HB_BUSAVG,43.92,N
05/05/2026,9,3,HB_BUSAVG,52.42,N
05/05/2026,9,4,HB_BUSAVG,43.53,N
05/05/2026,10,1,HB_BUSAVG,57.09,N
05/05/2026,10,2,HB_BUSAVG,54.65,N
05/05/2026,10,3,HB_BUSAVG,38.61,N
05/05/2026,10,4,HB_BUSAVG,48.38,N
05/05/2026,11,1,HB_BUSAVG,42.66,N
05/05/2026,11,2,HB_BUSAVG,48.45,N
05/05/2026,11,3,HB_BUSAVG,29.78,N
05/05/2026,11,4,HB_BUSAVG,42.99,N
05/05/2026,12,1,HB_BUSAVG,-2.65,N
05/05/2026,12,2,HB_BUSAVG,19.81,N
05/05/2026,12,3,HB_BUSAVG,24.42,N
05/05/2026,12,4,HB_BUSAVG,17.57,N
05/05/2026,13,1,HB_BUSAVG,27.84,N
05/05/2026,13,2,HB_BUSAVG,35.74,N
05/05/2026,13,3,HB_BUSAVG,42.02,N
05/05/2026,13,4,HB_BUSAVG,30.59,N
05/05/2026,14,1,HB_BUSAVG,39.15,N
05/05/2026,14,2,HB_BUSAVG,15.08,N
05/05/2026,14,3,HB_BUSAVG,12.49,N
05/05/2026,14,4,HB_BUSAVG,25.67,N
05/05/2026,15,1,HB_BUSAVG,25.57,N
05/05/2026,15,2,HB_BUSAVG,22.24,N
05/05/2026,15,3,HB_BUSAVG,5.96,N
05/05/2026,15,4,HB_BUSAVG,21.79,N
05/05/2026,16,1,HB_BUSAVG,8.96,N
05/05/2026,16,2,HB_BUSAVG,24.75,N
05/05/2026,16,3,HB_BUSAVG,22.33,N
05/05/2026,16,4,HB_BUSAVG,11.87,N
05/05/2026,17,1,HB_BUSAVG,12.9,N
05/05/2026,17,2,HB_BUSAVG,8.54,N
05/05/2026,17,3,HB_BUSAVG,16.51,N
05/05/2026,17,4,HB_BUSAVG,24.65,N
05/05/2026,18,1,HB_BUSAVG,7.63,N
05/05/2026,18,2,HB_BUSAVG,19.54,N
05/05/2026,18,3,HB_BUSAVG,11.27,N
05/05/2026,18,4,HB_BUSAVG,9.17,N
05/05/2026,19,1,HB_BUSAVG,14.14,N
05/05/2026,19,2,HB_BUSAVG,6.72,N
05/05/2026,19,3,HB_BUSAVG,10.57,N
05/05/2026,19,4,HB_BUSAVG,5.42,N
05/05/2026,20,1,HB_BUSAVG,31.23,N
05/05/2026,20,2,HB_BUSAVG,15.79,N
05/05/2026,20,3,HB_BUSAVG,9.91,N
05/05/2026,20,4,HB_BUSAVG,17.22,N
05/05/2026,21,1,HB_BUSAVG,16.11,N
05/05/2026,21,2,HB_BUSAVG,15.24,N
05/05/2026,21,3,HB_BUSAVG,21.92,N
05/05/2026,21,4,HB_BUSAVG,23.07,N
05/05/2026,22,1,HB_BUSAVG,15.15,N
05/05/2026,22,2,HB_BUSAVG,14.79,N
05/05/2026,22,3,HB_BUSAVG,17.19,N
05/05/2026,22,4,HB_BUSAVG,0.98,N
05/05/2026,23,1,HB_BUSAVG,10.38,N
05/05/2026,23,2,HB_BUSAVG,33.43,N
05/05/2026,23,3,HB_BUSAVG,35.66,N
05/05/2026,23,4,HB_BUSAVG,20.51,N
05/05/2026,24,1,HB_BUSAVG,30.73,N
05/05/2026,24,2,HB_BUSAVG,28.61,N
05/05/2026,24,3,HB_BUSAVG,50.75,N
05/05/2026,24,4,HB_BUSAVG,35.07,N
05/06/2026,1,1,HB_BUSAVG,28.98,N
05/06/2026,1,2,HB_BUSAVG,22.36,N
05/06/2026,1,3,HB_BUSAVG,17.15,N
05/06/2026,1,4,HB_BUSAVG,31.63,N
05/06/2026,2,1,HB_BUSAVG,1227.83,N
05/06/2026,2,2,HB_BUSAVG,22.5,N
05/06/2026,2,3,HB_BUSAVG,28.71,N
05/06/2026,2,4,HB_BUSAVG,25.23,N
05/06/2026,3,1,HB_BUSAVG,51.0,N
05/06/2026,3,2,HB_BUSAVG,44.55,N
05/06/2026,3,3,HB_BUSAVG,37.44,N
05/06/2026,3,4,HB_BUSAVG,49.34,N
05/06/2026,4,1,HB_BUSAVG,41.23,N
05/06/2026,4,2,HB_BUSAVG,33.72,N
05/06/2026,4,3,HB_BUSAVG,52.79,N
05/06/2026,4,4,HB_BUSAVG,44.92,N
05/06/2026,5,1,HB_BUSAVG,34.69,N
05/06/2026,5,2,HB_BUSAVG,41.47,N
05/06/2026,5,3,HB_BUSAVG,35.99,N
05/06/2026,5,4,HB_BUSAVG,31.93,N
05/06/2026,6,1,HB_BUSAVG,51.9,N
05/06/2026,6,2,HB_BUSAVG,59.76,N
05/06/2026,6,3,HB_BUSAVG,33.3,N
05/06/2026,6,4,HB_BUSAVG,48.99,N
05/06/2026,7,1,HB_BUSAVG,39.79,N
05/06/2026,7,2,HB_BUSAVG,41.1,N
05/06/2026,7,3,HB_BUSAVG,40.26,N
05/06/2026,7,4,HB_BUSAVG,38.09,N
05/06/2026,8,1,HB_BUSAVG,44.88,N
05/06/2026,8,2,HB_BUSAVG,37.84,N
05/06/2026,8,3,HB_BUSAVG,46.65,N
05/06/2026,8,4,HB_BUSAVG,44.09,N
05/06/2026,9,1,HB_BUSAVG,41.08,N
05/06/2026,9,2,HB_BUSAVG,35.73,N
05/06/2026,9,3,HB_BUSAVG,38.38,N
05/06/2026,9,4,HB_BUSAVG,49.03,N
05/06/2026,10,1,HB_BUSAVG,44.61,N
05/06/2026,10,2,HB_BUSAVG,32.79,N
05/06/2026,10,3,HB_BUSAVG,41.4,N
05/06/2026,10,4,HB_BUSAVG,46.62,N
05/06/2026,11,1,HB_BUSAVG,24.14,N
05/06/2026,11,2,HB_BUSAVG,41.85,N
05/06/2026,11,3,HB_BUSAVG,32.2,N
05/06/2026,11,4,HB_BUSAVG,42.06,N
05/06/2026,12,1,HB_BUSAVG,27.78,N
05/06/2026,12,2,HB_BUSAVG,19.44,N
05/06/2026,12,3,HB_BUSAVG,20.86,N
05/06/2026,12,4,HB_BUSAVG,34.27,N
05/06/2026,13,1,HB_BUSAVG,32.08,N
05/06/2026,13,2,HB_BUSAVG,22.77,N
05/06/2026,13,3,HB_BUSAVG,35.11,N
05/06/2026,13,4,HB_BUSAVG,16.71,N
05/06/2026,14,1,HB_BUSAVG,25.59,N
05/06/2026,14,2,HB_BUSAVG,16.43,N
05/06/2026,14,3,HB_BUSAVG,20.9,N
05/06/2026,14,4,HB_BUSAVG,26.5,N
05/06/2026,15,1,HB_BUSAVG,15.62,N
05/06/2026,15,2,HB_BUSAVG,19.42,N
05/06/2026,15,3,HB_BUSAVG,30.55,N
05/06/2026,15,4,HB_BUSAVG,17.88,N
05/06/2026,16,1,HB_BUSAVG,26.08,N
05/06/2026,16,2,HB_BUSAVG,10.36,N
05/06/2026,16,3,HB_BUSAVG,23.63,N
05/06/2026,16,4,HB_BUSAVG,30.93,N
05/06/2026,17,1,HB_BUSAVG,-2.76,N
05/06/2026,17,2,HB_BUSAVG,10.63,N
05/06/2026,17,3,HB_BUSAVG,21.63,N
05/06/2026,17,4,HB_BUSAVG,15.39,N
05/06/2026,18,1,HB_BUSAVG,18.48,N
05/06/2026,18,2,HB_BUSAVG,10.68,N
05/06/2026,18,3,HB_BUSAVG,16.2,N
05/06/2026,18,4,HB_BUSAVG,14.27,N
05/06/2026,19,1,HB_BUSAVG,24.34,N
05/06/2026,19,2,HB_BUSAVG,17.04,N
05/06/2026,19,3,HB_BUSAVG,17.7,N
05/06/2026,19,4,HB_BUSAVG,261.7,N
05/06/2026,20,1,HB_BUSAVG,11.61,N
05/06/2026,20,2,HB_BUSAVG,12.05,N
05/06/2026,20,3,HB_BUSAVG,18.67,N
05/06/2026,20,4,HB_BUSAVG,12.14,N
05/06/2026,21,1,HB_BUSAVG,19.33,N
05/06/2026,21,2,HB_BUSAVG,33.61,N
05/06/2026,21,3,HB_BUSAVG,23.98,N
05/06/2026,21,4,HB_BUSAVG,14.4,N
05/06/2026,22,1,HB_BUSAVG,29.0,N
05/06/2026,22,2,HB_BUSAVG,16.13,N
05/06/2026,22,3,HB_BUSAVG,3.09,N
05/06/2026,22,4,HB_BUSAVG,11.33,N
05/06/2026,23,1,HB_BUSAVG,7.53,N
05/06/2026,23,2,HB_BUSAVG,19.69,N
05/06/2026,23,3,HB_BUSAVG,22.65,N
05/06/2026,23,4,HB_BUSAVG,35.91,N
05/06/2026,24,1,HB_BUSAVG,28.73,N
05/06/2026,24,2,HB_BUSAVG,24.36,N
05/06/2026,24,3,HB_BUSAVG,32.75,N
05/06/2026,24,4,HB_BUSAVG,8.43,N
05/07/2026,1,1,HB_BUSAVG,31.88,N
05/07/2026,1,2,HB_BUSAVG,36.17,N
05/07/2026,1,3,HB_BUSAVG,18.17,N
05/07/2026,1,4,HB_BUSAVG,39.15,N
05/07/2026,2,1,HB_BUSAVG,36.59,N
05/07/2026,2,2,HB_BUSAVG,30.56,N
05/07/2026,2,3,HB_BUSAVG,38.94,N
05/07/2026,2,4,HB_BUSAVG,52.05,N
05/07/2026,3,1,HB_BUSAVG,38.95,N
05/07/2026,3,2,HB_BUSAVG,39.49,N
05/07/2026,3,3,HB_BUSAVG,33.83,N
05/07/2026,3,4,HB_BUSAVG,30.7,N
05/07/2026,4,1,HB_BUSAVG,47.25,N
05/07/2026,4,2,HB_BUSAVG,33.76,N
05/07/2026,4,3,HB_BUSAVG,41.18,N
05/07/2026,4,4,HB_BUSAVG,36.79,N
05/07/2026,5,1,HB_BUSAVG,46.82,N
05/07/2026,5,2,HB_BUSAVG,45.66,N
05/07/2026,5,3,HB_BUSAVG,51.29,N
05/07/2026,5,4,HB_BUSAVG,38.91,N
05/07/2026,6,1,HB_BUSAVG,42.33,N
05/07/2026,6,2,HB_BUSAVG,36.66,N
05/07/2026,6,3,HB_BUSAVG,40.93,N
05/07/2026,6,4,HB_BUSAVG,47.51,N
05/07/2026,7,1,HB_BUSAVG,51.06,N
05/07/2026,7,2,HB_BUSAVG,37.62,N
05/07/2026,7,3,HB_BUSAVG,51.96,N
05/07/2026,7,4,HB_BUSAVG,55.85,N
05/07/2026,8,1,HB_BUSAVG,47.8,N
05/07/2026,8,2,HB_BUSAVG,59.5,N
05/07/2026,8,3,HB_BUSAVG,38.3,N
05/07/2026,8,4,HB_BUSAVG,34.53,N
05/07/2026,9,1,HB_BUSAVG,28.76,N
05/07/2026,9,2,HB_BUSAVG,54.96,N
05/07/2026,9,3,HB_BUSAVG,48.23,N
05/07/2026,9,4,HB_BUSAVG,42.55,N
05/07/2026,10,1,HB_BUSAVG,42.85,N
05/07/2026,10,2,HB_BUSAVG,31.6,N
05/07/2026,10,3,HB_BUSAVG,60.17,N
05/07/2026,10,4,HB_BUSAVG,41.64,N
05/07/2026,11,1,HB_BUSAVG,38.38,N
05/07/2026,11,2,HB_BUSAVG,43.31,N
05/07/2026,11,3,HB_BUSAVG,41.35,N
05/07/2026,11,4,HB_BUSAVG,39.29,N
05/07/2026,12,1,HB_BUSAVG,27.56,N
05/07/2026,12,2,HB_BUSAVG,37.65,N
05/07/2026,12,3,HB_BUSAVG,48.94,N
05/07/2026,12,4,HB_BUSAVG,44.65,N
05/07/2026,13,1,HB_BUSAVG,42.75,N
05/07/2026,13,2,HB_BUSAVG,25.91,N
05/07/2026,13,3,HB_BUSAVG,22.08,N
05/07/2026,13,4,HB_BUSAVG,28.99,N
05/07/2026,14,1,HB_BUSAVG,26.56,N
05/07/2026,14,2,HB_BUSAVG,34.87,N
05/07/2026,14,3,HB_BUSAVG,12.58,N
05/07/2026,14,4,HB_BUSAVG,38.35,N
05/07/2026,15,1,HB_BUSAVG,271.24,N
05/07/2026,15,2,HB_BUSAVG,19.08,N
05/07/2026,15,3,HB_BUSAVG,14.4,N
05/07/2026,15,4,HB_BUSAVG,9.26,N
05/07/2026,16,1,HB_BUSAVG,25.98,N
05/07/2026,16,2,HB_BUSAVG,19.98,N
05/07/2026,16,3,HB_BUSAVG,9.07,N
05/07/2026,16,4,HB_BUSAVG,9.03,N
05/07/2026,17,1,HB_BUSAVG,14.32,N
05/07/2026,17,2,HB_BUSAVG,30.36,N
05/07/2026,17,3,HB_BUSAVG,14.93,N
05/07/2026,17,4,HB_BUSAVG,4.98,N
05/07/2026,18,1,HB_BUSAVG,13.55,N
05/07/2026,18,2,HB_BUSAVG,13.33,N
05/07/2026,18,3,HB_BUSAVG,-6.06,N
05/07/2026,18,4,HB_BUSAVG,15.08,N
05/07/2026,19,1,HB_BUSAVG,13.15,N
05/07/2026,19,2,HB_BUSAVG,20.57,N
05/07/2026,19,3,HB_BUSAVG,29.79,N
05/07/2026,19,4,HB_BUSAVG,24.01,N
05/07/2026,20,1,HB_BUSAVG,13.36,N
05/07/2026,20,2,HB_BUSAVG,6.66,N
05/07/2026,20,3,HB_BUSAVG,36.1,N
05/07/2026,20,4,HB_BUSAVG,15.98,N
05/07/2026,21,1,HB_BUSAVG,17.12,N
05/07/2026,21,2,HB_BUSAVG,16.82,N
05/07/2026,21,3,HB_BUSAVG,18.59,N
05/07/2026,21,4,HB_BUSAVG,15.85,N
05/07/2026,22,1,HB_BUSAVG,14.8,N
05/07/2026,22,2,HB_BUSAVG,15.02,N
05/07/2026,22,3,HB_BUSAVG,19.13,N
05/07/2026,22,4,HB_BUSAVG,15.05,N
05/07/2026,23,1,HB_BUSAVG,16.8,N
05/07/2026,23,2,HB_BUSAVG,23.35,N
05/07/2026,23,3,HB_BUSAVG,270.46,N
05/07/2026,23,4,HB_BUSAVG,34.53,N
05/07/2026,24,1,HB_BUSAVG,4.91,N
05/07/2026,24,2,HB_BUSAVG,34.85,N
05/07/2026,24,3,HB_BUSAVG,36.09,N
05/07/2026,24,4,HB_BUSAVG,9.53,N
05/08/2026,1,1,HB_BUSAVG,27.26,N
05/08/2026,1,2,HB_BUSAVG,27.03,N
05/08/2026,1,3,HB_BUSAVG,18.74,N
05/08/2026,1,4,HB_BUSAVG,23.78,N
05/08/2026,2,1,HB_BUSAVG,25.0,N
05/08/2026,2,2,HB_BUSAVG,47.9,N
05/08/2026,2,3,HB_BUSAVG,41.37,N
05/08/2026,2,4,HB_BUSAVG,44.05,N
05/08/2026,3,1,HB_BUSAVG,43.27,N
05/08/2026,3,2,HB_BUSAVG,28.47,N
05/08/2026,3,3,HB_BUSAVG,33.3,N
05/08/2026,3,4,HB_BUSAVG,41.41,N
05/08/2026,4,1,HB_BUSAVG,30.83,N
05/08/2026,4,2,HB_BUSAVG,46.31,N
05/08/2026,4,3,HB_BUSAVG,38.68,N
05/08/2026,4,4,HB_BUSAVG,37.61,N
05/08/2026,5,1,HB_BUSAVG,48.68,N
05/08/2026,5,2,HB_BUSAVG,46.54,N
05/08/2026,5,3,HB_BUSAVG,1240.1,N
05/08/2026,5,4,HB_BUSAVG,52.27,N
05/08/2026,6,1,HB_BUSAVG,35.84,N
05/08/2026,6,2,HB_BUSAVG,49.42,N
05/08/2026,6,3,HB_BUSAVG,49.23,N
05/08/2026,6,4,HB_BUSAVG,42.01,N
05/08/2026,7,1,HB_BUSAVG,47.61,N
05/08/2026,7,2,HB_BUSAVG,34.99,N
05/08/2026,7,3,HB_BUSAVG,52.39,N
05/08/2026,7,4,HB_BUSAVG,293.52,N
05/08/2026,8,1,HB_BUSAVG,40.31,N
05/08/2026,8,2,HB_BUSAVG,52.88,N
05/08/2026,8,3,HB_BUSAVG,38.85,N
05/08/2026,8,4,HB_BUSAVG,33.22,N
05/08/2026,9,1,HB_BUSAVG,30.54,N
05/08/2026,9,2,HB_BUSAVG,47.84,N
05/08/2026,9,3,HB_BUSAVG,32.75,N
05/08/2026,9,4,HB_BUSAVG,12.03,N
05/08/2026,10,1,HB_BUSAVG,23.95,N
05/08/2026,10,2,HB_BUSAVG,54.18,N
05/08/2026,10,3,HB_BUSAVG,42.29,N
05/08/2026,10,4,HB_BUSAVG,39.83,N
05/08/2026,11,1,HB_BUSAVG,33.14,N
05/08/2026,11,2,HB_BUSAVG,40.69,N
05/08/2026,11,3,HB_BUSAVG,37.2,N
05/08/2026,11,4,HB_BUSAVG,46.33,N
05/08/2026,12,1,HB_BUSAVG,34.8,N
05/08/2026,12,2,HB_BUSAVG,35.08,N
05/08/2026,12,3,HB_BUSAVG,30.97,N
05/08/2026,12,4,HB_BUSAVG,33.43,N
05/08/2026,13,1,HB_BUSAVG,32.46,N
05/08/2026,13,2,HB_BUSAVG,16.32,N
05/08/2026,13,3,HB_BUSAVG,19.21,N
05/08/2026,13,4,HB_BUSAVG,35.95,N
05/08/2026,14,1,HB_BUSAVG,27.48,N
05/08/2026,14,2,HB_BUSAVG,24.65,N
05/08/2026,14,3,HB_BUSAVG,26.27,N
05/08/2026,14,4,HB_BUSAVG,28.9,N
05/08/2026,15,1,HB_BUSAVG,18.18,N
05/08/2026,15,2,HB_BUSAVG,16.27,N
05/08/2026,15,3,HB_BUSAVG,24.07,N
05/08/2026,15,4,HB_BUSAVG,14.67,N
05/08/2026,16,1,HB_BUSAVG,22.66,N
05/08/2026,16,2,HB_BUSAVG,5.77,N
05/08/2026,16,3,HB_BUSAVG,27.63,N
05/08/2026,16,4,HB_BUSAVG,23.17,N
05/08/2026,17,1,HB_BUSAVG,19.06,N
05/08/2026,17,2,HB_BUSAVG,24.87,N
05/08/2026,17,3,HB_BUSAVG,30.33,N
05/08/2026,17,4,HB_BUSAVG,25.12,N
05/08/2026,18,1,HB_BUSAVG,0.78,N
05/08/2026,18,2,HB_BUSAVG,5.27,N
05/08/2026,18,3,HB_BUSAVG,10.51,N
05/08/2026,18,4,HB_BUSAVG,15.72,N
05/08/2026,19,1,HB_BUSAVG,19.14,N
05/08/2026,19,2,HB_BUSAVG,9.19,N
05/08/2026,19,3,HB_BUSAVG,16.49,N
05/08/2026,19,4,HB_BUSAVG,8.96,N
05/08/2026,20,1,HB_BUSAVG,10.62,N
05/08/2026,20,2,HB_BUSAVG,4.26,N
05/08/2026,20,3,HB_BUSAVG,8.13,N
05/08/2026,20,4,HB_BUSAVG,4.7,N
05/08/2026,21,1,HB_BUSAVG,9.2,N
05/08/2026,21,2,HB_BUSAVG,25.44,N
05/08/2026,21,3,HB_BUSAVG,9.41,N
05/08/2026,21,4,HB_BUSAVG,38.07,N
05/08/2026,22,1,HB_BUSAVG,23.34,N
05/08/2026,22,2,HB_BUSAVG,20.87,N
05/08/2026,22,3,HB_BUSAVG,12.53,N
05/08/2026,22,4,HB_BUSAVG,25.0,N
05/08/2026,23,1,HB_BUSAVG,17.89,N
05/08/2026,23,2,HB_BUSAVG,23.48,N
05/08/2026,23,3,HB_BUSAVG,42.98,N
05/08/2026,23,4,HB_BUSAVG,-23.27,N
05/08/2026,24,1,HB_BUSAVG,35.31,N
05/08/2026,24,2,HB_BUSAVG,20.49,N
05/08/2026,24,3,HB_BUSAVG,25.84,N
05/08/2026,24,4,HB_BUSAVG,40.28,N
05/09/2026,1,1,HB_BUSAVG,24.98,N
05/09/2026,1,2,HB_BUSAVG,44.5,N
05/09/2026,1,3,HB_BUSAVG,35.66,N
05/09/2026,1,4,HB_BUSAVG,25.5,N
05/09/2026,2,1,HB_BUSAVG,38.94,N
05/09/2026,2,2,HB_BUSAVG,41.66,N
05/09/2026,2,3,HB_BUSAVG,38.86,N
05/09/2026,2,4,HB_BUSAVG,21.32,N
05/09/2026,3,1,HB_BUSAVG,31.68,N
05/09/2026,3,2,HB_BUSAVG,35.52,N
05/09/2026,3,3,HB_BUSAVG,36.9,N
05/09/2026,3,4,HB_BUSAVG,42.47,N
05/09/2026,4,1,HB_BUSAVG,42.03,N
05/09/2026,4,2,HB_BUSAVG,29.92,N
05/09/2026,4,3,HB_BUSAVG,43.65,N
05/09/2026,4,4,HB_BUSAVG,45.49,N
05/09/2026,5,1,HB_BUSAVG,47.47,N
05/09/2026,5,2,HB_BUSAVG,51.64,N
05/09/2026,5,3,HB_BUSAVG,49.66,N
05/09/2026,5,4,HB_BUSAVG,1246.66,N
05/09/2026,6,1,HB_BUSAVG,43.93,N
05/09/2026,6,2,HB_BUSAVG,31.2,N
05/09/2026,6,3,HB_BUSAVG,47.93,N
05/09/2026,6,4,HB_BUSAVG,46.15,N
05/09/2026,7,1,HB_BUSAVG,47.17,N
05/09/2026,7,2,HB_BUSAVG,34.79,N
05/09/2026,7,3,HB_BUSAVG,36.35,N
05/09/2026,7,4,HB_BUSAVG,53.43,N
05/09/2026,8,1,HB_BUSAVG,44.17,N
05/09/2026,8,2,HB_BUSAVG,49.94,N
05/09/2026,8,3,HB_BUSAVG,44.72,N
05/09/2026,8,4,HB_BUSAVG,44.73,N
05/09/2026,9,1,HB_BUSAVG,50.5,N
05/09/2026,9,2,HB_BUSAVG,38.86,N
05/09/2026,9,3,HB_BUSAVG,43.76,N
05/09/2026,9,4,HB_BUSAVG,39.29,N
05/09/2026,10,1,HB_BUSAVG,37.13,N
05/09/2026,10,2,HB_BUSAVG,38.13,N
05/09/2026,10,3,HB_BUSAVG,42.38,N
05/09/2026,10,4,HB_BUSAVG,36.78,N
05/09/2026,11,1,HB_BUSAVG,47.55,N
05/09/2026,11,2,HB_BUSAVG,30.34,N
05/09/2026,11,3,HB_BUSAVG,36.01,N
05/09/2026,11,4,HB_BUSAVG,33.98,N
05/09/2026,12,1,HB_BUSAVG,45.46,N
05/09/2026,12,2,HB_BUSAVG,35.45,N
05/09/2026,12,3,HB_BUSAVG,42.14,N
05/09/2026,12,4,HB_BUSAVG,22.0,N
05/09/2026,13,1,HB_BUSAVG,32.14,N
05/09/2026,13,2,HB_BUSAVG,37.12,N
05/09/2026,13,3,HB_BUSAVG,30.66,N
05/09/2026,13,4,HB_BUSAVG,38.52,N
05/09/2026,14,1,HB_BUSAVG,21.98,N
05/09/2026,14,2,HB_BUSAVG,37.39,N
05/09/2026,14,3,HB_BUSAVG,44.51,N
05/09/2026,14,4,HB_BUSAVG,23.22,N
05/09/2026,15,1,HB_BUSAVG,18.94,N
05/09/2026,15,2,HB_BUSAVG,34.13,N
05/09/2026,15,3,HB_BUSAVG,35.14,N
05/09/2026,15,4,HB_BUSAVG,18.32,N
05/09/2026,16,1,HB_BUSAVG,16.03,N
05/09/2026,16,2,HB_BUSAVG,17.14,N
05/09/2026,16,3,HB_BUSAVG,8.64,N
05/09/2026,16,4,HB_BUSAVG,12.04,N
05/09/2026,17,1,HB_BUSAVG,8.98,N
05/09/2026,17,2,HB_BUSAVG,10.87,N
05/09/2026,17,3,HB_BUSAVG,16.73,N
05/09/2026,17,4,HB_BUSAVG,18.88,N
05/09/2026,18,1,HB_BUSAVG,27.92,N
05/09/2026,18,2,HB_BUSAVG,7.52,N
05/09/2026,18,3,HB_BUSAVG,23.39,N
05/09/2026,18,4,HB_BUSAVG,13.8,N
05/09/2026,19,1,HB_BUSAVG,14.6,N
05/09/2026,19,2,HB_BUSAVG,20.4,N
05/09/2026,19,3,HB_BUSAVG,6.02,N
05/09/2026,19,4,HB_BUSAVG,18.06,N
05/09/2026,20,1,HB_BUSAVG,16.84,N
05/09/2026,20,2,HB_BUSAVG,19.45,N
05/09/2026,20,3,HB_BUSAVG,17.82,N
05/09/2026,20,4,HB_BUSAVG,-9.85,N
05/09/2026,21,1,HB_BUSAVG,11.91,N
05/09/2026,21,2,HB_BUSAVG,12.76,N
05/09/2026,21,3,HB_BUSAVG,-32.98,N
05/09/2026,21,4,HB_BUSAVG,12.57,N
05/09/2026,22,1,HB_BUSAVG,14.29,N
05/09/2026,22,2,HB_BUSAVG,28.91,N
05/09/2026,22,3,HB_BUSAVG,30.76,N
05/09/2026,22,4,HB_BUSAVG,14.83,N
05/09/2026,23,1,HB_BUSAVG,15.84,N
05/09/2026,23,2,HB_BUSAVG,26.27,N
05/09/2026,23,3,HB_BUSAVG,18.08,N
05/09/2026,23,4,HB_BUSAVG,27.56,N
05/09/2026,24,1,HB_BUSAVG,27.74,N
05/09/2026,24,2,HB_BUSAVG,13.99,N
05/09/2026,24,3,HB_BUSAVG,38.5,N
05/09/2026,24,4,HB_BUSAVG,40.48,N
05/10/2026,1,1,HB_BUSAVG,25.1,N
05/10/2026,1,2,HB_BUSAVG,26.9,N
05/10/2026,1,3,HB_BUSAVG,32.29,N
05/10/2026,1,4,HB_BUSAVG,32.68,N
05/10/2026,2,1,HB_BUSAVG,39.15,N
05/10/2026,2,2,HB_BUSAVG,49.96,N
05/10/2026,2,3,HB_BUSAVG,32.47,N
05/10/2026,2,4,HB_BUSAVG,27.5,N
05/10/2026,3,1,HB_BUSAVG,26.47,N
05/10/2026,3,2,HB_BUSAVG,31.65,N
05/10/2026,3,3,HB_BUSAVG,37.23,N
05/10/2026,3,4,HB_BUSAVG,51.86,N
05/10/2026,4,1,HB_BUSAVG,36.47,N
05/10/2026,4,2,HB_BUSAVG,42.4,N
05/10/2026,4,3,HB_BUSAVG,40.48,N
05/10/2026,4,4,HB_BUSAVG,50.11,N
05/10/2026,5,1,HB_BUSAVG,63.21,N
05/10/2026,5,2,HB_BUSAVG,38.74,N
05/10/2026,5,3,HB_BUSAVG,39.07,N
05/10/2026,5,4,HB_BUSAVG,51.34,N
05/10/2026,6,1,HB_BUSAVG,49.94,N
05/10/2026,6,2,HB_BUSAVG,59.26,N
05/10/2026,6,3,HB_BUSAVG,49.16,N
05/10/2026,6,4,HB_BUSAVG,41.61,N
05/10/2026,7,1,HB_BUSAVG,49.73,N
05/10/2026,7,2,HB_BUSAVG,53.87,N
05/10/2026,7,3,HB_BUSAVG,51.56,N
05/10/2026,7,4,HB_BUSAVG,49.06,N
05/10/2026,8,1,HB_BUSAVG,53.02,N
05/10/2026,8,2,HB_BUSAVG,53.84,N
05/10/2026,8,3,HB_BUSAVG,55.55,N
05/10/2026,8,4,HB_BUSAVG,49.68,N
05/10/2026,9,1,HB_BUSAVG,41.65,N
05/10/2026,9,2,HB_BUSAVG,44.16,N
05/10/2026,9,3,HB_BUSAVG,52.64,N
05/10/2026,9,4,HB_BUSAVG,36.45,N
05/10/2026,10,1,HB_BUSAVG,43.56,N
05/10/2026,10,2,HB_BUSAVG,37.46,N
05/10/2026,10,3,HB_BUSAVG,40.84,N
05/10/2026,10,4,HB_BUSAVG,50.83,N
05/10/2026,11,1,HB_BUSAVG,39.03,N
05/10/2026,11,2,HB_BUSAVG,37.87,N
05/10/2026,11,3,HB_BUSAVG,26.62,N
05/10/2026,11,4,HB_BUSAVG,43.47,N
05/10/2026,12,1,HB_BUSAVG,39.05,N
05/10/2026,12,2,HB_BUSAVG,51.19,N
05/10/2026,12,3,HB_BUSAVG,31.42,N
05/10/2026,12,4,HB_BUSAVG,35.64,N
05/10/2026,13,1,HB_BUSAVG,32.0,N
05/10/2026,13,2,HB_BUSAVG,42.62,N
05/10/2026,13,3,HB_BUSAVG,29.24,N
05/10/2026,13,4,HB_BUSAVG,32.23,N
05/10/2026,14,1,HB_BUSAVG,30.98,N
05/10/2026,14,2,HB_BUSAVG,27.61,N
05/10/2026,14,3,HB_BUSAVG,22.55,N
05/10/2026,14,4,HB_BUSAVG,27.67,N
05/10/2026,15,1,HB_BUSAVG,31.09,N
05/10/2026,15,2,HB_BUSAVG,14.29,N
05/10/2026,15,3,HB_BUSAVG,23.56,N
05/10/2026,15,4,HB_BUSAVG,16.9,N
05/10/2026,16,1,HB_BUSAVG,28.95,N
05/10/2026,16,2,HB_BUSAVG,7.21,N
05/10/2026,16,3,HB_BUSAVG,14.92,N
05/10/2026,16,4,HB_BUSAVG,272.41,N
05/10/2026,17,1,HB_BUSAVG,29.53,N
05/10/2026,17,2,HB_BUSAVG,16.48,N
05/10/2026,17,3,HB_BUSAVG,12.57,N
05/10/2026,17,4,HB_BUSAVG,32.06,N
05/10/2026,18,1,HB_BUSAVG,3.93,N
05/10/2026,18,2,HB_BUSAVG,-2.08,N
05/10/2026,18,3,HB_BUSAVG,19.03,N
05/10/2026,18,4,HB_BUSAVG,11.49,N
05/10/2026,19,1,HB_BUSAVG,6.83,N
05/10/2026,19,2,HB_BUSAVG,20.67,N
05/10/2026,19,3,HB_BUSAVG,16.95,N
05/10/2026,19,4,HB_BUSAVG,10.49,N
05/10/2026,20,1,HB_BUSAVG,5.27,N
05/10/2026,20,2,HB_BUSAVG,22.49,N
05/10/2026,20,3,HB_BUSAVG,20.71,N
05/10/2026,20,4,HB_BUSAVG,14.72,N
05/10/2026,21,1,HB_BUSAVG,31.78,N
05/10/2026,21,2,HB_BUSAVG,1208.45,N
05/10/2026,21,3,HB_BUSAVG,4.81,N
05/10/2026,21,4,HB_BUSAVG,11.47,N
05/10/2026,22,1,HB_BUSAVG,19.03,N
05/10/2026,22,2,HB_BUSAVG,21.34,N
05/10/2026,22,3,HB_BUSAVG,17.46,N
05/10/2026,22,4,HB_BUSAVG,22.21,N
05/10/2026,23,1,HB_BUSAVG,-32.51,N
05/10/2026,23,2,HB_BUSAVG,34.05,N
05/10/2026,23,3,HB_BUSAVG,21.84,N
05/10/2026,23,4,HB_BUSAVG,31.44,N
05/10/2026,24,1,HB_BUSAVG,28.86,N
05/10/2026,24,2,HB_BUSAVG,29.77,N
05/10/2026,24,3,HB_BUSAVG,30.68,N
05/10/2026,24,4,HB_BUSAVG,29.7,N
05/11/2026,1,1,HB_BUSAVG,35.14,N
05/11/2026,1,2,HB_BUSAVG,40.63,N
05/11/2026,1,3,HB_BUSAVG,31.57,N
05/11/2026,1,4,HB_BUSAVG,35.67,N
05/11/2026,2,1,HB_BUSAVG,33.16,N
05/11/2026,2,2,HB_BUSAVG,45.4,N
05/11/2026,2,3,HB_BUSAVG,28.47,N
05/11/2026,2,4,HB_BUSAVG,48.29,N
05/11/2026,3,1,HB_BUSAVG,37.18,N
05/11/2026,3,2,HB_BUSAVG,26.05,N
05/11/2026,3,3,HB_BUSAVG,38.52,N
05/11/2026,3,4,HB_BUSAVG,282.05,N
05/11/2026,4,1,HB_BUSAVG,47.33,N
05/11/2026,4,2,HB_BUSAVG,35.39,N
05/11/2026,4,3,HB_BUSAVG,37.04,N
05/11/2026,4,4,HB_BUSAVG,25.49,N
05/11/2026,5,1,HB_BUSAVG,39.37,N
05/11/2026,5,2,HB_BUSAVG,23.6,N
05/11/2026,5,3,HB_BUSAVG,30.32,N
05/11/2026,5,4,HB_BUSAVG,49.07,N
05/11/2026,6,1,HB_BUSAVG,50.78,N
05/11/2026,6,2,HB_BUSAVG,47.89,N
05/11/2026,6,3,HB_BUSAVG,36.75,N
05/11/2026,6,4,HB_BUSAVG,44.11,N
05/11/2026,7,1,HB_BUSAVG,44.97,N
05/11/2026,7,2,HB_BUSAVG,35.73,N
05/11/2026,7,3,HB_BUSAVG,57.03,N
05/11/2026,7,4,HB_BUSAVG,302.02,N
05/11/2026,8,1,HB_BUSAVG,42.72,N
05/11/2026,8,2,HB_BUSAVG,294.7,N
05/11/2026,8,3,HB_BUSAVG,46.16,N
05/11/2026,8,4,HB_BUSAVG,28.16,N
05/11/2026,9,1,HB_BUSAVG,41.01,N
05/11/2026,9,2,HB_BUSAVG,287.53,N
05/11/2026,9,3,HB_BUSAVG,34.98,N
05/11/2026,9,4,HB_BUSAVG,40.74,N
05/11/2026,10,1,HB_BUSAVG,54.99,N
05/11/2026,10,2,HB_BUSAVG,45.73,N
05/11/2026,10,3,HB_BUSAVG,36.04,N
05/11/2026,10,4,HB_BUSAVG,45.19,N
05/11/2026,11,1,HB_BUSAVG,48.69,N
05/11/2026,11,2,HB_BUSAVG,44.9,N
05/11/2026,11,3,HB_BUSAVG,37.98,N
05/11/2026,11,4,HB_BUSAVG,32.32,N
05/11/2026,12,1,HB_BUSAVG,39.47,N
05/11/2026,12,2,HB_BUSAVG,37.03,N
05/11/2026,12,3,HB_BUSAVG,41.04,N
05/11/2026,12,4,HB_BUSAVG,38.96,N
05/11/2026,13,1,HB_BUSAVG,38.4,N
05/11/2026,13,2,HB_BUSAVG,25.72,N
05/11/2026,13,3,HB_BUSAVG,40.54,N
05/11/2026,13,4,HB_BUSAVG,31.58,N
05/11/2026,14,1,HB_BUSAVG,42.72,N
05/11/2026,14,2,HB_BUSAVG,20.6,N
05/11/2026,14,3,HB_BUSAVG,40.01,N
05/11/2026,14,4,HB_BUSAVG,27.7,N
05/11/2026,15,1,HB_BUSAVG,17.29,N
05/11/2026,15,2,HB_BUSAVG,18.63,N
05/11/2026,15,3,HB_BUSAVG,19.94,N
05/11/2026,15,4,HB_BUSAVG,25.89,N
05/11/2026,16,1,HB_BUSAVG,23.58,N
05/11/2026,16,2,HB_BUSAVG,14.8,N
05/11/2026,16,3,HB_BUSAVG,19.2,N
05/11/2026,16,4,HB_BUSAVG,36.53,N
05/11/2026,17,1,HB_BUSAVG,30.83,N
05/11/2026,17,2,HB_BUSAVG,20.5,N
05/11/2026,17,3,HB_BUSAVG,17.31,N
05/11/2026,17,4,HB_BUSAVG,17.97,N
05/11/2026,18,1,HB_BUSAVG,20.42,N
05/11/2026,18,2,HB_BUSAVG,7.33,N
05/11/2026,18,3,HB_BUSAVG,13.45,N
05/11/2026,18,4,HB_BUSAVG,2.16,N
05/11/2026,19,1,HB_BUSAVG,18.19,N
05/11/2026,19,2,HB_BUSAVG,20.18,N
05/11/2026,19,3,HB_BUSAVG,11.13,N
05/11/2026,19,4,HB_BUSAVG,27.59,N
05/11/2026,20,1,HB_BUSAVG,5.7,N
05/11/2026,20,2,HB_BUSAVG,3.8,N
05/11/2026,20,3,HB_BUSAVG,17.31,N
05/11/2026,20,4,HB_BUSAVG,23.89,N
05/11/2026,21,1,HB_BUSAVG,30.48,N
05/11/2026,21,2,HB_BUSAVG,13.34,N
05/11/2026,21,3,HB_BUSAVG,25.64,N
05/11/2026,21,4,HB_BUSAVG,16.7,N
05/11/2026,22,1,HB_BUSAVG,18.01,N
05/11/2026,22,2,HB_BUSAVG,26.46,N
05/11/2026,22,3,HB_BUSAVG,24.61,N
05/11/2026,22,4,HB_BUSAVG,6.78,N
05/11/2026,23,1,HB_BUSAVG,34.31,N
05/11/2026,23,2,HB_BUSAVG,33.54,N
05/11/2026,23,3,HB_BUSAVG,17.5,N
05/11/2026,23,4,HB_BUSAVG,25.67,N
05/11/2026,24,1,HB_BUSAVG,30.07,N
05/11/2026,24,2,HB_BUSAVG,28.2,N
05/11/2026,24,3,HB_BUSAVG,21.72,N
05/11/2026,24,4,HB_BUSAVG,20.74,N
05/12/2026,1,1,HB_BUSAVG,29.8,N
05/12/2026,1,2,HB_BUSAVG,39.38,N
05/12/2026,1,3,HB_BUSAVG,34.35,N
05/12/2026,1,4,HB_BUSAVG,27.04,N
05/12/2026,2,1,HB_BUSAVG,40.06,N
05/12/2026,2,2,HB_BUSAVG,11.09,N
05/12/2026,2,3,HB_BUSAVG,43.07,N
05/12/2026,2,4,HB_BUSAVG,19.96,N
05/12/2026,3,1,HB_BUSAVG,34.6,N
05/12/2026,3,2,HB_BUSAVG,28.54,N
05/12/2026,3,3,HB_BUSAVG,27.14,N
05/12/2026,3,4,HB_BUSAVG,46.79,N
05/12/2026,4,1,HB_BUSAVG,36.86,N
05/12/2026,4,2,HB_BUSAVG,43.38,N
05/12/2026,4,3,HB_BUSAVG,40.23,N
05/12/2026,4,4,HB_BUSAVG,44.42,N
05/12/2026,5,1,HB_BUSAVG,43.6,N
05/12/2026,5,2,HB_BUSAVG,32.73,N
05/12/2026,5,3,HB_BUSAVG,50.96,N
05/12/2026,5,4,HB_BUSAVG,39.04,N
05/12/2026,6,1,HB_BUSAVG,32.04,N
05/12/2026,6,2,HB_BUSAVG,41.06,N
05/12/2026,6,3,HB_BUSAVG,306.49,N
05/12/2026,6,4,HB_BUSAVG,51.29,N
05/12/2026,7,1,HB_BUSAVG,42.21,N
05/12/2026,7,2,HB_BUSAVG,42.21,N
05/12/2026,7,3,HB_BUSAVG,42.43,N
05/12/2026,7,4,HB_BUSAVG,61.61,N
05/12/2026,8,1,HB_BUSAVG,47.54,N
05/12/2026,8,2,HB_BUSAVG,47.93,N
05/12/2026,8,3,HB_BUSAVG,52.73,N
05/12/2026,8,4,HB_BUSAVG,46.4,N
05/12/2026,9,1,HB_BUSAVG,40.92,N
05/12/2026,9,2,HB_BUSAVG,41.42,N
05/12/2026,9,3,HB_BUSAVG,42.42,N
05/12/2026,9,4,HB_BUSAVG,42.69,N
05/12/2026,10,1,HB_BUSAVG,46.43,N
05/12/2026,10,2,HB_BUSAVG,41.02,N
05/12/2026,10,3,HB_BUSAVG,46.47,N
05/12/2026,10,4,HB_BUSAVG,39.96,N
05/12/2026,11,1,HB_BUSAVG,38.13,N
05/12/2026,11,2,HB_BUSAVG,21.51,N
05/12/2026,11,3,HB_BUSAVG,44.83,N
05/12/2026,11,4,HB_BUSAVG,40.27,N
05/12/2026,12,1,HB_BUSAVG,41.87,N
05/12/2026,12,2,HB_BUSAVG,10.71,N
05/12/2026,12,3,HB_BUSAVG,50.59,N
05/12/2026,12,4,HB_BUSAVG,32.77,N
05/12/2026,13,1,HB_BUSAVG,38.87,N
05/12/2026,13,2,HB_BUSAVG,21.68,N
05/12/2026,13,3,HB_BUSAVG,34.9,N
05/12/2026,13,4,HB_BUSAVG,21.57,N
05/12/2026,14,1,HB_BUSAVG,21.13,N
05/12/2026,14,2,HB_BUSAVG,41.43,N
05/12/2026,14,3,HB_BUSAVG,24.59,N
05/12/2026,14,4,HB_BUSAVG,27.86,N
05/12/2026,15,1,HB_BUSAVG,29.46,N
05/12/2026,15,2,HB_BUSAVG,26.47,N
05/12/2026,15,3,HB_BUSAVG,23.7,N
05/12/2026,15,4,HB_BUSAVG,25.42,N
05/12/2026,16,1,HB_BUSAVG,38.62,N
05/12/2026,16,2,HB_BUSAVG,18.93,N
05/12/2026,16,3,HB_BUSAVG,21.0,N
05/12/2026,16,4,HB_BUSAVG,27.8,N
05/12/2026,17,1,HB_BUSAVG,25.85,N
05/12/2026,17,2,HB_BUSAVG,26.51,N
05/12/2026,17,3,HB_BUSAVG,22.12,N
05/12/2026,17,4,HB_BUSAVG,7.87,N
05/12/2026,18,1,HB_BUSAVG,28.58,N
05/12/2026,18,2,HB_BUSAVG,6.34,N
05/12/2026,18,3,HB_BUSAVG,17.93,N
05/12/2026,18,4,HB_BUSAVG,9.48,N
05/12/2026,19,1,HB_BUSAVG,14.49,N
05/12/2026,19,2,HB_BUSAVG,17.63,N
05/12/2026,19,3,HB_BUSAVG,17.57,N
05/12/2026,19,4,HB_BUSAVG,18.38,N
05/12/2026,20,1,HB_BUSAVG,28.42,N
05/12/2026,20,2,HB_BUSAVG,19.14,N
05/12/2026,20,3,HB_BUSAVG,13.56,N
05/12/2026,20,4,HB_BUSAVG,23.22,N
05/12/2026,21,1,HB_BUSAVG,26.53,N
05/12/2026,21,2,HB_BUSAVG,7.19,N
05/12/2026,21,3,HB_BUSAVG,21.79,N
05/12/2026,21,4,HB_BUSAVG,22.62,N
05/12/2026,22,1,HB_BUSAVG,17.01,N
05/12/2026,22,2,HB_BUSAVG,30.4,N
05/12/2026,22,3,HB_BUSAVG,18.19,N
05/12/2026,22,4,HB_BUSAVG,20.4,N
05/12/2026,23,1,HB_BUSAVG,21.12,N
05/12/2026,23,2,HB_BUSAVG,22.62,N
05/12/2026,23,3,HB_BUSAVG,13.73,N
05/12/2026,23,4,HB_BUSAVG,10.98,N
05/12/2026,24,1,HB_BUSAVG,38.87,N
05/12/2026,24,2,HB_BUSAVG,19.34,N
05/12/2026,24,3,HB_BUSAVG,18.19,N
05/12/2026,24,4,HB_BUSAVG,8.89,N
05/13/2026,1,1,HB_BUSAVG,24.89,N
05/13/2026,1,2,HB_BUSAVG,19.42,N
05/13/2026,1,3,HB_BUSAVG,43.14,N
05/13/2026,1,4,HB_BUSAVG,38.08,N
05/13/2026,2,1,HB_BUSAVG,28.38,N
05/13/2026,2,2,HB_BUSAVG,6.9,N
05/13/2026,2,3,HB_BUSAVG,41.74,N
05/13/2026,2,4,HB_BUSAVG,31.28,N
05/13/2026,3,1,HB_BUSAVG,17.5,N
05/13/2026,3,2,HB_BUSAVG,55.83,N
05/13/2026,3,3,HB_BUSAVG,26.38,N
05/13/2026,3,4,HB_BUSAVG,24.34,N
05/13/2026,4,1,HB_BUSAVG,48.79,N
05/13/2026,4,2,HB_BUSAVG,60.12,N
05/13/2026,4,3,HB_BUSAVG,51.68,N
05/13/2026,4,4,HB_BUSAVG,45.12,N
05/13/2026,5,1,HB_BUSAVG,47.75,N
05/13/2026,5,2,HB_BUSAVG,49.82,N
05/13/2026,5,3,HB_BUSAVG,49.06,N
05/13/2026,5,4,HB_BUSAVG,45.24,N
05/13/2026,6,1,HB_BUSAVG,45.32,N
05/13/2026,6,2,HB_BUSAVG,43.99,N
05/13/2026,6,3,HB_BUSAVG,38.46,N
05/13/2026,6,4,HB_BUSAVG,42.24,N
05/13/2026,7,1,HB_BUSAVG,31.46,N
05/13/2026,7,2,HB_BUSAVG,44.21,N
05/13/2026,7,3,HB_BUSAVG,37.09,N
05/13/2026,7,4,HB_BUSAVG,36.17,N
05/13/2026,8,1,HB_BUSAVG,45.93,N
05/13/2026,8,2,HB_BUSAVG,55.62,N
05/13/2026,8,3,HB_BUSAVG,51.84,N
05/13/2026,8,4,HB_BUSAVG,31.92,N
05/13/2026,9,1,HB_BUSAVG,35.07,N
05/13/2026,9,2,HB_BUSAVG,50.52,N
05/13/2026,9,3,HB_BUSAVG,35.13,N
05/13/2026,9,4,HB_BUSAVG,41.19,N
05/13/2026,10,1,HB_BUSAVG,45.01,N
05/13/2026,10,2,HB_BUSAVG,32.86,N
05/13/2026,10,3,HB_BUSAVG,41.45,N
05/13/2026,10,4,HB_BUSAVG,29.93,N
05/13/2026,11,1,HB_BUSAVG,32.69,N
05/13/2026,11,2,HB_BUSAVG,40.06,N
05/13/2026,11,3,HB_BUSAVG,24.76,N
05/13/2026,11,4,HB_BUSAVG,41.02,N
05/13/2026,12,1,HB_BUSAVG,33.73,N
05/13/2026,12,2,HB_BUSAVG,38.3,N
05/13/2026,12,3,HB_BUSAVG,35.67,N
05/13/2026,12,4,HB_BUSAVG,44.8,N
05/13/2026,13,1,HB_BUSAVG,31.0,N
05/13/2026,13,2,HB_BUSAVG,26.56,N
05/13/2026,13,3,HB_BUSAVG,30.98,N
05/13/2026,13,4,HB_BUSAVG,34.35,N
05/13/2026,14,1,HB_BUSAVG,26.51,N
05/13/2026,14,2,HB_BUSAVG,26.44,N
05/13/2026,14,3,HB_BUSAVG,20.5,N
05/13/2026,14,4,HB_BUSAVG,20.81,N
05/13/2026,15,1,HB_BUSAVG,11.28,N
05/13/2026,15,2,HB_BUSAVG,36.5,N
05/13/2026,15,3,HB_BUSAVG,12.55,N
05/13/2026,15,4,HB_BUSAVG,16.96,N
05/13/2026,16,1,HB_BUSAVG,13.65,N
05/13/2026,16,2,HB_BUSAVG,26.55,N
05/13/2026,16,3,HB_BUSAVG,17.03,N
05/13/2026,16,4,HB_BUSAVG,29.38,N
05/13/2026,17,1,HB_BUSAVG,11.62,N
05/13/2026,17,2,HB_BUSAVG,19.24,N
05/13/2026,17,3,HB_BUSAVG,10.33,N
05/13/2026,17,4,HB_BUSAVG,34.17,N
05/13/2026,18,1,HB_BUSAVG,6.01,N
05/13/2026,18,2,HB_BUSAVG,17.99,N
05/13/2026,18,3,HB_BUSAVG,20.58,N
05/13/2026,18,4,HB_BUSAVG,18.82,N
05/13/2026,19,1,HB_BUSAVG,13.52,N
05/13/2026,19,2,HB_BUSAVG,13.96,N
05/13/2026,19,3,HB_BUSAVG,15.35,N
05/13/2026,19,4,HB_BUSAVG,13.82,N
05/13/2026,20,1,HB_BUSAVG,23.22,N
05/13/2026,20,2,HB_BUSAVG,33.2,N
05/13/2026,20,3,HB_BUSAVG,11.05,N
05/13/2026,20,4,HB_BUSAVG,4.55,N
05/13/2026,21,1,HB_BUSAVG,16.3,N
05/13/2026,21,2,HB_BUSAVG,37.65,N
05/13/2026,21,3,HB_BUSAVG,10.58,N
05/13/2026,21,4,HB_BUSAVG,30.12,N
05/13/2026,22,1,HB_BUSAVG,32.82,N
05/13/2026,22,2,HB_BUSAVG,14.96,N
05/13/2026,22,3,HB_BUSAVG,23.95,N
05/13/2026,22,4,HB_BUSAVG,32.42,N
05/13/2026,23,1,HB_BUSAVG,19.47,N
05/13/2026,23,2,HB_BUSAVG,20.87,N
05/13/2026,23,3,HB_BUSAVG,17.85,N
05/13/2026,23,4,HB_BUSAVG,14.38,N
05/13/2026,24,1,HB_BUSAVG,20.92,N
05/13/2026,24,2,HB_BUSAVG,16.33,N
05/13/2026,24,3,HB_BUSAVG,26.39,N
05/13/2026,24,4,HB_BUSAVG,19.96,N
05/14/2026,1,1,HB_BUSAVG,31.87,N
05/14/2026,1,2,HB_BUSAVG,17.55,N
05/14/2026,1,3,HB_BUSAVG,32.65,N
05/14/2026,1,4,HB_BUSAVG,36.67,N
05/14/2026,2,1,HB_BUSAVG,17.93,N
05/14/2026,2,2,HB_BUSAVG,36.87,N
05/14/2026,2,3,HB_BUSAVG,43.7,N
05/14/2026,2,4,HB_BUSAVG,24.21,N
05/14/2026,3,1,HB_BUSAVG,50.88,N
05/14/2026,3,2,HB_BUSAVG,40.85,N
05/14/2026,3,3,HB_BUSAVG,31.86,N
05/14/2026,3,4,HB_BUSAVG,37.05,N
05/14/2026,4,1,HB_BUSAVG,45.07,N
05/14/2026,4,2,HB_BUSAVG,41.21,N
05/14/2026,4,3,HB_BUSAVG,44.92,N
05/14/2026,4,4,HB_BUSAVG,33.24,N
05/14/2026,5,1,HB_BUSAVG,44.35,N
05/14/2026,5,2,HB_BUSAVG,31.68,N
05/14/2026,5,3,HB_BUSAVG,42.1,N
05/14/2026,5,4,HB_BUSAVG,35.76,N
05/14/2026,6,1,HB_BUSAVG,38.6,N
05/14/2026,6,2,HB_BUSAVG,54.38,N
05/14/2026,6,3,HB_BUSAVG,53.22,N
05/14/2026,6,4,HB_BUSAVG,49.36,N
05/14/2026,7,1,HB_BUSAVG,36.26,N
05/14/2026,7,2,HB_BUSAVG,42.47,N
05/14/2026,7,3,HB_BUSAVG,54.7,N
05/14/2026,7,4,HB_BUSAVG,46.13,N
05/14/2026,8,1,HB_BUSAVG,63.04,N
05/14/2026,8,2,HB_BUSAVG,47.64,N
05/14/2026,8,3,HB_BUSAVG,46.03,N
05/14/2026,8,4,HB_BUSAVG,42.02,N
05/14/2026,9,1,HB_BUSAVG,44.06,N
05/14/2026,9,2,HB_BUSAVG,41.77,N
05/14/2026,9,3,HB_BUSAVG,48.66,N
05/14/2026,9,4,HB_BUSAVG,50.64,N
05/14/2026,10,1,HB_BUSAVG,34.32,N
05/14/2026,10,2,HB_BUSAVG,29.96,N
05/14/2026,10,3,HB_BUSAVG,25.92,N
05/14/2026,10,4,HB_BUSAVG,44.67,N
05/14/2026,11,1,HB_BUSAVG,28.67,N
05/14/2026,11,2,HB_BUSAVG,20.28,N
05/14/2026,11,3,HB_BUSAVG,40.61,N
05/14/2026,11,4,HB_BUSAVG,57.44,N
05/14/2026,12,1,HB_BUSAVG,33.83,N
05/14/2026,12,2,HB_BUSAVG,40.59,N
05/14/2026,12,3,HB_BUSAVG,34.54,N
05/14/2026,12,4,HB_BUSAVG,33.09,N
05/14/2026,13,1,HB_BUSAVG,37.35,N
05/14/2026,13,2,HB_BUSAVG,27.68,N
05/14/2026,13,3,HB_BUSAVG,32.14,N
05/14/2026,13,4,HB_BUSAVG,32.57,N
05/14/2026,14,1,HB_BUSAVG,20.77,N
05/14/2026,14,2,HB_BUSAVG,34.05,N
05/14/2026,14,3,HB_BUSAVG,24.72,N
05/14/2026,14,4,HB_BUSAVG,20.07,N
05/14/2026,15,1,HB_BUSAVG,26.79,N
05/14/2026,15,2,HB_BUSAVG,15.31,N
05/14/2026,15,3,HB_BUSAVG,22.73,N
05/14/2026,15,4,HB_BUSAVG,22.43,N
05/14/2026,16,1,HB_BUSAVG,28.08,N
05/14/2026,16,2,HB_BUSAVG,23.19,N
05/14/2026,16,3,HB_BUSAVG,19.19,N
05/14/2026,16,4,HB_BUSAVG,25.94,N
05/14/2026,17,1,HB_BUSAVG,28.13,N
05/14/2026,17,2,HB_BUSAVG,21.47,N
05/14/2026,17,3,HB_BUSAVG,17.09,N
05/14/2026,17,4,HB_BUSAVG,6.51,N
05/14/2026,18,1,HB_BUSAVG,6.99,N
05/14/2026,18,2,HB_BUSAVG,13.07,N
05/14/2026,18,3,HB_BUSAVG,10.64,N
05/14/2026,18,4,HB_BUSAVG,14.02,N
05/14/2026,19,1,HB_BUSAVG,15.45,N
05/14/2026,19,2,HB_BUSAVG,19.24,N
05/14/2026,19,3,HB_BUSAVG,14.44,N
05/14/2026,19,4,HB_BUSAVG,18.89,N
05/14/2026,20,1,HB_BUSAVG,16.03,N
05/14/2026,20,2,HB_BUSAVG,-0.29,N
05/14/2026,20,3,HB_BUSAVG,8.0,N
05/14/2026,20,4,HB_BUSAVG,14.36,N
05/14/2026,21,1,HB_BUSAVG,7.33,N
05/14/2026,21,2,HB_BUSAVG,21.81,N
05/14/2026,21,3,HB_BUSAVG,29.26,N
05/14/2026,21,4,HB_BUSAVG,26.76,N
05/14/2026,22,1,HB_BUSAVG,17.69,N
05/14/2026,22,2,HB_BUSAVG,31.32,N
05/14/2026,22,3,HB_BUSAVG,20.58,N
05/14/2026,22,4,HB_BUSAVG,16.7,N
05/14/2026,23,1,HB_BUSAVG,17.59,N
05/14/2026,23,2,HB_BUSAVG,20.08,N
05/14/2026,23,3,HB_BUSAVG,19.39,N
05/14/2026,23,4,HB_BUSAVG,23.86,N
05/14/2026,24,1,HB_BUSAVG,27.4,N
05/14/2026,24,2,HB_BUSAVG,26.14,N
05/14/2026,24,3,HB_BUSAVG,29.61,N
05/14/2026,24,4,HB_BUSAVG,35.64,N
05/15/2026,1,1,HB_BUSAVG,37.6,N
05/15/2026,1,2,HB_BUSAVG,18.12,N
05/15/2026,1,3,HB_BUSAVG,9.57,N
05/15/2026,1,4,HB_BUSAVG,37.47,N
05/15/2026,2,1,HB_BUSAVG,22.95,N
05/15/2026,2,2,HB_BUSAVG,32.08,N
05/15/2026,2,3,HB_BUSAVG,24.52,N
05/15/2026,2,4,HB_BUSAVG,19.47,N
05/15/2026,3,1,HB_BUSAVG,41.83,N
05/15/2026,3,2,HB_BUSAVG,43.57,N
05/15/2026,3,3,HB_BUSAVG,32.89,N
05/15/2026,3,4,HB_BUSAVG,16.77,N
05/15/2026,4,1,HB_BUSAVG,36.24,N
05/15/2026,4,2,HB_BUSAVG,43.74,N
05/15/2026,4,3,HB_BUSAVG,28.78,N
05/15/2026,4,4,HB_BUSAVG,42.07,N
05/15/2026,5,1,HB_BUSAVG,42.87,N
05/15/2026,5,2,HB_BUSAVG,47.62,N
05/15/2026,5,3,HB_BUSAVG,43.95,N
05/15/2026,5,4,HB_BUSAVG,35.21,N
05/15/2026,6,1,HB_BUSAVG,54.06,N
05/15/2026,6,2,HB_BUSAVG,43.22,N
05/15/2026,6,3,HB_BUSAVG,44.27,N
05/15/2026,6,4,HB_BUSAVG,37.02,N
05/15/2026,7,1,HB_BUSAVG,41.45,N
05/15/2026,7,2,HB_BUSAVG,37.92,N
05/15/2026,7,3,HB_BUSAVG,43.62,N
05/15/2026,7,4,HB_BUSAVG,58.69,N
05/15/2026,8,1,HB_BUSAVG,33.51,N
05/15/2026,8,2,HB_BUSAVG,31.58,N
05/15/2026,8,3,HB_BUSAVG,56.26,N
05/15/2026,8,4,HB_BUSAVG,42.81,N
05/15/2026,9,1,HB_BUSAVG,37.64,N
05/15/2026,9,2,HB_BUSAVG,51.31,N
05/15/2026,9,3,HB_BUSAVG,38.15,N
05/15/2026,9,4,HB_BUSAVG,57.6,N
05/15/2026,10,1,HB_BUSAVG,46.03,N
05/15/2026,10,2,HB_BUSAVG,36.7,N
05/15/2026,10,3,HB_BUSAVG,57.87,N
05/15/2026,10,4,HB_BUSAVG,35.76,N
05/15/2026,11,1,HB_BUSAVG,43.44,N
05/15/2026,11,2,HB_BUSAVG,39.89,N
05/15/2026,11,3,HB_BUSAVG,47.91,N
05/15/2026,11,4,HB_BUSAVG,49.99,N
05/15/2026,12,1,HB_BUSAVG,34.14,N
05/15/2026,12,2,HB_BUSAVG,27.85,N
05/15/2026,12,3,HB_BUSAVG,37.56,N
05/15/2026,12,4,HB_BUSAVG,28.46,N
05/15/2026,13,1,HB_BUSAVG,46.11,N
05/15/2026,13,2,HB_BUSAVG,281.09,N
05/15/2026,13,3,HB_BUSAVG,27.08,N
05/15/2026,13,4,HB_BUSAVG,31.48,N
05/15/2026,14,1,HB_BUSAVG,15.34,N
05/15/2026,14,2,HB_BUSAVG,18.34,N
05/15/2026,14,3,HB_BUSAVG,35.72,N
05/15/2026,14,4,HB_BUSAVG,20.86,N
05/15/2026,15,1,HB_BUSAVG,14.12,N
05/15/2026,15,2,HB_BUSAVG,26.79,N
05/15/2026,15,3,HB_BUSAVG,31.99,N
05/15/2026,15,4,HB_BUSAVG,28.25,N
05/15/2026,16,1,HB_BUSAVG,27.36,N
05/15/2026,16,2,HB_BUSAVG,13.34,N
05/15/2026,16,3,HB_BUSAVG,8.02,N
05/15/2026,16,4,HB_BUSAVG,31.4,N
05/15/2026,17,1,HB_BUSAVG,14.43,N
05/15/2026,17,2,HB_BUSAVG,15.0,N
05/15/2026,17,3,HB_BUSAVG,27.64,N
05/15/2026,17,4,HB_BUSAVG,21.46,N
05/15/2026,18,1,HB_BUSAVG,19.16,N
05/15/2026,18,2,HB_BUSAVG,32.83,N
05/15/2026,18,3,HB_BUSAVG,10.36,N
05/15/2026,18,4,HB_BUSAVG,22.93,N
05/15/2026,19,1,HB_BUSAVG,15.46,N
05/15/2026,19,2,HB_BUSAVG,17.15,N
05/15/2026,19,3,HB_BUSAVG,27.23,N
05/15/2026,19,4,HB_BUSAVG,19.06,N
05/15/2026,20,1,HB_BUSAVG,19.82,N
05/15/2026,20,2,HB_BUSAVG,24.09,N
05/15/2026,20,3,HB_BUSAVG,12.59,N
05/15/2026,20,4,HB_BUSAVG,8.8,N
05/15/2026,21,1,HB_BUSAVG,8.65,N
05/15/2026,21,2,HB_BUSAVG,1.28,N
05/15/2026,21,3,HB_BUSAVG,33.46,N
05/15/2026,21,4,HB_BUSAVG,8.18,N
05/15/2026,22,1,HB_BUSAVG,17.62,N
05/15/2026,22,2,HB_BUSAVG,267.18,N
05/15/2026,22,3,HB_BUSAVG,21.85,N
05/15/2026,22,4,HB_BUSAVG,25.92,N
05/15/2026,23,1,HB_BUSAVG,29.38,N
05/15/2026,23,2,HB_BUSAVG,17.84,N
05/15/2026,23,3,HB_BUSAVG,21.16,N
05/15/2026,23,4,HB_BUSAVG,-20.24,N
05/15/2026,24,1,HB_BUSAVG,24.13,N
05/15/2026,24,2,HB_BUSAVG,38.98,N
05/15/2026,24,3,HB_BUSAVG,30.05,N
05/15/2026,24,4,HB_BUSAVG,32.0,N
05/16/2026,1,1,HB_BUSAVG,35.3,N
05/16/2026,1,2,HB_BUSAVG,39.39,N
05/16/2026,1,3,HB_BUSAVG,31.45,N
05/16/2026,1,4,HB_BUSAVG,19.63,N
05/16/2026,2,1,HB_BUSAVG,37.08,N
05/16/2026,2,2,HB_BUSAVG,28.67,N
05/16/2026,2,3,HB_BUSAVG,29.65,N
05/16/2026,2,4,HB_BUSAVG,38.57,N
05/16/2026,3,1,HB_BUSAVG,47.41,N
05/16/2026,3,2,HB_BUSAVG,37.67,N
05/16/2026,3,3,HB_BUSAVG,39.97,N
05/16/2026,3,4,HB_BUSAVG,51.12,N
05/16/2026,4,1,HB_BUSAVG,42.53,N
05/16/2026,4,2,HB_BUSAVG,61.42,N
05/16/2026,4,3,HB_BUSAVG,45.13,N
05/16/2026,4,4,HB_BUSAVG,26.52,N
05/16/2026,5,1,HB_BUSAVG,49.02,N
05/16/2026,5,2,HB_BUSAVG,46.04,N
05/16/2026,5,3,HB_BUSAVG,53.31,N
05/16/2026,5,4,HB_BUSAVG,48.38,N
05/16/2026,6,1,HB_BUSAVG,43.38,N
05/16/2026,6,2,HB_BUSAVG,34.69,N
05/16/2026,6,3,HB_BUSAVG,42.82,N
05/16/2026,6,4,HB_BUSAVG,37.68,N
05/16/2026,7,1,HB_BUSAVG,40.36,N
05/16/2026,7,2,HB_BUSAVG,49.71,N
05/16/2026,7,3,HB_BUSAVG,58.36,N
05/16/2026,7,4,HB_BUSAVG,48.16,N
05/16/2026,8,1,HB_BUSAVG,34.92,N
05/16/2026,8,2,HB_BUSAVG,48.05,N
05/16/2026,8,3,HB_BUSAVG,54.06,N
05/16/2026,8,4,HB_BUSAVG,39.61,N
05/16/2026,9,1,HB_BUSAVG,41.92,N
05/16/2026,9,2,HB_BUSAVG,43.11,N
05/16/2026,9,3,HB_BUSAVG,36.71,N
05/16/2026,9,4,HB_BUSAVG,48.18,N
05/16/2026,10,1,HB_BUSAVG,39.64,N
05/16/2026,10,2,HB_BUSAVG,43.96,N
05/16/2026,10,3,HB_BUSAVG,33.51,N
05/16/2026,10,4,HB_BUSAVG,37.11,N
05/16/2026,11,1,HB_BUSAVG,43.28,N
05/16/2026,11,2,HB_BUSAVG,34.52,N
05/16/2026,11,3,HB_BUSAVG,51.32,N
05/16/2026,11,4,HB_BUSAVG,34.3,N
05/16/2026,12,1,HB_BUSAVG,35.68,N
05/16/2026,12,2,HB_BUSAVG,41.34,N
05/16/2026,12,3,HB_BUSAVG,22.54,N
05/16/2026,12,4,HB_BUSAVG,19.8,N
05/16/2026,13,1,HB_BUSAVG,17.79,N
05/16/2026,13,2,HB_BUSAVG,40.1,N
05/16/2026,13,3,HB_BUSAVG,25.59,N
05/16/2026,13,4,HB_BUSAVG,50.47,N
05/16/2026,14,1,HB_BUSAVG,21.6,N
05/16/2026,14,2,HB_BUSAVG,27.59,N
05/16/2026,14,3,HB_BUSAVG,38.45,N
05/16/2026,14,4,HB_BUSAVG,42.17,N
05/16/2026,15,1,HB_BUSAVG,38.99,N
05/16/2026,15,2,HB_BUSAVG,32.17,N
05/16/2026,15,3,HB_BUSAVG,30.69,N
05/16/2026,15,4,HB_BUSAVG,27.24,N
05/16/2026,16,1,HB_BUSAVG,25.62,N
05/16/2026,16,2,HB_BUSAVG,14.98,N
05/16/2026,16,3,HB_BUSAVG,12.85,N
05/16/2026,16,4,HB_BUSAVG,19.37,N
05/16/2026,17,1,HB_BUSAVG,15.65,N
05/16/2026,17,2,HB_BUSAVG,13.38,N
05/16/2026,17,3,HB_BUSAVG,22.58,N
05/16/2026,17,4,HB_BUSAVG,24.65,N
05/16/2026,18,1,HB_BUSAVG,266.22,N
05/16/2026,18,2,HB_BUSAVG,27.33,N
05/16/2026,18,3,HB_BUSAVG,6.38,N
05/16/2026,18,4,HB_BUSAVG,13.96,N
05/16/2026,19,1,HB_BUSAVG,9.27,N
05/16/2026,19,2,HB_BUSAVG,0.07,N
05/16/2026,19,3,HB_BUSAVG,264.34,N
05/16/2026,19,4,HB_BUSAVG,14.03,N
05/16/2026,20,1,HB_BUSAVG,27.62,N
05/16/2026,20,2,HB_BUSAVG,20.56,N
05/16/2026,20,3,HB_BUSAVG,7.32,N
05/16/2026,20,4,HB_BUSAVG,30.34,N
05/16/2026,21,1,HB_BUSAVG,26.78,N
05/16/2026,21,2,HB_BUSAVG,21.67,N
05/16/2026,21,3,HB_BUSAVG,15.2,N
05/16/2026,21,4,HB_BUSAVG,9.33,N
05/16/2026,22,1,HB_BUSAVG,16.42,N
05/16/2026,22,2,HB_BUSAVG,28.1,N
05/16/2026,22,3,HB_BUSAVG,34.47,N
05/16/2026,22,4,HB_BUSAVG,31.74,N
05/16/2026,23,1,HB_BUSAVG,18.59,N
05/16/2026,23,2,HB_BUSAVG,13.54,N
05/16/2026,23,3,HB_BUSAVG,23.63,N
05/16/2026,23,4,HB_BUSAVG,8.35,N
05/16/2026,24,1,HB_BUSAVG,28.7,N
05/16/2026,24,2,HB_BUSAVG,24.94,N
05/16/2026,24,3,HB_BUSAVG,22.39,N
05/16/2026,24,4,HB_BUSAVG,13.36,N
05/17/2026,1,1,HB_BUSAVG,34.11,N
05/17/2026,1,2,HB_BUSAVG,25.74,N
05/17/2026,1,3,HB_BUSAVG,20.64,N
05/17/2026,1,4,HB_BUSAVG,7.02,N
05/17/2026,2,1,HB_BUSAVG,33.66,N
05/17/2026,2,2,HB_BUSAVG,48.06,N
05/17/2026,2,3,HB_BUSAVG,47.17,N
05/17/2026,2,4,HB_BUSAVG,30.23,N
05/17/2026,3,1,HB_BUSAVG,32.68,N
05/17/2026,3,2,HB_BUSAVG,41.25,N
05/17/2026,3,3,HB_BUSAVG,29.51,N
05/17/2026,3,4,HB_BUSAVG,39.91,N
05/17/2026,4,1,HB_BUSAVG,46.74,N
05/17/2026,4,2,HB_BUSAVG,50.42,N
05/17/2026,4,3,HB_BUSAVG,39.81,N
05/17/2026,4,4,HB_BUSAVG,1238.98,N
05/17/2026,5,1,HB_BUSAVG,35.97,N
05/17/2026,5,2,HB_BUSAVG,36.38,N
05/17/2026,5,3,HB_BUSAVG,41.18,N
05/17/2026,5,4,HB_BUSAVG,45.93,N
05/17/2026,6,1,HB_BUSAVG,51.8,N
05/17/2026,6,2,HB_BUSAVG,38.06,N
05/17/2026,6,3,HB_BUSAVG,56.43,N
05/17/2026,6,4,HB_BUSAVG,42.32,N
05/17/2026,7,1,HB_BUSAVG,44.83,N
05/17/2026,7,2,HB_BUSAVG,39.02,N
05/17/2026,7,3,HB_BUSAVG,25.61,N
05/17/2026,7,4,HB_BUSAVG,52.07,N
05/17/2026,8,1,HB_BUSAVG,50.38,N
05/17/2026,8,2,HB_BUSAVG,42.24,N
05/17/2026,8,3,HB_BUSAVG,45.02,N
05/17/2026,8,4,HB_BUSAVG,48.62,N
05/17/2026,9,1,HB_BUSAVG,30.49,N
05/17/2026,9,2,HB_BUSAVG,38.76,N
05/17/2026,9,3,HB_BUSAVG,49.34,N
05/17/2026,9,4,HB_BUSAVG,32.96,N
05/17/2026,10,1,HB_BUSAVG,42.96,N
05/17/2026,10,2,HB_BUSAVG,29.75,N
05/17/2026,10,3,HB_BUSAVG,44.34,N
05/17/2026,10,4,HB_BUSAVG,40.32,N
05/17/2026,11,1,HB_BUSAVG,24.58,N
05/17/2026,11,2,HB_BUSAVG,46.82,N
05/17/2026,11,3,HB_BUSAVG,31.62,N
05/17/2026,11,4,HB_BUSAVG,1231.02,N
05/17/2026,12,1,HB_BUSAVG,35.49,N
05/17/2026,12,2,HB_BUSAVG,43.07,N
05/17/2026,12,3,HB_BUSAVG,25.76,N
05/17/2026,12,4,HB_BUSAVG,34.38,N
05/17/2026,13,1,HB_BUSAVG,33.43,N
05/17/2026,13,2,HB_BUSAVG,35.54,N
05/17/2026,13,3,HB_BUSAVG,31.41,N
05/17/2026,13,4,HB_BUSAVG,27.06,N
05/17/2026,14,1,HB_BUSAVG,19.5,N
05/17/2026,14,2,HB_BUSAVG,26.81,N
05/17/2026,14,3,HB_BUSAVG,17.54,N
05/17/2026,14,4,HB_BUSAVG,2.75,N
05/17/2026,15,1,HB_BUSAVG,25.99,N
05/17/2026,15,2,HB_BUSAVG,279.73,N
05/17/2026,15,3,HB_BUSAVG,3.6,N
05/17/2026,15,4,HB_BUSAVG,14.42,N
05/17/2026,16,1,HB_BUSAVG,24.35,N
05/17/2026,16,2,HB_BUSAVG,35.85,N
05/17/2026,16,3,HB_BUSAVG,19.56,N
05/17/2026,16,4,HB_BUSAVG,13.57,N
05/17/2026,17,1,HB_BUSAVG,15.55,N
05/17/2026,17,2,HB_BUSAVG,28.01,N
05/17/2026,17,3,HB_BUSAVG,11.84,N
05/17/2026,17,4,HB_BUSAVG,10.62,N
05/17/2026,18,1,HB_BUSAVG,11.65,N
05/17/2026,18,2,HB_BUSAVG,7.88,N
05/17/2026,18,3,HB_BUSAVG,16.49,N
05/17/2026,18,4,HB_BUSAVG,28.51,N
05/17/2026,19,1,HB_BUSAVG,17.58,N
05/17/2026,19,2,HB_BUSAVG,12.98,N
05/17/2026,19,3,HB_BUSAVG,12.67,N
05/17/2026,19,4,HB_BUSAVG,2.49,N
05/17/2026,20,1,HB_BUSAVG,22.58,N
05/17/2026,20,2,HB_BUSAVG,14.89,N
05/17/2026,20,3,HB_BUSAVG,14.07,N
05/17/2026,20,4,HB_BUSAVG,41.06,N
05/17/2026,21,1,HB_BUSAVG,19.4,N
05/17/2026,21,2,HB_BUSAVG,11.0,N
05/17/2026,21,3,HB_BUSAVG,13.6,N
05/17/2026,21,4,HB_BUSAVG,26.2,N
05/17/2026,22,1,HB_BUSAVG,20.3,N
05/17/2026,22,2,HB_BUSAVG,7.89,N
05/17/2026,22,3,HB_BUSAVG,26.75,N
05/17/2026,22,4,HB_BUSAVG,14.05,N
05/17/2026,23,1,HB_BUSAVG,37.49,N
05/17/2026,23,2,HB_BUSAVG,31.14,N
05/17/2026,23,3,HB_BUSAVG,18.92,N
05/17/2026,23,4,HB_BUSAVG,32.75,N
05/17/2026,24,1,HB_BUSAVG,26.66,N
05/17/2026,24,2,HB_BUSAVG,32.94,N
05/17/2026,24,3,HB_BUSAVG,30.0,N
05/17/2026,24,4,HB_BUSAVG,19.35,N
05/18/2026,1,1,HB_BUSAVG,24.85,N
05/18/2026,1,2,HB_BUSAVG,38.24,N
05/18/2026,1,3,HB_BUSAVG,27.32,N
05/18/2026,1,4,HB_BUSAVG,26.77,N
05/18/2026,2,1,HB_BUSAVG,26.24,N
05/18/2026,2,2,HB_BUSAVG,37.27,N
05/18/2026,2,3,HB_BUSAVG,50.38,N
05/18/2026,2,4,HB_BUSAVG,25.34,N
05/18/2026,3,1,HB_BUSAVG,37.69,N
05/18/2026,3,2,HB_BUSAVG,48.8,N
05/18/2026,3,3,HB_BUSAVG,36.86,N
05/18/2026,3,4,HB_BUSAVG,41.12,N
05/18/2026,4,1,HB_BUSAVG,32.11,N
05/18/2026,4,2,HB_BUSAVG,44.03,N
05/18/2026,4,3,HB_BUSAVG,39.11,N
05/18/2026,4,4,HB_BUSAVG,48.49,N
05/18/2026,5,1,HB_BUSAVG,52.49,N
05/18/2026,5,2,HB_BUSAVG,63.71,N
05/18/2026,5,3,HB_BUSAVG,47.63,N
05/18/2026,5,4,HB_BUSAVG,45.6,N
05/18/2026,6,1,HB_BUSAVG,46.04,N
05/18/2026,6,2,HB_BUSAVG,41.66,N
05/18/2026,6,3,HB_BUSAVG,297.2,N
05/18/2026,6,4,HB_BUSAVG,42.13,N
05/18/2026,7,1,HB_BUSAVG,46.35,N
05/18/2026,7,2,HB_BUSAVG,55.54,N
05/18/2026,7,3,HB_BUSAVG,36.95,N
05/18/2026,7,4,HB_BUSAVG,54.12,N
05/18/2026,8,1,HB_BUSAVG,55.03,N
05/18/2026,8,2,HB_BUSAVG,43.54,N
05/18/2026,8,3,HB_BUSAVG,27.51,N
05/18/2026,8,4,HB_BUSAVG,39.63,N
05/18/2026,9,1,HB_BUSAVG,53.37,N
05/18/2026,9,2,HB_BUSAVG,42.81,N
05/18/2026,9,3,HB_BUSAVG,35.0,N
05/18/2026,9,4,HB_BUSAVG,38.95,N
05/18/2026,10,1,HB_BUSAVG,47.33,N
05/18/2026,10,2,HB_BUSAVG,44.98,N
05/18/2026,10,3,HB_BUSAVG,38.7,N
05/18/2026,10,4,HB_BUSAVG,37.67,N
05/18/2026,11,1,HB_BUSAVG,34.37,N
05/18/2026,11,2,HB_BUSAVG,30.12,N
05/18/2026,11,3,HB_BUSAVG,50.42,N
05/18/2026,11,4,HB_BUSAVG,34.92,N
05/18/2026,12,1,HB_BUSAVG,43.62,N
05/18/2026,12,2,HB_BUSAVG,46.05,N
05/18/2026,12,3,HB_BUSAVG,41.87,N
05/18/2026,12,4,HB_BUSAVG,30.43,N
05/18/2026,13,1,HB_BUSAVG,33.23,N
05/18/2026,13,2,HB_BUSAVG,29.81,N
05/18/2026,13,3,HB_BUSAVG,22.77,N
05/18/2026,13,4,HB_BUSAVG,32.59,N
05/18/2026,14,1,HB_BUSAVG,16.69,N
05/18/2026,14,2,HB_BUSAVG,35.62,N
05/18/2026,14,3,HB_BUSAVG,22.4,N
05/18/2026,14,4,HB_BUSAVG,27.73,N
05/18/2026,15,1,HB_BUSAVG,24.77,N
05/18/2026,15,2,HB_BUSAVG,20.43,N
05/18/2026,15,3,HB_BUSAVG,27.19,N
05/18/2026,15,4,HB_BUSAVG,18.7,N
05/18/2026,16,1,HB_BUSAVG,26.36,N
05/18/2026,16,2,HB_BUSAVG,8.63,N
05/18/2026,16,3,HB_BUSAVG,20.4,N
05/18/2026,16,4,HB_BUSAVG,34.9,N
05/18/2026,17,1,HB_BUSAVG,9.01,N
05/18/2026,17,2,HB_BUSAVG,11.59,N
05/18/2026,17,3,HB_BUSAVG,21.12,N
05/18/2026,17,4,HB_BUSAVG,18.45,N
05/18/2026,18,1,HB_BUSAVG,18.32,N
05/18/2026,18,2,HB_BUSAVG,19.42,N
05/18/2026,18,3,HB_BUSAVG,20.59,N
05/18/2026,18,4,HB_BUSAVG,24.39,N
05/18/2026,19,1,HB_BUSAVG,18.28,N
05/18/2026,19,2,HB_BUSAVG,13.07,N
05/18/2026,19,3,HB_BUSAVG,20.38,N
05/18/2026,19,4,HB_BUSAVG,30.2,N
05/18/2026,20,1,HB_BUSAVG,14.45,N
05/18/2026,20,2,HB_BUSAVG,7.71,N
05/18/2026,20,3,HB_BUSAVG,24.37,N
05/18/2026,20,4,HB_BUSAVG,14.55,N
05/18/2026,21,1,HB_BUSAVG,-0.37,N
05/18/2026,21,2,HB_BUSAVG,273.79,N
05/18/2026,21,3,HB_BUSAVG,12.73,N
05/18/2026,21,4,HB_BUSAVG,16.29,N
05/18/2026,22,1,HB_BUSAVG,-22.95,N
05/18/2026,22,2,HB_BUSAVG,20.92,N
05/18/2026,22,3,HB_BUSAVG,25.07,N
05/18/2026,22,4,HB_BUSAVG,15.91,N
05/18/2026,23,1,HB_BUSAVG,26.6,N
05/18/2026,23,2,HB_BUSAVG,20.42,N
05/18/2026,23,3,HB_BUSAVG,28.41,N
05/18/2026,23,4,HB_BUSAVG,27.42,N
05/18/2026,24,1,HB_BUSAVG,18.63,N
05/18/2026,24,2,HB_BUSAVG,34.81,N
05/18/2026,24,3,HB_BUSAVG,21.83,N
05/18/2026,24,4,HB_BUSAVG,32.58,N
05/19/2026,1,1,HB_BUSAVG,32.94,N
05/19/2026,1,2,HB_BUSAVG,44.71,N
05/19/2026,1,3,HB_BUSAVG,28.21,N
05/19/2026,1,4,HB_BUSAVG,27.21,N
05/19/2026,2,1,HB_BUSAVG,33.73,N
05/19/2026,2,2,HB_BUSAVG,31.46,N
05/19/2026,2,3,HB_BUSAVG,40.28,N
05/19/2026,2,4,HB_BUSAVG,20.95,N
05/19/2026,3,1,HB_BUSAVG,29.07,N
05/19/2026,3,2,HB_BUSAVG,28.96,N
05/19/2026,3,3,HB_BUSAVG,45.1,N
05/19/2026,3,4,HB_BUSAVG,51.18,N
05/19/2026,4,1,HB_BUSAVG,39.77,N
05/19/2026,4,2,HB_BUSAVG,39.26,N
05/19/2026,4,3,HB_BUSAVG,41.17,N
05/19/2026,4,4,HB_BUSAVG,49.9,N
05/19/2026,5,1,HB_BUSAVG,35.57,N
05/19/2026,5,2,HB_BUSAVG,44.9,N
05/19/2026,5,3,HB_BUSAVG,50.79,N
05/19/2026,5,4,HB_BUSAVG,47.0,N
05/19/2026,6,1,HB_BUSAVG,1.01,N
05/19/2026,6,2,HB_BUSAVG,52.5,N
05/19/2026,6,3,HB_BUSAVG,22.86,N
05/19/2026,6,4,HB_BUSAVG,49.91,N
05/19/2026,7,1,HB_BUSAVG,39.77,N
05/19/2026,7,2,HB_BUSAVG,30.35,N
05/19/2026,7,3,HB_BUSAVG,49.09,N
05/19/2026,7,4,HB_BUSAVG,55.99,N
05/19/2026,8,1,HB_BUSAVG,43.39,N
05/19/2026,8,2,HB_BUSAVG,52.11,N
05/19/2026,8,3,HB_BUSAVG,57.39,N
05/19/2026,8,4,HB_BUSAVG,55.01,N
05/19/2026,9,1,HB_BUSAVG,56.11,N
05/19/2026,9,2,HB_BUSAVG,48.93,N
05/19/2026,9,3,HB_BUSAVG,43.59,N
05/19/2026,9,4,HB_BUSAVG,30.17,N
05/19/2026,10,1,HB_BUSAVG,38.64,N
05/19/2026,10,2,HB_BUSAVG,33.86,N
05/19/2026,10,3,HB_BUSAVG,57.97,N
05/19/2026,10,4,HB_BUSAVG,39.2,N
05/19/2026,11,1,HB_BUSAVG,38.49,N
05/19/2026,11,2,HB_BUSAVG,41.91,N
05/19/2026,11,3,HB_BUSAVG,37.85,N
05/19/2026,11,4,HB_BUSAVG,51.06,N
05/19/2026,12,1,HB_BUSAVG,28.9,N
05/19/2026,12,2,HB_BUSAVG,35.44,N
05/19/2026,12,3,HB_BUSAVG,27.94,N
05/19/2026,12,4,HB_BUSAVG,23.32,N
05/19/2026,13,1,HB_BUSAVG,25.11,N
05/19/2026,13,2,HB_BUSAVG,29.7,N
05/19/2026,13,3,HB_BUSAVG,26.57,N
05/19/2026,13,4,HB_BUSAVG,24.46,N
05/19/2026,14,1,HB_BUSAVG,14.87,N
05/19/2026,14,2,HB_BUSAVG,25.45,N
05/19/2026,14,3,HB_BUSAVG,14.08,N
05/19/2026,14,4,HB_BUSAVG,32.2,N
05/19/2026,15,1,HB_BUSAVG,23.16,N
05/19/2026,15,2,HB_BUSAVG,10.84,N
05/19/2026,15,3,HB_BUSAVG,20.03,N
05/19/2026,15,4,HB_BUSAVG,16.48,N
05/19/2026,16,1,HB_BUSAVG,21.95,N
05/19/2026,16,2,HB_BUSAVG,1230.12,N
05/19/2026,16,3,HB_BUSAVG,4.39,N
05/19/2026,16,4,HB_BUSAVG,20.31,N
05/19/2026,17,1,HB_BUSAVG,15.73,N
05/19/2026,17,2,HB_BUSAVG,22.38,N
05/19/2026,17,3,HB_BUSAVG,18.72,N
05/19/2026,17,4,HB_BUSAVG,10.99,N
05/19/2026,18,1,HB_BUSAVG,12.96,N
05/19/2026,18,2,HB_BUSAVG,9.14,N
05/19/2026,18,3,HB_BUSAVG,24.12,N
05/19/2026,18,4,HB_BUSAVG,15.68,N
05/19/2026,19,1,HB_BUSAVG,30.21,N
05/19/2026,19,2,HB_BUSAVG,14.51,N
05/19/2026,19,3,HB_BUSAVG,9.33,N
05/19/2026,19,4,HB_BUSAVG,2.89,N
05/19/2026,20,1,HB_BUSAVG,1.09,N
05/19/2026,20,2,HB_BUSAVG,252.84,N
05/19/2026,20,3,HB_BUSAVG,17.65,N
05/19/2026,20,4,HB_BUSAVG,19.58,N
05/19/2026,21,1,HB_BUSAVG,4.36,N
05/19/2026,21,2,HB_BUSAVG,24.17,N
05/19/2026,21,3,HB_BUSAVG,13.15,N
05/19/2026,21,4,HB_BUSAVG,18.18,N
05/19/2026,22,1,HB_BUSAVG,32.29,N
05/19/2026,22,2,HB_BUSAVG,26.57,N
05/19/2026,22,3,HB_BUSAVG,17.25,N
05/19/2026,22,4,HB_BUSAVG,12.26,N
05/19/2026,23,1,HB_BUSAVG,5.29,N
05/19/2026,23,2,HB_BUSAVG,16.75,N
05/19/2026,23,3,HB_BUSAVG,20.81,N
05/19/2026,23,4,HB_BUSAVG,14.6,N
05/19/2026,24,1,HB_BUSAVG,25.07,N
05/19/2026,24,2,HB_BUSAVG,26.73,N
05/19/2026,24,3,HB_BUSAVG,24.32,N
05/19/2026,24,4,HB_BUSAVG,20.92,N
05/20/2026,1,1,HB_BUSAVG,31.35,N
05/20/2026,1,2,HB_BUSAVG,33.54,N
05/20/2026,1,3,HB_BUSAVG,21.28,N
05/20/2026,1,4,HB_BUSAVG,41.29,N
05/20/2026,2,1,HB_BUSAVG,33.09,N
05/20/2026,2,2,HB_BUSAVG,34.03,N
05/20/2026,2,3,HB_BUSAVG,39.55,N
05/20/2026,2,4,HB_BUSAVG,35.75,N
05/20/2026,3,1,HB_BUSAVG,45.13,N
05/20/2026,3,2,HB_BUSAVG,39.8,N
05/20/2026,3,3,HB_BUSAVG,32.6,N
05/20/2026,3,4,HB_BUSAVG,40.39,N
05/20/2026,4,1,HB_BUSAVG,31.46,N
05/20/2026,4,2,HB_BUSAVG,41.48,N
05/20/2026,4,3,HB_BUSAVG,40.34,N
05/20/2026,4,4,HB_BUSAVG,38.94,N
05/20/2026,5,1,HB_BUSAVG,41.96,N
05/20/2026,5,2,HB_BUSAVG,27.94,N
05/20/2026,5,3,HB_BUSAVG,38.6,N
05/20/2026,5,4,HB_BUSAVG,43.73,N
05/20/2026,6,1,HB_BUSAVG,45.77,N
05/20/2026,6,2,HB_BUSAVG,36.27,N
05/20/2026,6,3,HB_BUSAVG,54.61,N
05/20/2026,6,4,HB_BUSAVG,37.56,N
05/20/2026,7,1,HB_BUSAVG,52.76,N
05/20/2026,7,2,HB_BUSAVG,48.42,N
05/20/2026,7,3,HB_BUSAVG,39.83,N
05/20/2026,7,4,HB_BUSAVG,59.2,N
05/20/2026,8,1,HB_BUSAVG,34.94,N
05/20/2026,8,2,HB_BUSAVG,51.84,N
05/20/2026,8,3,HB_BUSAVG,52.49,N
05/20/2026,8,4,HB_BUSAVG,39.12,N
05/20/2026,9,1,HB_BUSAVG,54.13,N
05/20/2026,9,2,HB_BUSAVG,40.99,N
05/20/2026,9,3,HB_BUSAVG,45.3,N
05/20/2026,9,4,HB_BUSAVG,45.07,N
05/20/2026,10,1,HB_BUSAVG,39.53,N
05/20/2026,10,2,HB_BUSAVG,47.09,N
05/20/2026,10,3,HB_BUSAVG,46.95,N
05/20/2026,10,4,HB_BUSAVG,26.62,N
05/20/2026,11,1,HB_BUSAVG,2.93,N
05/20/2026,11,2,HB_BUSAVG,24.2,N
05/20/2026,11,3,HB_BUSAVG,45.76,N
05/20/2026,11,4,HB_BUSAVG,46.51,N
05/20/2026,12,1,HB_BUSAVG,25.15,N
05/20/2026,12,2,HB_BUSAVG,30.6,N
05/20/2026,12,3,HB_BUSAVG,25.04,N
05/20/2026,12,4,HB_BUSAVG,32.16,N
05/20/2026,13,1,HB_BUSAVG,-17.46,N
05/20/2026,13,2,HB_BUSAVG,36.24,N
05/20/2026,13,3,HB_BUSAVG,40.48,N
05/20/2026,13,4,HB_BUSAVG,41.17,N
05/20/2026,14,1,HB_BUSAVG,21.62,N
05/20/2026,14,2,HB_BUSAVG,24.44,N
05/20/2026,14,3,HB_BUSAVG,12.65,N
05/20/2026,14,4,HB_BUSAVG,19.67,N
05/20/2026,15,1,HB_BUSAVG,30.22,N
05/20/2026,15,2,HB_BUSAVG,35.42,N
05/20/2026,15,3,HB_BUSAVG,12.63,N
05/20/2026,15,4,HB_BUSAVG,17.76,N
05/20/2026,16,1,HB_BUSAVG,19.18,N
05/20/2026,16,2,HB_BUSAVG,21.63,N
05/20/2026,16,3,HB_BUSAVG,12.92,N
05/20/2026,16,4,HB_BUSAVG,22.79,N
05/20/2026,17,1,HB_BUSAVG,13.22,N
05/20/2026,17,2,HB_BUSAVG,16.89,N
05/20/2026,17,3,HB_BUSAVG,21.38,N
05/20/2026,17,4,HB_BUSAVG,17.06,N
05/20/2026,18,1,HB_BUSAVG,12.02,N
05/20/2026,18,2,HB_BUSAVG,14.63,N
05/20/2026,18,3,HB_BUSAVG,14.8,N
05/20/2026,18,4,HB_BUSAVG,12.55,N
05/20/2026,19,1,HB_BUSAVG,12.93,N
05/20/2026,19,2,HB_BUSAVG,27.79,N
05/20/2026,19,3,HB_BUSAVG,19.49,N
05/20/2026,19,4,HB_BUSAVG,12.64,N
05/20/2026,20,1,HB_BUSAVG,21.09,N
05/20/2026,20,2,HB_BUSAVG,12.84,N
05/20/2026,20,3,HB_BUSAVG,24.9,N
05/20/2026,20,4,HB_BUSAVG,18.47,N
05/20/2026,21,1,HB_BUSAVG,16.15,N
05/20/2026,21,2,HB_BUSAVG,20.59,N
05/20/2026,21,3,HB_BUSAVG,4.44,N
05/20/2026,21,4,HB_BUSAVG,8.0,N
05/20/2026,22,1,HB_BUSAVG,9.84,N
05/20/2026,22,2,HB_BUSAVG,20.54,N
05/20/2026,22,3,HB_BUSAVG,33.25,N
05/20/2026,22,4,HB_BUSAVG,37.24,N
05/20/2026,23,1,HB_BUSAVG,27.6,N
05/20/2026,23,2,HB_BUSAVG,26.51,N
05/20/2026,23,3,HB_BUSAVG,8.09,N
05/20/2026,23,4,HB_BUSAVG,18.16,N
05/20/2026,24,1,HB_BUSAVG,19.82,N
05/20/2026,24,2,HB_BUSAVG,21.15,N
05/20/2026,24,3,HB_BUSAVG,24.77,N
05/20/2026,24,4,HB_BUSAVG,22.34,N
05/21/2026,1,1,HB_BUSAVG,14.17,N
05/21/2026,1,2,HB_BUSAVG,35.98,N
05/21/2026,1,3,HB_BUSAVG,21.42,N
05/21/2026,1,4,HB_BUSAVG,31.91,N
05/21/2026,2,1,HB_BUSAVG,50.47,N
05/21/2026,2,2,HB_BUSAVG,26.53,N
05/21/2026,2,3,HB_BUSAVG,263.64,N
05/21/2026,2,4,HB_BUSAVG,31.59,N
05/21/2026,3,1,HB_BUSAVG,46.31,N
05/21/2026,3,2,HB_BUSAVG,53.17,N
05/21/2026,3,3,HB_BUSAVG,27.66,N
05/21/2026,3,4,HB_BUSAVG,41.47,N
05/21/2026,4,1,HB_BUSAVG,36.88,N
05/21/2026,4,2,HB_BUSAVG,39.76,N
05/21/2026,4,3,HB_BUSAVG,61.76,N
05/21/2026,4,4,HB_BUSAVG,28.58,N
05/21/2026,5,1,HB_BUSAVG,45.02,N
05/21/2026,5,2,HB_BUSAVG,46.73,N
05/21/2026,5,3,HB_BUSAVG,51.68,N
05/21/2026,5,4,HB_BUSAVG,43.77,N
05/21/2026,6,1,HB_BUSAVG,46.95,N
05/21/2026,6,2,HB_BUSAVG,41.36,N
05/21/2026,6,3,HB_BUSAVG,46.64,N
05/21/2026,6,4,HB_BUSAVG,41.74,N
05/21/2026,7,1,HB_BUSAVG,49.97,N
05/21/2026,7,2,HB_BUSAVG,42.04,N
05/21/2026,7,3,HB_BUSAVG,48.02,N
05/21/2026,7,4,HB_BUSAVG,44.77,N
05/21/2026,8,1,HB_BUSAVG,53.5,N
05/21/2026,8,2,HB_BUSAVG,44.08,N
05/21/2026,8,3,HB_BUSAVG,30.3,N
05/21/2026,8,4,HB_BUSAVG,54.58,N
05/21/2026,9,1,HB_BUSAVG,35.74,N
05/21/2026,9,2,HB_BUSAVG,37.76,N
05/21/2026,9,3,HB_BUSAVG,38.23,N
05/21/2026,9,4,HB_BUSAVG,53.99,N
05/21/2026,10,1,HB_BUSAVG,23.52,N
05/21/2026,10,2,HB_BUSAVG,65.71,N
05/21/2026,10,3,HB_BUSAVG,49.06,N
05/21/2026,10,4,HB_BUSAVG,42.39,N
05/21/2026,11,1,HB_BUSAVG,37.06,N
05/21/2026,11,2,HB_BUSAVG,39.78,N
05/21/2026,11,3,HB_BUSAVG,41.67,N
05/21/2026,11,4,HB_BUSAVG,42.66,N
05/21/2026,12,1,HB_BUSAVG,38.33,N
05/21/2026,12,2,HB_BUSAVG,34.6,N
05/21/2026,12,3,HB_BUSAVG,32.3,N
05/21/2026,12,4,HB_BUSAVG,32.67,N
05/21/2026,13,1,HB_BUSAVG,28.44,N
05/21/2026,13,2,HB_BUSAVG,39.07,N
05/21/2026,13,3,HB_BUSAVG,34.75,N
05/21/2026,13,4,HB_BUSAVG,256.48,N
05/21/2026,14,1,HB_BUSAVG,31.36,N
05/21/2026,14,2,HB_BUSAVG,27.68,N
05/21/2026,14,3,HB_BUSAVG,25.97,N
05/21/2026,14,4,HB_BUSAVG,23.01,N
05/21/2026,15,1,HB_BUSAVG,281.49,N
05/21/2026,15,2,HB_BUSAVG,30.08,N
05/21/2026,15,3,HB_BUSAVG,16.32,N
05/21/2026,15,4,HB_BUSAVG,25.76,N
05/21/2026,16,1,HB_BUSAVG,11.62,N
05/21/2026,16,2,HB_BUSAVG,8.36,N
05/21/2026,16,3,HB_BUSAVG,14.38,N
05/21/2026,16,4,HB_BUSAVG,26.29,N
05/21/2026,17,1,HB_BUSAVG,24.63,N
05/21/2026,17,2,HB_BUSAVG,21.11,N
05/21/2026,17,3,HB_BUSAVG,22.81,N
05/21/2026,17,4,HB_BUSAVG,21.14,N
05/21/2026,18,1,HB_BUSAVG,10.38,N
05/21/2026,18,2,HB_BUSAVG,18.97,N
05/21/2026,18,3,HB_BUSAVG,21.91,N
05/21/2026,18,4,HB_BUSAVG,21.55,N
05/21/2026,19,1,HB_BUSAVG,24.51,N
05/21/2026,19,2,HB_BUSAVG,20.67,N
05/21/2026,19,3,HB_BUSAVG,17.81,N
05/21/2026,19,4,HB_BUSAVG,23.56,N
05/21/2026,20,1,HB_BUSAVG,15.3,N
05/21/2026,20,2,HB_BUSAVG,8.46,N
05/21/2026,20,3,HB_BUSAVG,14.21,N
05/21/2026,20,4,HB_BUSAVG,9.55,N
05/21/2026,21,1,HB_BUSAVG,11.61,N
05/21/2026,21,2,HB_BUSAVG,15.85,N
05/21/2026,21,3,HB_BUSAVG,10.67,N
05/21/2026,21,4,HB_BUSAVG,14.55,N
05/21/2026,22,1,HB_BUSAVG,4.24,N
05/21/2026,22,2,HB_BUSAVG,21.1,N
05/21/2026,22,3,HB_BUSAVG,19.4,N
05/21/2026,22,4,HB_BUSAVG,12.86,N
05/21/2026,23,1,HB_BUSAVG,27.77,N
05/21/2026,23,2,HB_BUSAVG,30.0,N
05/21/2026,23,3,HB_BUSAVG,9.64,N
05/21/2026,23,4,HB_BUSAVG,16.4,N
05/21/2026,24,1,HB_BUSAVG,19.96,N
05/21/2026,24,2,HB_BUSAVG,18.6,N
05/21/2026,24,3,HB_BUSAVG,32.75,N
05/21/2026,24,4,HB_BUSAVG,24.57,N
05/22/2026,1,1,HB_BUSAVG,1227.88,N
05/22/2026,1,2,HB_BUSAVG,13.97,N
05/22/2026,1,3,HB_BUSAVG,35.08,N
05/22/2026,1,4,HB_BUSAVG,20.09,N
05/22/2026,2,1,HB_BUSAVG,34.36,N
05/22/2026,2,2,HB_BUSAVG,36.1,N
05/22/2026,2,3,HB_BUSAVG,44.77,N
05/22/2026,2,4,HB_BUSAVG,23.41,N
05/22/2026,3,1,HB_BUSAVG,13.34,N
05/22/2026,3,2,HB_BUSAVG,38.97,N
05/22/2026,3,3,HB_BUSAVG,51.9,N
05/22/2026,3,4,HB_BUSAVG,47.41,N
05/22/2026,4,1,HB_BUSAVG,42.28,N
05/22/2026,4,2,HB_BUSAVG,36.67,N
05/22/2026,4,3,HB_BUSAVG,47.06,N
05/22/2026,4,4,HB_BUSAVG,32.82,N
05/22/2026,5,1,HB_BUSAVG,46.8,N
05/22/2026,5,2,HB_BUSAVG,47.03,N
05/22/2026,5,3,HB_BUSAVG,51.47,N
05/22/2026,5,4,HB_BUSAVG,315.07,N
05/22/2026,6,1,HB_BUSAVG,47.63,N
05/22/2026,6,2,HB_BUSAVG,40.42,N
05/22/2026,6,3,HB_BUSAVG,44.28,N
05/22/2026,6,4,HB_BUSAVG,280.34,N
05/22/2026,7,1,HB_BUSAVG,39.44,N
05/22/2026,7,2,HB_BUSAVG,41.73,N
05/22/2026,7,3,HB_BUSAVG,40.81,N
05/22/2026,7,4,HB_BUSAVG,46.22,N
05/22/2026,8,1,HB_BUSAVG,37.91,N
05/22/2026,8,2,HB_BUSAVG,53.46,N
05/22/2026,8,3,HB_BUSAVG,44.49,N
05/22/2026,8,4,HB_BUSAVG,44.41,N
05/22/2026,9,1,HB_BUSAVG,40.37,N
05/22/2026,9,2,HB_BUSAVG,44.23,N
05/22/2026,9,3,HB_BUSAVG,49.59,N
05/22/2026,9,4,HB_BUSAVG,36.05,N
05/22/2026,10,1,HB_BUSAVG,35.34,N
05/22/2026,10,2,HB_BUSAVG,38.18,N
05/22/2026,10,3,HB_BUSAVG,29.84,N
05/22/2026,10,4,HB_BUSAVG,-10.95,N
05/22/2026,11,1,HB_BUSAVG,33.69,N
05/22/2026,11,2,HB_BUSAVG,44.5,N
05/22/2026,11,3,HB_BUSAVG,1239.6,N
05/22/2026,11,4,HB_BUSAVG,39.05,N
05/22/2026,12,1,HB_BUSAVG,40.69,N
05/22/2026,12,2,HB_BUSAVG,32.78,N
05/22/2026,12,3,HB_BUSAVG,37.01,N
05/22/2026,12,4,HB_BUSAVG,33.06,N
05/22/2026,13,1,HB_BUSAVG,32.12,N
05/22/2026,13,2,HB_BUSAVG,25.34,N
05/22/2026,13,3,HB_BUSAVG,10.49,N
05/22/2026,13,4,HB_BUSAVG,28.93,N
05/22/2026,14,1,HB_BUSAVG,37.5,N
05/22/2026,14,2,HB_BUSAVG,33.53,N
05/22/2026,14,3,HB_BUSAVG,33.84,N
05/22/2026,14,4,HB_BUSAVG,36.01,N
05/22/2026,15,1,HB_BUSAVG,23.21,N
05/22/2026,15,2,HB_BUSAVG,-20.92,N
05/22/2026,15,3,HB_BUSAVG,17.56,N
05/22/2026,15,4,HB_BUSAVG,19.97,N
05/22/2026,16,1,HB_BUSAVG,24.32,N
05/22/2026,16,2,HB_BUSAVG,29.02,N
05/22/2026,16,3,HB_BUSAVG,18.28,N
05/22/2026,16,4,HB_BUSAVG,15.79,N
05/22/2026,17,1,HB_BUSAVG,17.01,N
05/22/2026,17,2,HB_BUSAVG,21.82,N
05/22/2026,17,3,HB_BUSAVG,5.46,N
05/22/2026,17,4,HB_BUSAVG,-1.36,N
05/22/2026,18,1,HB_BUSAVG,11.11,N
05/22/2026,18,2,HB_BUSAVG,5.75,N
05/22/2026,18,3,HB_BUSAVG,11.45,N
05/22/2026,18,4,HB_BUSAVG,14.33,N
05/22/2026,19,1,HB_BUSAVG,11.37,N
05/22/2026,19,2,HB_BUSAVG,26.62,N
05/22/2026,19,3,HB_BUSAVG,17.61,N
05/22/2026,19,4,HB_BUSAVG,17.4,N
05/22/2026,20,1,HB_BUSAVG,20.49,N
05/22/2026,20,2,HB_BUSAVG,6.4,N
05/22/2026,20,3,HB_BUSAVG,23.82,N
05/22/2026,20,4,HB_BUSAVG,14.9,N
05/22/2026,21,1,HB_BUSAVG,22.37,N
05/22/2026,21,2,HB_BUSAVG,8.43,N
05/22/2026,21,3,HB_BUSAVG,4.58,N
05/22/2026,21,4,HB_BUSAVG,23.55,N
05/22/2026,22,1,HB_BUSAVG,22.4,N
05/22/2026,22,2,HB_BUSAVG,12.18,N
05/22/2026,22,3,HB_BUSAVG,12.44,N
05/22/2026,22,4,HB_BUSAVG,28.4,N
05/22/2026,23,1,HB_BUSAVG,12.98,N
05/22/2026,23,2,HB_BUSAVG,35.64,N
05/22/2026,23,3,HB_BUSAVG,15.3,N
05/22/2026,23,4,HB_BUSAVG,27.61,N
05/22/2026,24,1,HB_BUSAVG,23.49,N
05/22/2026,24,2,HB_BUSAVG,30.94,N
05/22/2026,24,3,HB_BUSAVG,21.76,N
05/22/2026,24,4,HB_BUSAVG,1224.82,N
05/23/2026,1,1,HB_BUSAVG,30.33,N
05/23/2026,1,2,HB_BUSAVG,21.98,N
05/23/2026,1,3,HB_BUSAVG,35.93,N
05/23/2026,1,4,HB_BUSAVG,25.89,N
05/23/2026,2,1,HB_BUSAVG,32.05,N
05/23/2026,2,2,HB_BUSAVG,25.93,N
05/23/2026,2,3,HB_BUSAVG,13.38,N
05/23/2026,2,4,HB_BUSAVG,32.35,N
05/23/2026,3,1,HB_BUSAVG,56.8,N
05/23/2026,3,2,HB_BUSAVG,43.78,N
05/23/2026,3,3,HB_BUSAVG,37.35,N
05/23/2026,3,4,HB_BUSAVG,35.4,N
05/23/2026,4,1,HB_BUSAVG,40.79,N
05/23/2026,4,2,HB_BUSAVG,44.98,N
05/23/2026,4,3,HB_BUSAVG,31.16,N
05/23/2026,4,4,HB_BUSAVG,49.52,N
05/23/2026,5,1,HB_BUSAVG,48.71,N
05/23/2026,5,2,HB_BUSAVG,48.74,N
05/23/2026,5,3,HB_BUSAVG,46.5,N
05/23/2026,5,4,HB_BUSAVG,43.15,N
05/23/2026,6,1,HB_BUSAVG,49.87,N
05/23/2026,6,2,HB_BUSAVG,49.22,N
05/23/2026,6,3,HB_BUSAVG,41.66,N
05/23/2026,6,4,HB_BUSAVG,39.9,N
05/23/2026,7,1,HB_BUSAVG,45.81,N
05/23/2026,7,2,HB_BUSAVG,57.39,N
05/23/2026,7,3,HB_BUSAVG,35.09,N
05/23/2026,7,4,HB_BUSAVG,33.26,N
05/23/2026,8,1,HB_BUSAVG,45.81,N
05/23/2026,8,2,HB_BUSAVG,44.9,N
05/23/2026,8,3,HB_BUSAVG,45.88,N
05/23/2026,8,4,HB_BUSAVG,46.44,N
05/23/2026,9,1,HB_BUSAVG,291.2,N
05/23/2026,9,2,HB_BUSAVG,54.91,N
05/23/2026,9,3,HB_BUSAVG,30.18,N
05/23/2026,9,4,HB_BUSAVG,36.36,N
05/23/2026,10,1,HB_BUSAVG,39.78,N
05/23/2026,10,2,HB_BUSAVG,27.46,N
05/23/2026,10,3,HB_BUSAVG,39.2,N
05/23/2026,10,4,HB_BUSAVG,53.9,N
05/23/2026,11,1,HB_BUSAVG,37.67,N
05/23/2026,11,2,HB_BUSAVG,39.35,N
05/23/2026,11,3,HB_BUSAVG,27.42,N
05/23/2026,11,4,HB_BUSAVG,32.57,N
05/23/2026,12,1,HB_BUSAVG,30.88,N
05/23/2026,12,2,HB_BUSAVG,31.34,N
05/23/2026,12,3,HB_BUSAVG,44.14,N
05/23/2026,12,4,HB_BUSAVG,38.34,N
05/23/2026,13,1,HB_BUSAVG,21.11,N
05/23/2026,13,2,HB_BUSAVG,281.97,N
05/23/2026,13,3,HB_BUSAVG,33.99,N
05/23/2026,13,4,HB_BUSAVG,39.12,N
05/23/2026,14,1,HB_BUSAVG,38.76,N
05/23/2026,14,2,HB_BUSAVG,18.0,N
05/23/2026,14,3,HB_BUSAVG,19.63,N
05/23/2026,14,4,HB_BUSAVG,16.06,N
05/23/2026,15,1,HB_BUSAVG,20.63,N
05/23/2026,15,2,HB_BUSAVG,26.23,N
05/23/2026,15,3,HB_BUSAVG,30.4,N
05/23/2026,15,4,HB_BUSAVG,21.89,N
05/23/2026,16,1,HB_BUSAVG,16.83,N
05/23/2026,16,2,HB_BUSAVG,20.61,N
05/23/2026,16,3,HB_BUSAVG,12.71,N
05/23/2026,16,4,HB_BUSAVG,36.11,N
05/23/2026,17,1,HB_BUSAVG,4.15,N
05/23/2026,17,2,HB_BUSAVG,18.49,N
05/23/2026,17,3,HB_BUSAVG,33.2,N
05/23/2026,17,4,HB_BUSAVG,17.06,N
05/23/2026,18,1,HB_BUSAVG,13.99,N
05/23/2026,18,2,HB_BUSAVG,12.65,N
05/23/2026,18,3,HB_BUSAVG,14.07,N
05/23/2026,18,4,HB_BUSAVG,26.49,N
05/23/2026,19,1,HB_BUSAVG,-2.69,N
05/23/2026,19,2,HB_BUSAVG,27.27,N
05/23/2026,19,3,HB_BUSAVG,3.61,N
05/23/2026,19,4,HB_BUSAVG,12.87,N
05/23/2026,20,1,HB_BUSAVG,12.08,N
05/23/2026,20,2,HB_BUSAVG,20.22,N
05/23/2026,20,3,HB_BUSAVG,2.73,N
05/23/2026,20,4,HB_BUSAVG,19.21,N
05/23/2026,21,1,HB_BUSAVG,33.2,N
05/23/2026,21,2,HB_BUSAVG,6.1,N
05/23/2026,21,3,HB_BUSAVG,18.53,N
05/23/2026,21,4,HB_BUSAVG,11.71,N
05/23/2026,22,1,HB_BUSAVG,22.8,N
05/23/2026,22,2,HB_BUSAVG,19.55,N
05/23/2026,22,3,HB_BUSAVG,14.26,N
05/23/2026,22,4,HB_BUSAVG,23.3,N
05/23/2026,23,1,HB_BUSAVG,36.93,N
05/23/2026,23,2,HB_BUSAVG,20.97,N
05/23/2026,23,3,HB_BUSAVG,28.26,N
05/23/2026,23,4,HB_BUSAVG,12.15,N
05/23/2026,24,1,HB_BUSAVG,18.47,N
05/23/2026,24,2,HB_BUSAVG,29.9,N
05/23/2026,24,3,HB_BUSAVG,37.99,N
05/23/2026,24,4,HB_BUSAVG,28.96,N
05/24/2026,1,1,HB_BUSAVG,27.5,N
05/24/2026,1,2,HB_BUSAVG,29.99,N
05/24/2026,1,3,HB_BUSAVG,20.0,N
05/24/2026,1,4,HB_BUSAVG,34.84,N
05/24/2026,2,1,HB_BUSAVG,40.94,N
05/24/2026,2,2,HB_BUSAVG,30.27,N
05/24/2026,2,3,HB_BUSAVG,30.12,N
05/24/2026,2,4,HB_BUSAVG,36.01,N
05/24/2026,3,1,HB_BUSAVG,34.01,N
05/24/2026,3,2,HB_BUSAVG,36.97,N
05/24/2026,3,3,HB_BUSAVG,54.3,N
05/24/2026,3,4,HB_BUSAVG,35.52,N
05/24/2026,4,1,HB_BUSAVG,37.74,N
05/24/2026,4,2,HB_BUSAVG,35.43,N
05/24/2026,4,3,HB_BUSAVG,46.56,N
05/24/2026,4,4,HB_BUSAVG,39.16,N
05/24/2026,5,1,HB_BUSAVG,37.8,N
05/24/2026,5,2,HB_BUSAVG,53.56,N
05/24/2026,5,3,HB_BUSAVG,54.35,N
05/24/2026,5,4,HB_BUSAVG,38.19,N
05/24/2026,6,1,HB_BUSAVG,29.56,N
05/24/2026,6,2,HB_BUSAVG,52.55,N
05/24/2026,6,3,HB_BUSAVG,39.01,N
05/24/2026,6,4,HB_BUSAVG,50.81,N
05/24/2026,7,1,HB_BUSAVG,29.24,N
05/24/2026,7,2,HB_BUSAVG,52.14,N
05/24/2026,7,3,HB_BUSAVG,35.31,N
05/24/2026,7,4,HB_BUSAVG,50.85,N
05/24/2026,8,1,HB_BUSAVG,44.6,N
05/24/2026,8,2,HB_BUSAVG,36.86,N
05/24/2026,8,3,HB_BUSAVG,41.23,N
05/24/2026,8,4,HB_BUSAVG,49.98,N
05/24/2026,9,1,HB_BUSAVG,43.84,N
05/24/2026,9,2,HB_BUSAVG,47.67,N
05/24/2026,9,3,HB_BUSAVG,58.8,N
05/24/2026,9,4,HB_BUSAVG,30.48,N
05/24/2026,10,1,HB_BUSAVG,53.54,N
05/24/2026,10,2,HB_BUSAVG,41.44,N
05/24/2026,10,3,HB_BUSAVG,33.42,N
05/24/2026,10,4,HB_BUSAVG,29.96,N
05/24/2026,11,1,HB_BUSAVG,35.99,N
05/24/2026,11,2,HB_BUSAVG,44.87,N
05/24/2026,11,3,HB_BUSAVG,36.48,N
05/24/2026,11,4,HB_BUSAVG,49.59,N
05/24/2026,12,1,HB_BUSAVG,22.27,N
05/24/2026,12,2,HB_BUSAVG,33.79,N
05/24/2026,12,3,HB_BUSAVG,23.86,N
05/24/2026,12,4,HB_BUSAVG,36.79,N
05/24/2026,13,1,HB_BUSAVG,37.1,N
05/24/2026,13,2,HB_BUSAVG,26.63,N
05/24/2026,13,3,HB_BUSAVG,9.17,N
05/24/2026,13,4,HB_BUSAVG,31.59,N
05/24/2026,14,1,HB_BUSAVG,29.61,N
05/24/2026,14,2,HB_BUSAVG,29.35,N
05/24/2026,14,3,HB_BUSAVG,36.0,N
05/24/2026,14,4,HB_BUSAVG,17.55,N
05/24/2026,15,1,HB_BUSAVG,27.94,N
05/24/2026,15,2,HB_BUSAVG,32.04,N
05/24/2026,15,3,HB_BUSAVG,8.27,N
05/24/2026,15,4,HB_BUSAVG,25.06,N
05/24/2026,16,1,HB_BUSAVG,15.36,N
05/24/2026,16,2,HB_BUSAVG,18.74,N
05/24/2026,16,3,HB_BUSAVG,22.17,N
05/24/2026,16,4,HB_BUSAVG,15.5,N
05/24/2026,17,1,HB_BUSAVG,11.6,N
05/24/2026,17,2,HB_BUSAVG,17.28,N
05/24/2026,17,3,HB_BUSAVG,8.31,N
05/24/2026,17,4,HB_BUSAVG,8.32,N
05/24/2026,18,1,HB_BUSAVG,20.95,N
05/24/2026,18,2,HB_BUSAVG,6.32,N
05/24/2026,18,3,HB_BUSAVG,20.84,N
05/24/2026,18,4,HB_BUSAVG,19.21,N
05/24/2026,19,1,HB_BUSAVG,-43.81,N
05/24/2026,19,2,HB_BUSAVG,9.58,N
05/24/2026,19,3,HB_BUSAVG,24.55,N
05/24/2026,19,4,HB_BUSAVG,7.15,N
05/24/2026,20,1,HB_BUSAVG,11.8,N
05/24/2026,20,2,HB_BUSAVG,19.21,N
05/24/2026,20,3,HB_BUSAVG,21.78,N
05/24/2026,20,4,HB_BUSAVG,13.5,N
05/24/2026,21,1,HB_BUSAVG,12.23,N
05/24/2026,21,2,HB_BUSAVG,28.39,N
05/24/2026,21,3,HB_BUSAVG,30.92,N
05/24/2026,21,4,HB_BUSAVG,24.84,N
05/24/2026,22,1,HB_BUSAVG,20.08,N
05/24/2026,22,2,HB_BUSAVG,12.93,N
05/24/2026,22,3,HB_BUSAVG,12.75,N
05/24/2026,22,4,HB_BUSAVG,23.57,N
05/24/2026,23,1,HB_BUSAVG,25.85,N
05/24/2026,23,2,HB_BUSAVG,33.71,N
05/24/2026,23,3,HB_BUSAVG,27.7,N
05/24/2026,23,4,HB_BUSAVG,10.48,N
05/24/2026,24,1,HB_BUSAVG,34.53,N
05/24/2026,24,2,HB_BUSAVG,18.13,N
05/24/2026,24,3,HB_BUSAVG,23.05,N
05/24/2026,24,4,HB_BUSAVG,28.12,N
05/25/2026,1,1,HB_BUSAVG,45.97,N
05/25/2026,1,2,HB_BUSAVG,54.88,N
05/25/2026,1,3,HB_BUSAVG,34.85,N
05/25/2026,1,4,HB_BUSAVG,28.53,N
05/25/2026,2,1,HB_BUSAVG,38.16,N
05/25/2026,2,2,HB_BUSAVG,40.98,N
05/25/2026,2,3,HB_BUSAVG,31.32,N
05/25/2026,2,4,HB_BUSAVG,48.24,N
05/25/2026,3,1,HB_BUSAVG,39.34,N
05/25/2026,3,2,HB_BUSAVG,41.48,N
05/25/2026,3,3,HB_BUSAVG,42.83,N
05/25/2026,3,4,HB_BUSAVG,40.87,N
05/25/2026,4,1,HB_BUSAVG,47.32,N
05/25/2026,4,2,HB_BUSAVG,35.67,N
05/25/2026,4,3,HB_BUSAVG,36.14,N
05/25/2026,4,4,HB_BUSAVG,31.81,N
05/25/2026,5,1,HB_BUSAVG,46.51,N
05/25/2026,5,2,HB_BUSAVG,49.22,N
05/25/2026,5,3,HB_BUSAVG,46.65,N
05/25/2026,5,4,HB_BUSAVG,56.39,N
05/25/2026,6,1,HB_BUSAVG,44.44,N
05/25/2026,6,2,HB_BUSAVG,49.84,N
05/25/2026,6,3,HB_BUSAVG,35.76,N
05/25/2026,6,4,HB_BUSAVG,41.39,N
05/25/2026,7,1,HB_BUSAVG,50.56,N
05/25/2026,7,2,HB_BUSAVG,51.79,N
05/25/2026,7,3,HB_BUSAVG,42.65,N
05/25/2026,7,4,HB_BUSAVG,44.43,N
05/25/2026,8,1,HB_BUSAVG,32.35,N
05/25/2026,8,2,HB_BUSAVG,41.63,N
05/25/2026,8,3,HB_BUSAVG,51.61,N
05/25/2026,8,4,HB_BUSAVG,49.09,N
05/25/2026,9,1,HB_BUSAVG,47.0,N
05/25/2026,9,2,HB_BUSAVG,43.39,N
05/25/2026,9,3,HB_BUSAVG,43.05,N
05/25/2026,9,4,HB_BUSAVG,37.71,N
05/25/2026,10,1,HB_BUSAVG,46.2,N
05/25/2026,10,2,HB_BUSAVG,43.97,N
05/25/2026,10,3,HB_BUSAVG,44.54,N
05/25/2026,10,4,HB_BUSAVG,36.4,N
05/25/2026,11,1,HB_BUSAVG,20.27,N
05/25/2026,11,2,HB_BUSAVG,296.28,N
05/25/2026,11,3,HB_BUSAVG,33.67,N
05/25/2026,11,4,HB_BUSAVG,30.6,N
05/25/2026,12,1,HB_BUSAVG,39.43,N
05/25/2026,12,2,HB_BUSAVG,30.75,N
05/25/2026,12,3,HB_BUSAVG,42.36,N
05/25/2026,12,4,HB_BUSAVG,1238.82,N
05/25/2026,13,1,HB_BUSAVG,35.47,N
05/25/2026,13,2,HB_BUSAVG,19.07,N
05/25/2026,13,3,HB_BUSAVG,39.7,N
05/25/2026,13,4,HB_BUSAVG,32.09,N
05/25/2026,14,1,HB_BUSAVG,23.16,N
05/25/2026,14,2,HB_BUSAVG,27.26,N
05/25/2026,14,3,HB_BUSAVG,11.91,N
05/25/2026,14,4,HB_BUSAVG,29.39,N
05/25/2026,15,1,HB_BUSAVG,14.27,N
05/25/2026,15,2,HB_BUSAVG,11.68,N
05/25/2026,15,3,HB_BUSAVG,10.32,N
05/25/2026,15,4,HB_BUSAVG,31.4,N
05/25/2026,16,1,HB_BUSAVG,14.36,N
05/25/2026,16,2,HB_BUSAVG,31.66,N
05/25/2026,16,3,HB_BUSAVG,15.11,N
05/25/2026,16,4,HB_BUSAVG,5.73,N
05/25/2026,17,1,HB_BUSAVG,8.08,N
05/25/2026,17,2,HB_BUSAVG,26.9,N
05/25/2026,17,3,HB_BUSAVG,15.76,N
05/25/2026,17,4,HB_BUSAVG,12.62,N
05/25/2026,18,1,HB_BUSAVG,16.79,N
05/25/2026,18,2,HB_BUSAVG,19.53,N
05/25/2026,18,3,HB_BUSAVG,24.45,N
05/25/2026,18,4,HB_BUSAVG,27.1,N
05/25/2026,19,1,HB_BUSAVG,12.12,N
05/25/2026,19,2,HB_BUSAVG,4.39,N
05/25/2026,19,3,HB_BUSAVG,11.69,N
05/25/2026,19,4,HB_BUSAVG,17.08,N
05/25/2026,20,1,HB_BUSAVG,7.8,N
05/25/2026,20,2,HB_BUSAVG,7.85,N
05/25/2026,20,3,HB_BUSAVG,18.26,N
05/25/2026,20,4,HB_BUSAVG,15.12,N
05/25/2026,21,1,HB_BUSAVG,17.27,N
05/25/2026,21,2,HB_BUSAVG,10.94,N
05/25/2026,21,3,HB_BUSAVG,15.17,N
05/25/2026,21,4,HB_BUSAVG,9.62,N
05/25/2026,22,1,HB_BUSAVG,26.51,N
05/25/2026,22,2,HB_BUSAVG,27.68,N
05/25/2026,22,3,HB_BUSAVG,4.62,N
05/25/2026,22,4,HB_BUSAVG,11.96,N
05/25/2026,23,1,HB_BUSAVG,10.53,N
05/25/2026,23,2,HB_BUSAVG,17.3,N
05/25/2026,23,3,HB_BUSAVG,21.83,N
05/25/2026,23,4,HB_BUSAVG,260.9,N
05/25/2026,24,1,HB_BUSAVG,18.74,N
05/25/2026,24,2,HB_BUSAVG,18.09,N
05/25/2026,24,3,HB_BUSAVG,27.78,N
05/25/2026,24,4,HB_BUSAVG,26.67,N
05/26/2026,1,1,HB_BUSAVG,24.23,N
05/26/2026,1,2,HB_BUSAVG,31.41,N
05/26/2026,1,3,HB_BUSAVG,25.63,N
05/26/2026,1,4,HB_BUSAVG,27.83,N
05/26/2026,2,1,HB_BUSAVG,47.27,N
05/26/2026,2,2,HB_BUSAVG,44.61,N
05/26/2026,2,3,HB_BUSAVG,23.49,N
05/26/2026,2,4,HB_BUSAVG,40.52,N
05/26/2026,3,1,HB_BUSAVG,43.99,N
05/26/2026,3,2,HB_BUSAVG,28.31,N
05/26/2026,3,3,HB_BUSAVG,44.05,N
05/26/2026,3,4,HB_BUSAVG,49.8,N
05/26/2026,4,1,HB_BUSAVG,31.63,N
05/26/2026,4,2,HB_BUSAVG,33.27,N
05/26/2026,4,3,HB_BUSAVG,48.75,N
05/26/2026,4,4,HB_BUSAVG,42.78,N
05/26/2026,5,1,HB_BUSAVG,47.4,N
05/26/2026,5,2,HB_BUSAVG,45.72,N
05/26/2026,5,3,HB_BUSAVG,46.12,N
05/26/2026,5,4,HB_BUSAVG,32.38,N
05/26/2026,6,1,HB_BUSAVG,52.87,N
05/26/2026,6,2,HB_BUSAVG,53.85,N
05/26/2026,6,3,HB_BUSAVG,42.65,N
05/26/2026,6,4,HB_BUSAVG,44.14,N
05/26/2026,7,1,HB_BUSAVG,32.75,N
05/26/2026,7,2,HB_BUSAVG,49.11,N
05/26/2026,7,3,HB_BUSAVG,49.58,N
05/26/2026,7,4,HB_BUSAVG,44.5,N
05/26/2026,8,1,HB_BUSAVG,53.48,N
05/26/2026,8,2,HB_BUSAVG,41.82,N
05/26/2026,8,3,HB_BUSAVG,49.01,N
05/26/2026,8,4,HB_BUSAVG,36.33,N
05/26/2026,9,1,HB_BUSAVG,42.8,N
05/26/2026,9,2,HB_BUSAVG,41.6,N
05/26/2026,9,3,HB_BUSAVG,44.79,N
05/26/2026,9,4,HB_BUSAVG,40.03,N
05/26/2026,10,1,HB_BUSAVG,39.55,N
05/26/2026,10,2,HB_BUSAVG,47.21,N
05/26/2026,10,3,HB_BUSAVG,37.11,N
05/26/2026,10,4,HB_BUSAVG,27.75,N
05/26/2026,11,1,HB_BUSAVG,51.5,N
05/26/2026,11,2,HB_BUSAVG,48.55,N
05/26/2026,11,3,HB_BUSAVG,27.16,N
05/26/2026,11,4,HB_BUSAVG,43.02,N
05/26/2026,12,1,HB_BUSAVG,29.86,N
05/26/2026,12,2,HB_BUSAVG,35.99,N
05/26/2026,12,3,HB_BUSAVG,36.24,N
05/26/2026,12,4,HB_BUSAVG,32.01,N
05/26/2026,13,1,HB_BUSAVG,23.73,N
05/26/2026,13,2,HB_BUSAVG,24.48,N
05/26/2026,13,3,HB_BUSAVG,22.67,N
05/26/2026,13,4,HB_BUSAVG,23.35,N
05/26/2026,14,1,HB_BUSAVG,25.58,N
05/26/2026,14,2,HB_BUSAVG,20.39,N
05/26/2026,14,3,HB_BUSAVG,31.57,N
05/26/2026,14,4,HB_BUSAVG,288.02,N
05/26/2026,15,1,HB_BUSAVG,17.86,N
05/26/2026,15,2,HB_BUSAVG,24.42,N
05/26/2026,15,3,HB_BUSAVG,26.5,N
05/26/2026,15,4,HB_BUSAVG,26.28,N
05/26/2026,16,1,HB_BUSAVG,20.0,N
05/26/2026,16,2,HB_BUSAVG,25.33,N
05/26/2026,16,3,HB_BUSAVG,23.25,N
05/26/2026,16,4,HB_BUSAVG,9.49,N
05/26/2026,17,1,HB_BUSAVG,23.96,N
05/26/2026,17,2,HB_BUSAVG,24.11,N
05/26/2026,17,3,HB_BUSAVG,10.9,N
05/26/2026,17,4,HB_BUSAVG,17.31,N
05/26/2026,18,1,HB_BUSAVG,20.98,N
05/26/2026,18,2,HB_BUSAVG,13.84,N
05/26/2026,18,3,HB_BUSAVG,24.09,N
05/26/2026,18,4,HB_BUSAVG,34.42,N
05/26/2026,19,1,HB_BUSAVG,8.71,N
05/26/2026,19,2,HB_BUSAVG,3.95,N
05/26/2026,19,3,HB_BUSAVG,17.43,N
05/26/2026,19,4,HB_BUSAVG,20.77,N
05/26/2026,20,1,HB_BUSAVG,13.66,N
05/26/2026,20,2,HB_BUSAVG,27.14,N
05/26/2026,20,3,HB_BUSAVG,4.8,N
05/26/2026,20,4,HB_BUSAVG,21.05,N
05/26/2026,21,1,HB_BUSAVG,12.16,N
05/26/2026,21,2,HB_BUSAVG,30.76,N
05/26/2026,21,3,HB_BUSAVG,32.95,N
05/26/2026,21,4,HB_BUSAVG,10.88,N
05/26/2026,22,1,HB_BUSAVG,15.0,N
05/26/2026,22,2,HB_BUSAVG,26.27,N
05/26/2026,22,3,HB_BUSAVG,16.3,N
05/26/2026,22,4,HB_BUSAVG,19.03,N
05/26/2026,23,1,HB_BUSAVG,22.7,N
05/26/2026,23,2,HB_BUSAVG,7.14,N
05/26/2026,23,3,HB_BUSAVG,22.39,N
05/26/2026,23,4,HB_BUSAVG,16.98,N
05/26/2026,24,1,HB_BUSAVG,22.17,N
05/26/2026,24,2,HB_BUSAVG,37.67,N
05/26/2026,24,3,HB_BUSAVG,266.07,N
05/26/2026,24,4,HB_BUSAVG,32.62,N
05/27/2026,1,1,HB_BUSAVG,27.77,N
05/27/2026,1,2,HB_BUSAVG,27.76,N
05/27/2026,1,3,HB_BUSAVG,36.32,N
05/27/2026,1,4,HB_BUSAVG,32.72,N
05/27/2026,2,1,HB_BUSAVG,38.45,N
05/27/2026,2,2,HB_BUSAVG,41.63,N
05/27/2026,2,3,HB_BUSAVG,31.23,N
05/27/2026,2,4,HB_BUSAVG,28.98,N
05/27/2026,3,1,HB_BUSAVG,28.82,N
05/27/2026,3,2,HB_BUSAVG,30.9,N
05/27/2026,3,3,HB_BUSAVG,61.09,N
05/27/2026,3,4,HB_BUSAVG,47.46,N
05/27/2026,4,1,HB_BUSAVG,29.8,N
05/27/2026,4,2,HB_BUSAVG,30.03,N
05/27/2026,4,3,HB_BUSAVG,44.46,N
05/27/2026,4,4,HB_BUSAVG,44.98,N
05/27/2026,5,1,HB_BUSAVG,47.38,N
05/27/2026,5,2,HB_BUSAVG,40.95,N
05/27/2026,5,3,HB_BUSAVG,41.99,N
05/27/2026,5,4,HB_BUSAVG,45.61,N
05/27/2026,6,1,HB_BUSAVG,45.18,N
05/27/2026,6,2,HB_BUSAVG,26.73,N
05/27/2026,6,3,HB_BUSAVG,42.65,N
05/27/2026,6,4,HB_BUSAVG,37.68,N
05/27/2026,7,1,HB_BUSAVG,46.4,N
05/27/2026,7,2,HB_BUSAVG,68.88,N
05/27/2026,7,3,HB_BUSAVG,47.94,N
05/27/2026,7,4,HB_BUSAVG,42.49,N
05/27/2026,8,1,HB_BUSAVG,51.86,N
05/27/2026,8,2,HB_BUSAVG,48.35,N
05/27/2026,8,3,HB_BUSAVG,47.85,N
05/27/2026,8,4,HB_BUSAVG,49.34,N
05/27/2026,9,1,HB_BUSAVG,59.44,N
05/27/2026,9,2,HB_BUSAVG,33.94,N
05/27/2026,9,3,HB_BUSAVG,46.78,N
05/27/2026,9,4,HB_BUSAVG,35.58,N
05/27/2026,10,1,HB_BUSAVG,45.05,N
05/27/2026,10,2,HB_BUSAVG,33.26,N
05/27/2026,10,3,HB_BUSAVG,37.27,N
05/27/2026,10,4,HB_BUSAVG,38.25,N
05/27/2026,11,1,HB_BUSAVG,45.31,N
05/27/2026,11,2,HB_BUSAVG,44.85,N
05/27/2026,11,3,HB_BUSAVG,27.53,N
05/27/2026,11,4,HB_BUSAVG,37.94,N
05/27/2026,12,1,HB_BUSAVG,28.21,N
05/27/2026,12,2,HB_BUSAVG,23.81,N
05/27/2026,12,3,HB_BUSAVG,32.15,N
05/27/2026,12,4,HB_BUSAVG,31.41,N
05/27/2026,13,1,HB_BUSAVG,49.41,N
05/27/2026,13,2,HB_BUSAVG,33.46,N
05/27/2026,13,3,HB_BUSAVG,18.98,N
05/27/2026,13,4,HB_BUSAVG,25.48,N
05/27/2026,14,1,HB_BUSAVG,34.29,N
05/27/2026,14,2,HB_BUSAVG,42.83,N
05/27/2026,14,3,HB_BUSAVG,13.43,N
05/27/2026,14,4,HB_BUSAVG,11.08,N
05/27/2026,15,1,HB_BUSAVG,37.47,N
05/27/2026,15,2,HB_BUSAVG,25.62,N
05/27/2026,15,3,HB_BUSAVG,15.55,N
05/27/2026,15,4,HB_BUSAVG,26.78,N
05/27/2026,16,1,HB_BUSAVG,-1.69,N
05/27/2026,16,2,HB_BUSAVG,19.42,N
05/27/2026,16,3,HB_BUSAVG,22.02,N
05/27/2026,16,4,HB_BUSAVG,26.79,N
05/27/2026,17,1,HB_BUSAVG,8.9,N
05/27/2026,17,2,HB_BUSAVG,17.7,N
05/27/2026,17,3,HB_BUSAVG,9.61,N
05/27/2026,17,4,HB_BUSAVG,19.05,N
05/27/2026,18,1,HB_BUSAVG,8.35,N
05/27/2026,18,2,HB_BUSAVG,12.25,N
05/27/2026,18,3,HB_BUSAVG,7.54,N
05/27/2026,18,4,HB_BUSAVG,20.72,N
05/27/2026,19,1,HB_BUSAVG,21.87,N
05/27/2026,19,2,HB_BUSAVG,13.12,N
05/27/2026,19,3,HB_BUSAVG,15.31,N
05/27/2026,19,4,HB_BUSAVG,3.41,N
05/27/2026,20,1,HB_BUSAVG,13.11,N
05/27/2026,20,2,HB_BUSAVG,15.11,N
05/27/2026,20,3,HB_BUSAVG,36.48,N
05/27/2026,20,4,HB_BUSAVG,256.62,N
05/27/2026,21,1,HB_BUSAVG,28.72,N
05/27/2026,21,2,HB_BUSAVG,24.98,N
05/27/2026,21,3,HB_BUSAVG,19.25,N
05/27/2026,21,4,HB_BUSAVG,31.08,N
05/27/2026,22,1,HB_BUSAVG,22.37,N
05/27/2026,22,2,HB_BUSAVG,22.51,N
05/27/2026,22,3,HB_BUSAVG,18.97,N
05/27/2026,22,4,HB_BUSAVG,29.18,N
05/27/2026,23,1,HB_BUSAVG,31.27,N
05/27/2026,23,2,HB_BUSAVG,17.49,N
05/27/2026,23,3,HB_BUSAVG,11.95,N
05/27/2026,23,4,HB_BUSAVG,20.88,N
05/27/2026,24,1,HB_BUSAVG,19.72,N
05/27/2026,24,2,HB_BUSAVG,25.61,N
05/27/2026,24,3,HB_BUSAVG,36.02,N
05/27/2026,24,4,HB_BUSAVG,22.46,N
05/28/2026,1,1,HB_BUSAVG,29.66,N
05/28/2026,1,2,HB_BUSAVG,30.46,N
05/28/2026,1,3,HB_BUSAVG,36.79,N
05/28/2026,1,4,HB_BUSAVG,12.02,N
05/28/2026,2,1,HB_BUSAVG,29.03,N
05/28/2026,2,2,HB_BUSAVG,-9.43,N
05/28/2026,2,3,HB_BUSAVG,43.48,N
05/28/2026,2,4,HB_BUSAVG,29.95,N
05/28/2026,3,1,HB_BUSAVG,22.49,N
05/28/2026,3,2,HB_BUSAVG,42.46,N
05/28/2026,3,3,HB_BUSAVG,32.42,N
05/28/2026,3,4,HB_BUSAVG,27.98,N
05/28/2026,4,1,HB_BUSAVG,35.61,N
05/28/2026,4,2,HB_BUSAVG,39.13,N
05/28/2026,4,3,HB_BUSAVG,35.77,N
05/28/2026,4,4,HB_BUSAVG,22.96,N
05/28/2026,5,1,HB_BUSAVG,50.17,N
05/28/2026,5,2,HB_BUSAVG,53.19,N
05/28/2026,5,3,HB_BUSAVG,48.2,N
05/28/2026,5,4,HB_BUSAVG,33.89,N
05/28/2026,6,1,HB_BUSAVG,42.88,N
05/28/2026,6,2,HB_BUSAVG,44.44,N
05/28/2026,6,3,HB_BUSAVG,49.28,N
05/28/2026,6,4,HB_BUSAVG,49.84,N
05/28/2026,7,1,HB_BUSAVG,39.13,N
05/28/2026,7,2,HB_BUSAVG,45.66,N
05/28/2026,7,3,HB_BUSAVG,48.66,N
05/28/2026,7,4,HB_BUSAVG,56.65,N
05/28/2026,8,1,HB_BUSAVG,50.12,N
05/28/2026,8,2,HB_BUSAVG,50.8,N
05/28/2026,8,3,HB_BUSAVG,295.16,N
05/28/2026,8,4,HB_BUSAVG,55.77,N
05/28/2026,9,1,HB_BUSAVG,46.27,N
05/28/2026,9,2,HB_BUSAVG,36.1,N
05/28/2026,9,3,HB_BUSAVG,54.22,N
05/28/2026,9,4,HB_BUSAVG,48.57,N
05/28/2026,10,1,HB_BUSAVG,37.06,N
05/28/2026,10,2,HB_BUSAVG,36.77,N
05/28/2026,10,3,HB_BUSAVG,42.98,N
05/28/2026,10,4,HB_BUSAVG,44.31,N
05/28/2026,11,1,HB_BUSAVG,39.08,N
05/28/2026,11,2,HB_BUSAVG,39.99,N
05/28/2026,11,3,HB_BUSAVG,51.1,N
05/28/2026,11,4,HB_BUSAVG,46.07,N
05/28/2026,12,1,HB_BUSAVG,35.41,N
05/28/2026,12,2,HB_BUSAVG,41.41,N
05/28/2026,12,3,HB_BUSAVG,25.62,N
05/28/2026,12,4,HB_BUSAVG,37.07,N
05/28/2026,13,1,HB_BUSAVG,44.47,N
05/28/2026,13,2,HB_BUSAVG,28.26,N
05/28/2026,13,3,HB_BUSAVG,23.22,N
05/28/2026,13,4,HB_BUSAVG,-20.22,N
05/28/2026,14,1,HB_BUSAVG,17.4,N
05/28/2026,14,2,HB_BUSAVG,19.84,N
05/28/2026,14,3,HB_BUSAVG,23.15,N
05/28/2026,14,4,HB_BUSAVG,14.87,N
05/28/2026,15,1,HB_BUSAVG,272.62,N
05/28/2026,15,2,HB_BUSAVG,29.72,N
05/28/2026,15,3,HB_BUSAVG,15.24,N
05/28/2026,15,4,HB_BUSAVG,34.65,N
05/28/2026,16,1,HB_BUSAVG,23.48,N
05/28/2026,16,2,HB_BUSAVG,27.64,N
05/28/2026,16,3,HB_BUSAVG,14.13,N
05/28/2026,16,4,HB_BUSAVG,26.23,N
05/28/2026,17,1,HB_BUSAVG,8.27,N
05/28/2026,17,2,HB_BUSAVG,24.13,N
05/28/2026,17,3,HB_BUSAVG,18.38,N
05/28/2026,17,4,HB_BUSAVG,21.44,N
05/28/2026,18,1,HB_BUSAVG,6.11,N
05/28/2026,18,2,HB_BUSAVG,8.35,N
05/28/2026,18,3,HB_BUSAVG,20.29,N
05/28/2026,18,4,HB_BUSAVG,7.92,N
05/28/2026,19,1,HB_BUSAVG,18.71,N
05/28/2026,19,2,HB_BUSAVG,4.06,N
05/28/2026,19,3,HB_BUSAVG,21.79,N
05/28/2026,19,4,HB_BUSAVG,5.14,N
05/28/2026,20,1,HB_BUSAVG,19.93,N
05/28/2026,20,2,HB_BUSAVG,20.52,N
05/28/2026,20,3,HB_BUSAVG,9.94,N
05/28/2026,20,4,HB_BUSAVG,20.17,N
05/28/2026,21,1,HB_BUSAVG,19.09,N
05/28/2026,21,2,HB_BUSAVG,12.7,N
05/28/2026,21,3,HB_BUSAVG,8.94,N
05/28/2026,21,4,HB_BUSAVG,1.31,N
05/28/2026,22,1,HB_BUSAVG,22.19,N
05/28/2026,22,2,HB_BUSAVG,6.87,N
05/28/2026,22,3,HB_BUSAVG,20.16,N
05/28/2026,22,4,HB_BUSAVG,1217.29,N
05/28/2026,23,1,HB_BUSAVG,27.93,N
05/28/2026,23,2,HB_BUSAVG,20.08,N
05/28/2026,23,3,HB_BUSAVG,19.86,N
05/28/2026,23,4,HB_BUSAVG,28.35,N
05/28/2026,24,1,HB_BUSAVG,28.8,N
05/28/2026,24,2,HB_BUSAVG,28.65,N
05/28/2026,24,3,HB_BUSAVG,29.87,N
05/28/2026,24,4,HB_BUSAVG,13.83,N
05/29/2026,1,1,HB_BUSAVG,36.05,N
05/29/2026,1,2,HB_BUSAVG,34.9,N
05/29/2026,1,3,HB_BUSAVG,21.87,N
05/29/2026,1,4,HB_BUSAVG,28.05,N
05/29/2026,2,1,HB_BUSAVG,33.57,N
05/29/2026,2,2,HB_BUSAVG,32.81,N
05/29/2026,2,3,HB_BUSAVG,36.55,N
05/29/2026,2,4,HB_BUSAVG,45.33,N
05/29/2026,3,1,HB_BUSAVG,46.15,N
05/29/2026,3,2,HB_BUSAVG,27.0,N
05/29/2026,3,3,HB_BUSAVG,42.48,N
05/29/2026,3,4,HB_BUSAVG,48.13,N
05/29/2026,4,1,HB_BUSAVG,43.7,N
05/29/2026,4,2,HB_BUSAVG,49.33,N
05/29/2026,4,3,HB_BUSAVG,56.7,N
05/29/2026,4,4,HB_BUSAVG,48.8,N
05/29/2026,5,1,HB_BUSAVG,44.98,N
05/29/2026,5,2,HB_BUSAVG,51.35,N
05/29/2026,5,3,HB_BUSAVG,44.15,N
05/29/2026,5,4,HB_BUSAVG,43.18,N
05/29/2026,6,1,HB_BUSAVG,41.68,N
05/29/2026,6,2,HB_BUSAVG,57.0,N
05/29/2026,6,3,HB_BUSAVG,37.94,N
05/29/2026,6,4,HB_BUSAVG,56.75,N
05/29/2026,7,1,HB_BUSAVG,49.0,N
05/29/2026,7,2,HB_BUSAVG,33.81,N
05/29/2026,7,3,HB_BUSAVG,47.94,N
05/29/2026,7,4,HB_BUSAVG,28.2,N
05/29/2026,8,1,HB_BUSAVG,49.49,N
05/29/2026,8,2,HB_BUSAVG,51.57,N
05/29/2026,8,3,HB_BUSAVG,39.75,N
05/29/2026,8,4,HB_BUSAVG,45.48,N
05/29/2026,9,1,HB_BUSAVG,58.62,N
05/29/2026,9,2,HB_BUSAVG,38.94,N
05/29/2026,9,3,HB_BUSAVG,34.52,N
05/29/2026,9,4,HB_BUSAVG,54.84,N
05/29/2026,10,1,HB_BUSAVG,56.31,N
05/29/2026,10,2,HB_BUSAVG,40.64,N
05/29/2026,10,3,HB_BUSAVG,48.7,N
05/29/2026,10,4,HB_BUSAVG,51.34,N
05/29/2026,11,1,HB_BUSAVG,31.56,N
05/29/2026,11,2,HB_BUSAVG,33.62,N
05/29/2026,11,3,HB_BUSAVG,47.35,N
05/29/2026,11,4,HB_BUSAVG,50.98,N
05/29/2026,12,1,HB_BUSAVG,38.39,N
05/29/2026,12,2,HB_BUSAVG,26.84,N
05/29/2026,12,3,HB_BUSAVG,49.78,N
05/29/2026,12,4,HB_BUSAVG,29.63,N
05/29/2026,13,1,HB_BUSAVG,27.32,N
05/29/2026,13,2,HB_BUSAVG,32.74,N
05/29/2026,13,3,HB_BUSAVG,42.43,N
05/29/2026,13,4,HB_BUSAVG,36.83,N
05/29/2026,14,1,HB_BUSAVG,29.44,N
05/29/2026,14,2,HB_BUSAVG,29.82,N
05/29/2026,14,3,HB_BUSAVG,26.47,N
05/29/2026,14,4,HB_BUSAVG,30.58,N
05/29/2026,15,1,HB_BUSAVG,2.26,N
05/29/2026,15,2,HB_BUSAVG,20.13,N
05/29/2026,15,3,HB_BUSAVG,274.43,N
05/29/2026,15,4,HB_BUSAVG,13.29,N
05/29/2026,16,1,HB_BUSAVG,22.48,N
05/29/2026,16,2,HB_BUSAVG,17.76,N
05/29/2026,16,3,HB_BUSAVG,33.44,N
05/29/2026,16,4,HB_BUSAVG,31.98,N
05/29/2026,17,1,HB_BUSAVG,13.28,N
05/29/2026,17,2,HB_BUSAVG,1215.8,N
05/29/2026,17,3,HB_BUSAVG,16.42,N
05/29/2026,17,4,HB_BUSAVG,13.4,N
05/29/2026,18,1,HB_BUSAVG,17.07,N
05/29/2026,18,2,HB_BUSAVG,9.44,N
05/29/2026,18,3,HB_BUSAVG,6.47,N
05/29/2026,18,4,HB_BUSAVG,20.49,N
05/29/2026,19,1,HB_BUSAVG,20.04,N
05/29/2026,19,2,HB_BUSAVG,8.57,N
05/29/2026,19,3,HB_BUSAVG,22.16,N
05/29/2026,19,4,HB_BUSAVG,9.95,N
05/29/2026,20,1,HB_BUSAVG,17.54,N
05/29/2026,20,2,HB_BUSAVG,22.07,N
05/29/2026,20,3,HB_BUSAVG,15.24,N
05/29/2026,20,4,HB_BUSAVG,19.15,N
05/29/2026,21,1,HB_BUSAVG,12.88,N
05/29/2026,21,2,HB_BUSAVG,15.44,N
05/29/2026,21,3,HB_BUSAVG,15.36,N
05/29/2026,21,4,HB_BUSAVG,11.04,N
05/29/2026,22,1,HB_BUSAVG,17.98,N
05/29/2026,22,2,HB_BUSAVG,7.0,N
05/29/2026,22,3,HB_BUSAVG,15.46,N
05/29/2026,22,4,HB_BUSAVG,17.11,N
05/29/2026,23,1,HB_BUSAVG,20.45,N
05/29/2026,23,2,HB_BUSAVG,20.57,N
05/29/2026,23,3,HB_BUSAVG,22.01,N
05/29/2026,23,4,HB_BUSAVG,26.34,N
05/29/2026,24,1,HB_BUSAVG,33.11,N
05/29/2026,24,2,HB_BUSAVG,20.92,N
05/29/2026,24,3,HB_BUSAVG,16.49,N
05/29/2026,24,4,HB_BUSAVG,17.78,N
05/30/2026,1,1,HB_BUSAVG,26.1,N
05/30/2026,1,2,HB_BUSAVG,27.18,N
05/30/2026,1,3,HB_BUSAVG,23.84,N
05/30/2026,1,4,HB_BUSAVG,19.63,N
05/30/2026,2,1,HB_BUSAVG,30.23,N
05/30/2026,2,2,HB_BUSAVG,35.33,N
05/30/2026,2,3,HB_BUSAVG,38.64,N
05/30/2026,2,4,HB_BUSAVG,29.42,N
05/30/2026,3,1,HB_BUSAVG,34.2,N
05/30/2026,3,2,HB_BUSAVG,30.09,N
05/30/2026,3,3,HB_BUSAVG,37.25,N
05/30/2026,3,4,HB_BUSAVG,30.71,N
05/30/2026,4,1,HB_BUSAVG,45.19,N
05/30/2026,4,2,HB_BUSAVG,26.32,N
05/30/2026,4,3,HB_BUSAVG,37.73,N
05/30/2026,4,4,HB_BUSAVG,43.02,N
05/30/2026,5,1,HB_BUSAVG,44.46,N
05/30/2026,5,2,HB_BUSAVG,64.53,N
05/30/2026,5,3,HB_BUSAVG,45.79,N
05/30/2026,5,4,HB_BUSAVG,34.96,N
05/30/2026,6,1,HB_BUSAVG,43.73,N
05/30/2026,6,2,HB_BUSAVG,30.28,N
05/30/2026,6,3,HB_BUSAVG,43.84,N
05/30/2026,6,4,HB_BUSAVG,37.82,N
05/30/2026,7,1,HB_BUSAVG,52.32,N
05/30/2026,7,2,HB_BUSAVG,40.6,N
05/30/2026,7,3,HB_BUSAVG,44.07,N
05/30/2026,7,4,HB_BUSAVG,39.92,N
05/30/2026,8,1,HB_BUSAVG,58.4,N
05/30/2026,8,2,HB_BUSAVG,41.92,N
05/30/2026,8,3,HB_BUSAVG,59.15,N
05/30/2026,8,4,HB_BUSAVG,51.0,N
05/30/2026,9,1,HB_BUSAVG,46.85,N
05/30/2026,9,2,HB_BUSAVG,45.94,N
05/30/2026,9,3,HB_BUSAVG,46.14,N
05/30/2026,9,4,HB_BUSAVG,27.57,N
05/30/2026,10,1,HB_BUSAVG,38.38,N
05/30/2026,10,2,HB_BUSAVG,47.37,N
05/30/2026,10,3,HB_BUSAVG,40.22,N
05/30/2026,10,4,HB_BUSAVG,29.37,N
05/30/2026,11,1,HB_BUSAVG,37.08,N
05/30/2026,11,2,HB_BUSAVG,51.13,N
05/30/2026,11,3,HB_BUSAVG,47.48,N
05/30/2026,11,4,HB_BUSAVG,37.0,N
05/30/2026,12,1,HB_BUSAVG,41.49,N
05/30/2026,12,2,HB_BUSAVG,30.95,N
05/30/2026,12,3,HB_BUSAVG,20.25,N
05/30/2026,12,4,HB_BUSAVG,26.49,N
05/30/2026,13,1,HB_BUSAVG,42.5,N
05/30/2026,13,2,HB_BUSAVG,27.81,N
05/30/2026,13,3,HB_BUSAVG,28.05,N
05/30/2026,13,4,HB_BUSAVG,27.6,N
05/30/2026,14,1,HB_BUSAVG,41.35,N
05/30/2026,14,2,HB_BUSAVG,39.13,N
05/30/2026,14,3,HB_BUSAVG,43.87,N
05/30/2026,14,4,HB_BUSAVG,24.85,N
05/30/2026,15,1,HB_BUSAVG,24.86,N
05/30/2026,15,2,HB_BUSAVG,10.37,N
05/30/2026,15,3,HB_BUSAVG,34.32,N
05/30/2026,15,4,HB_BUSAVG,13.16,N
05/30/2026,16,1,HB_BUSAVG,21.13,N
05/30/2026,16,2,HB_BUSAVG,10.61,N
05/30/2026,16,3,HB_BUSAVG,14.68,N
05/30/2026,16,4,HB_BUSAVG,12.7,N
05/30/2026,17,1,HB_BUSAVG,12.15,N
05/30/2026,17,2,HB_BUSAVG,12.7,N
05/30/2026,17,3,HB_BUSAVG,12.62,N
05/30/2026,17,4,HB_BUSAVG,23.68,N
05/30/2026,18,1,HB_BUSAVG,6.67,N
05/30/2026,18,2,HB_BUSAVG,17.28,N
05/30/2026,18,3,HB_BUSAVG,25.25,N
05/30/2026,18,4,HB_BUSAVG,11.41,N
05/30/2026,19,1,HB_BUSAVG,9.26,N
05/30/2026,19,2,HB_BUSAVG,13.16,N
05/30/2026,19,3,HB_BUSAVG,24.44,N
05/30/2026,19,4,HB_BUSAVG,16.55,N
05/30/2026,20,1,HB_BUSAVG,11.26,N
05/30/2026,20,2,HB_BUSAVG,19.38,N
05/30/2026,20,3,HB_BUSAVG,6.69,N
05/30/2026,20,4,HB_BUSAVG,20.96,N
05/30/2026,21,1,HB_BUSAVG,20.28,N
05/30/2026,21,2,HB_BUSAVG,14.55,N
05/30/2026,21,3,HB_BUSAVG,10.3,N
05/30/2026,21,4,HB_BUSAVG,9.92,N
05/30/2026,22,1,HB_BUSAVG,23.67,N
05/30/2026,22,2,HB_BUSAVG,29.23,N
05/30/2026,22,3,HB_BUSAVG,14.29,N
05/30/2026,22,4,HB_BUSAVG,23.06,N
05/30/2026,23,1,HB_BUSAVG,5.8,N
05/30/2026,23,2,HB_BUSAVG,17.82,N
05/30/2026,23,3,HB_BUSAVG,22.25,N
05/30/2026,23,4,HB_BUSAVG,15.22,N
05/30/2026,24,1,HB_BUSAVG,18.63,N
05/30/2026,24,2,HB_BUSAVG,20.78,N
05/30/2026,24,3,HB_BUSAVG,28.46,N
05/30/2026,24,4,HB_BUSAVG,24.62,N
05/31/2026,1,1,HB_BUSAVG,12.09,N
05/31/2026,1,2,HB_BUSAVG,13.03,N
05/31/2026,1,3,HB_BUSAVG,25.15,N
05/31/2026,1,4,HB_BUSAVG,33.66,N
05/31/2026,2,1,HB_BUSAVG,11.9,N
05/31/2026,2,2,HB_BUSAVG,29.88,N
05/31/2026,2,3,HB_BUSAVG,29.67,N
05/31/2026,2,4,HB_BUSAVG,44.99,N
05/31/2026,3,1,HB_BUSAVG,34.42,N
05/31/2026,3,2,HB_BUSAVG,40.56,N
05/31/2026,3,3,HB_BUSAVG,38.63,N
05/31/2026,3,4,HB_BUSAVG,20.46,N
05/31/2026,4,1,HB_BUSAVG,46.75,N
05/31/2026,4,2,HB_BUSAVG,42.33,N
05/31/2026,4,3,HB_BUSAVG,44.67,N
05/31/2026,4,4,HB_BUSAVG,72.02,N
05/31/2026,5,1,HB_BUSAVG,26.32,N
05/31/2026,5,2,HB_BUSAVG,56.79,N
05/31/2026,5,3,HB_BUSAVG,40.69,N
05/31/2026,5,4,HB_BUSAVG,45.29,N
05/31/2026,6,1,HB_BUSAVG,44.12,N
05/31/2026,6,2,HB_BUSAVG,41.09,N
05/31/2026,6,3,HB_BUSAVG,39.93,N
05/31/2026,6,4,HB_BUSAVG,47.12,N
05/31/2026,7,1,HB_BUSAVG,32.86,N
05/31/2026,7,2,HB_BUSAVG,51.0,N
05/31/2026,7,3,HB_BUSAVG,41.67,N
05/31/2026,7,4,HB_BUSAVG,35.96,N
05/31/2026,8,1,HB_BUSAVG,40.89,N
05/31/2026,8,2,HB_BUSAVG,54.55,N
05/31/2026,8,3,HB_BUSAVG,40.21,N
05/31/2026,8,4,HB_BUSAVG,47.36,N
05/31/2026,9,1,HB_BUSAVG,37.14,N
05/31/2026,9,2,HB_BUSAVG,49.05,N
05/31/2026,9,3,HB_BUSAVG,48.47,N
05/31/2026,9,4,HB_BUSAVG,57.78,N
05/31/2026,10,1,HB_BUSAVG,39.2,N
05/31/2026,10,2,HB_BUSAVG,45.96,N
05/31/2026,10,3,HB_BUSAVG,41.39,N
05/31/2026,10,4,HB_BUSAVG,50.97,N
05/31/2026,11,1,HB_BUSAVG,31.75,N
05/31/2026,11,2,HB_BUSAVG,43.46,N
05/31/2026,11,3,HB_BUSAVG,35.94,N
05/31/2026,11,4,HB_BUSAVG,36.99,N
05/31/2026,12,1,HB_BUSAVG,34.62,N
05/31/2026,12,2,HB_BUSAVG,35.9,N
05/31/2026,12,3,HB_BUSAVG,32.95,N
05/31/2026,12,4,HB_BUSAVG,35.6,N
05/31/2026,13,1,HB_BUSAVG,42.62,N
05/31/2026,13,2,HB_BUSAVG,37.88,N
05/31/2026,13,3,HB_BUSAVG,36.95,N
05/31/2026,13,4,HB_BUSAVG,26.36,N
05/31/2026,14,1,HB_BUSAVG,19.0,N
05/31/2026,14,2,HB_BUSAVG,33.76,N
05/31/2026,14,3,HB_BUSAVG,33.13,N
05/31/2026,14,4,HB_BUSAVG,37.9,N
05/31/2026,15,1,HB_BUSAVG,17.67,N
05/31/2026,15,2,HB_BUSAVG,20.66,N
05/31/2026,15,3,HB_BUSAVG,9.38,N
05/31/2026,15,4,HB_BUSAVG,19.36,N
05/31/2026,16,1,HB_BUSAVG,27.37,N
05/31/2026,16,2,HB_BUSAVG,15.66,N
05/31/2026,16,3,HB_BUSAVG,24.52,N
05/31/2026,16,4,HB_BUSAVG,17.87,N
05/31/2026,17,1,HB_BUSAVG,19.6,N
05/31/2026,17,2,HB_BUSAVG,7.83,N
05/31/2026,17,3,HB_BUSAVG,17.69,N
05/31/2026,17,4,HB_BUSAVG,-6.92,N
05/31/2026,18,1,HB_BUSAVG,14.02,N
05/31/2026,18,2,HB_BUSAVG,2.47,N
05/31/2026,18,3,HB_BUSAVG,25.16,N
05/31/2026,18,4,HB_BUSAVG,21.73,N
05/31/2026,19,1,HB_BUSAVG,18.73,N
05/31/2026,19,2,HB_BUSAVG,27.17,N
05/31/2026,19,3,HB_BUSAVG,7.41,N
05/31/2026,19,4,HB_BUSAVG,28.98,N
05/31/2026,20,1,HB_BUSAVG,22.97,N
05/31/2026,20,2,HB_BUSAVG,13.62,N
05/31/2026,20,3,HB_BUSAVG,24.6,N
05/31/2026,20,4,HB_BUSAVG,6.66,N
05/31/2026,21,1,HB_BUSAVG,10.41,N
05/31/2026,21,2,HB_BUSAVG,12.14,N
05/31/2026,21,3,HB_BUSAVG,12.78,N
05/31/2026,21,4,HB_BUSAVG,8.56,N
05/31/2026,22,1,HB_BUSAVG,29.18,N
05/31/2026,22,2,HB_BUSAVG,17.32,N
05/31/2026,22,3,HB_BUSAVG,22.21,N
05/31/2026,22,4,HB_BUSAVG,14.83,N
05/31/2026,23,1,HB_BUSAVG,7.94,N
05/31/2026,23,2,HB_BUSAVG,24.66,N
05/31/2026,23,3,HB_BUSAVG,7.2,N
05/31/2026,23,4,HB_BUSAVG,21.95,N
05/31/2026,24,1,HB_BUSAVG,15.17,N
05/31/2026,24,2,HB_BUSAVG,292.02,N
05/31/2026,24,3,HB_BUSAVG,33.41,N
05/31/2026,24,4,HB_BUSAVG,26.96,N
05/01/2026,1,1,HB_NORTH,26.0,N
05/01/2026,1,2,HB_NORTH,34.34,N
05/01/2026,1,3,HB_NORTH,28.13,N
05/01/2026,1,4,HB_NORTH,28.43,N
05/01/2026,2,1,HB_NORTH,37.16,N
05/01/2026,2,2,HB_NORTH,29.11,N
05/01/2026,2,3,HB_NORTH,45.83,N
05/01/2026,2,4,HB_NORTH,32.6,N
05/01/2026,3,1,HB_NORTH,42.45,N
05/01/2026,3,2,HB_NORTH,49.14,N
05/01/2026,3,3,HB_NORTH,45.75,N
05/01/2026,3,4,HB_NORTH,26.23,N
05/01/2026,4,1,HB_NORTH,44.17,N
05/01/2026,4,2,HB_NORTH,47.41,N
05/01/2026,4,3,HB_NORTH,47.74,N
05/01/2026,4,4,HB_NORTH,31.7,N
05/01/2026,5,1,HB_NORTH,37.73,N
05/01/2026,5,2,HB_NORTH,50.95,N
05/01/2026,5,3,HB_NORTH,36.9,N
05/01/2026,5,4,HB_NORTH,40.59,N
05/01/2026,6,1,HB_NORTH,57.1,N
05/01/2026,6,2,HB_NORTH,44.11,N
05/01/2026,6,3,HB_NORTH,38.67,N
05/01/2026,6,4,HB_NORTH,37.47,N
05/01/2026,7,1,HB_NORTH,47.66,N
05/01/2026,7,2,HB_NORTH,34.33,N
05/01/2026,7,3,HB_NORTH,43.02,N
05/01/2026,7,4,HB_NORTH,47.67,N
05/01/2026,8,1,HB_NORTH,54.88,N
05/01/2026,8,2,HB_NORTH,49.83,N
05/01/2026,8,3,HB_NORTH,38.78,N
05/01/2026,8,4,HB_NORTH,53.92,N
05/01/2026,9,1,HB_NORTH,40.59,N
05/01/2026,9,2,HB_NORTH,33.1,N
05/01/2026,9,3,HB_NORTH,41.61,N
05/01/2026,9,4,HB_NORTH,54.5,N
05/01/2026,10,1,HB_NORTH,41.93,N
05/01/2026,10,2,HB_NORTH,40.71,N
05/01/2026,10,3,HB_NORTH,53.7,N
05/01/2026,10,4,HB_NORTH,29.16,N
05/01/2026,11,1,HB_NORTH,27.22,N
05/01/2026,11,2,HB_NORTH,24.57,N
05/01/2026,11,3,HB_NORTH,40.48,N
05/01/2026,11,4,HB_NORTH,38.83,N
05/01/2026,12,1,HB_NORTH,46.22,N
05/01/2026,12,2,HB_NORTH,35.83,N
05/01/2026,12,3,HB_NORTH,30.65,N
05/01/2026,12,4,HB_NORTH,33.9,N
05/01/2026,13,1,HB_NORTH,30.94,N
05/01/2026,13,2,HB_NORTH,16.63,N
05/01/2026,13,3,HB_NORTH,51.68,N
05/01/2026,13,4,HB_NORTH,34.16,N
05/01/2026,14,1,HB_NORTH,27.8,N
05/01/2026,14,2,HB_NORTH,31.04,N
05/01/2026,14,3,HB_NORTH,31.79,N
05/01/2026,14,4,HB_NORTH,24.99,N
05/01/2026,15,1,HB_NORTH,17.45,N
05/01/2026,15,2,HB_NORTH,27.3,N
05/01/2026,15,3,HB_NORTH,25.59,N
05/01/2026,15,4,HB_NORTH,16.02,N
05/01/2026,16,1,HB_NORTH,30.75,N
05/01/2026,16,2,HB_NORTH,21.74,N
05/01/2026,16,3,HB_NORTH,-19.77,N
05/01/2026,16,4,HB_NORTH,30.53,N
05/01/2026,17,1,HB_NORTH,17.18,N
05/01/2026,17,2,HB_NORTH,19.55,N
05/01/2026,17,3,HB_NORTH,23.49,N
05/01/2026,17,4,HB_NORTH,11.21,N
05/01/2026,18,1,HB_NORTH,15.94,N
05/01/2026,18,2,HB_NORTH,16.52,N
05/01/2026,18,3,HB_NORTH,7.86,N
05/01/2026,18,4,HB_NORTH,34.05,N
05/01/2026,19,1,HB_NORTH,3.74,N
05/01/2026,19,2,HB_NORTH,4.62,N
05/01/2026,19,3,HB_NORTH,25.51,N
05/01/2026,19,4,HB_NORTH,20.71,N
05/01/2026,20,1,HB_NORTH,7.3,N
05/01/2026,20,2,HB_NORTH,20.37,N
05/01/2026,20,3,HB_NORTH,27.25,N
05/01/2026,20,4,HB_NORTH,15.27,N
05/01/2026,21,1,HB_NORTH,37.8,N
05/01/2026,21,2,HB_NORTH,3.22,N
05/01/2026,21,3,HB_NORTH,22.56,N
05/01/2026,21,4,HB_NORTH,26.34,N
05/01/2026,22,1,HB_NORTH,-18.48,N
05/01/2026,22,2,HB_NORTH,17.76,N
05/01/2026,22,3,HB_NORTH,17.07,N
05/01/2026,22,4,HB_NORTH,22.95,N
05/01/2026,23,1,HB_NORTH,29.03,N
05/01/2026,23,2,HB_NORTH,27.32,N
05/01/2026,23,3,HB_NORTH,30.82,N
05/01/2026,23,4,HB_NORTH,14.35,N
05/01/2026,24,1,HB_NORTH,24.3,N
05/01/2026,24,2,HB_NORTH,18.6,N
05/01/2026,24,3,HB_NORTH,23.03,N
05/01/2026,24,4,HB_NORTH,34.24,N
05/02/2026,1,1,HB_NORTH,30.86,N
05/02/2026,1,2,HB_NORTH,50.85,N
05/02/2026,1,3,HB_NORTH,31.55,N
05/02/2026,1,4,HB_NORTH,30.48,N
05/02/2026,2,1,HB_NORTH,34.73,N
05/02/2026,2,2,HB_NORTH,28.78,N
05/02/2026,2,3,HB_NORTH,33.42,N
05/02/2026,2,4,HB_NORTH,42.9,N
05/02/2026,3,1,HB_NORTH,38.41,N
05/02/2026,3,2,HB_NORTH,31.15,N
05/02/2026,3,3,HB_NORTH,30.1,N
05/02/2026,3,4,HB_NORTH,33.9,N
05/02/2026,4,1,HB_NORTH,41.2,N
05/02/2026,4,2,HB_NORTH,50.16,N
05/02/2026,4,3,HB_NORTH,29.88,N
05/02/2026,4,4,HB_NORTH,38.05,N
05/02/2026,5,1,HB_NORTH,44.14,N
05/02/2026,5,2,HB_NORTH,28.32,N
05/02/2026,5,3,HB_NORTH,36.32,N
05/02/2026,5,4,HB_NORTH,37.55,N
05/02/2026,6,1,HB_NORTH,38.12,N
05/02/2026,6,2,HB_NORTH,46.02,N
05/02/2026,6,3,HB_NORTH,43.2,N
05/02/2026,6,4,HB_NORTH,40.05,N
05/02/2026,7,1,HB_NORTH,48.42,N
05/02/2026,7,2,HB_NORTH,1258.78,N
05/02/2026,7,3,HB_NORTH,58.11,N
05/02/2026,7,4,HB_NORTH,-15.38,N
05/02/2026,8,1,HB_NORTH,49.11,N
05/02/2026,8,2,HB_NORTH,43.06,N
05/02/2026,8,3,HB_NORTH,45.73,N
05/02/2026,8,4,HB_NORTH,41.3,N
05/02/2026,9,1,HB_NORTH,43.93,N
05/02/2026,9,2,HB_NORTH,44.2,N
05/02/2026,9,3,HB_NORTH,38.36,N
05/02/2026,9,4,HB_NORTH,35.82,N
05/02/2026,10,1,HB_NORTH,37.02,N
05/02/2026,10,2,HB_NORTH,42.48,N
05/02/2026,10,3,HB_NORTH,45.4,N
05/02/2026,10,4,HB_NORTH,47.43,N
05/02/2026,11,1,HB_NORTH,33.55,N
05/02/2026,11,2,HB_NORTH,39.77,N
05/02/2026,11,3,HB_NORTH,45.2,N
05/02/2026,11,4,HB_NORTH,46.82,N
05/02/2026,12,1,HB_NORTH,33.41,N
05/02/2026,12,2,HB_NORTH,32.11,N
05/02/2026,12,3,HB_NORTH,35.41,N
05/02/2026,12,4,HB_NORTH,24.68,N
05/02/2026,13,1,HB_NORTH,28.45,N
05/02/2026,13,2,HB_NORTH,35.96,N
05/02/2026,13,3,HB_NORTH,35.14,N
05/02/2026,13,4,HB_NORTH,27.84,N
05/02/2026,14,1,HB_NORTH,27.86,N
05/02/2026,14,2,HB_NORTH,19.52,N
05/02/2026,14,3,HB_NORTH,31.75,N
05/02/2026,14,4,HB_NORTH,25.5,N
05/02/2026,15,1,HB_NORTH,20.29,N
05/02/2026,15,2,HB_NORTH,19.61,N
05/02/2026,15,3,HB_NORTH,22.0,N
05/02/2026,15,4,HB_NORTH,18.92,N
05/02/2026,16,1,HB_NORTH,24.66,N
05/02/2026,16,2,HB_NORTH,16.23,N
05/02/2026,16,3,HB_NORTH,32.14,N
05/02/2026,16,4,HB_NORTH,31.12,N
05/02/2026,17,1,HB_NORTH,9.88,N
05/02/2026,17,2,HB_NORTH,17.57,N
05/02/2026,17,3,HB_NORTH,11.8,N
05/02/2026,17,4,HB_NORTH,14.4,N
05/02/2026,18,1,HB_NORTH,31.53,N
05/02/2026,18,2,HB_NORTH,13.05,N
05/02/2026,18,3,HB_NORTH,18.39,N
05/02/2026,18,4,HB_NORTH,19.84,N
05/02/2026,19,1,HB_NORTH,6.99,N
05/02/2026,19,2,HB_NORTH,8.16,N
05/02/2026,19,3,HB_NORTH,5.35,N
05/02/2026,19,4,HB_NORTH,7.91,N
05/02/2026,20,1,HB_NORTH,-7.29,N
05/02/2026,20,2,HB_NORTH,19.87,N
05/02/2026,20,3,HB_NORTH,31.94,N
05/02/2026,20,4,HB_NORTH,16.69,N
05/02/2026,21,1,HB_NORTH,5.68,N
05/02/2026,21,2,HB_NORTH,11.87,N
05/02/2026,21,3,HB_NORTH,13.34,N
05/02/2026,21,4,HB_NORTH,258.87,N
05/02/2026,22,1,HB_NORTH,26.27,N
05/02/2026,22,2,HB_NORTH,25.88,N
05/02/2026,22,3,HB_NORTH,10.15,N
05/02/2026,22,4,HB_NORTH,25.19,N
05/02/2026,23,1,HB_NORTH,34.71,N
05/02/2026,23,2,HB_NORTH,37.72,N
05/02/2026,23,3,HB_NORTH,45.42,N
05/02/2026,23,4,HB_NORTH,15.28,N
05/02/2026,24,1,HB_NORTH,3.71,N
05/02/2026,24,2,HB_NORTH,23.28,N
05/02/2026,24,3,HB_NORTH,21.38,N
05/02/2026,24,4,HB_NORTH,28.73,N
05/03/2026,1,1,HB_NORTH,25.34,N
05/03/2026,1,2,HB_NORTH,33.19,N
05/03/2026,1,3,HB_NORTH,19.44,N
05/03/2026,1,4,HB_NORTH,28.09,N
05/03/2026,2,1,HB_NORTH,44.17,N
05/03/2026,2,2,HB_NORTH,33.43,N
05/03/2026,2,3,HB_NORTH,35.02,N
05/03/2026,2,4,HB_NORTH,37.68,N
05/03/2026,3,1,HB_NORTH,46.87,N
05/03/2026,3,2,HB_NORTH,24.26,N
05/03/2026,3,3,HB_NORTH,42.18,N
05/03/2026,3,4,HB_NORTH,35.35,N
05/03/2026,4,1,HB_NORTH,41.94,N
05/03/2026,4,2,HB_NORTH,49.09,N
05/03/2026,4,3,HB_NORTH,31.05,N
05/03/2026,4,4,HB_NORTH,32.51,N
05/03/2026,5,1,HB_NORTH,27.51,N
05/03/2026,5,2,HB_NORTH,38.6,N
05/03/2026,5,3,HB_NORTH,53.63,N
05/03/2026,5,4,HB_NORTH,42.03,N
05/03/2026,6,1,HB_NORTH,33.77,N
05/03/2026,6,2,HB_NORTH,40.6,N
05/03/2026,6,3,HB_NORTH,32.59,N
05/03/2026,6,4,HB_NORTH,35.49,N
05/03/2026,7,1,HB_NORTH,48.11,N
05/03/2026,7,2,HB_NORTH,35.61,N
05/03/2026,7,3,HB_NORTH,303.9,N
05/03/2026,7,4,HB_NORTH,44.43,N
05/03/2026,8,1,HB_NORTH,45.17,N
05/03/2026,8,2,HB_NORTH,42.26,N
05/03/2026,8,3,HB_NORTH,50.67,N
05/03/2026,8,4,HB_NORTH,50.75,N
05/03/2026,9,1,HB_NORTH,45.67,N
05/03/2026,9,2,HB_NORTH,47.51,N
05/03/2026,9,3,HB_NORTH,41.29,N
05/03/2026,9,4,HB_NORTH,47.33,N
05/03/2026,10,1,HB_NORTH,37.9,N
05/03/2026,10,2,HB_NORTH,40.62,N
05/03/2026,10,3,HB_NORTH,38.41,N
05/03/2026,10,4,HB_NORTH,36.95,N
05/03/2026,11,1,HB_NORTH,31.99,N
05/03/2026,11,2,HB_NORTH,41.24,N
05/03/2026,11,3,HB_NORTH,47.98,N
05/03/2026,11,4,HB_NORTH,46.87,N
05/03/2026,12,1,HB_NORTH,23.83,N
05/03/2026,12,2,HB_NORTH,44.2,N
05/03/2026,12,3,HB_NORTH,281.34,N
05/03/2026,12,4,HB_NORTH,38.69,N
05/03/2026,13,1,HB_NORTH,22.75,N
05/03/2026,13,2,HB_NORTH,31.14,N
05/03/2026,13,3,HB_NORTH,32.51,N
05/03/2026,13,4,HB_NORTH,18.12,N
05/03/2026,14,1,HB_NORTH,30.98,N
05/03/2026,14,2,HB_NORTH,36.89,N
05/03/2026,14,3,HB_NORTH,24.72,N
05/03/2026,14,4,HB_NORTH,37.0,N
05/03/2026,15,1,HB_NORTH,20.98,N
05/03/2026,15,2,HB_NORTH,29.3,N
05/03/2026,15,3,HB_NORTH,4.75,N
05/03/2026,15,4,HB_NORTH,41.85,N
05/03/2026,16,1,HB_NORTH,31.36,N
05/03/2026,16,2,HB_NORTH,17.12,N
05/03/2026,16,3,HB_NORTH,3.62,N
05/03/2026,16,4,HB_NORTH,21.7,N
05/03/2026,17,1,HB_NORTH,5.46,N
05/03/2026,17,2,HB_NORTH,20.57,N
05/03/2026,17,3,HB_NORTH,20.3,N
05/03/2026,17,4,HB_NORTH,9.48,N
05/03/2026,18,1,HB_NORTH,24.48,N
05/03/2026,18,2,HB_NORTH,21.96,N
05/03/2026,18,3,HB_NORTH,23.32,N
05/03/2026,18,4,HB_NORTH,15.58,N
05/03/2026,19,1,HB_NORTH,3.68,N
05/03/2026,19,2,HB_NORTH,22.82,N
05/03/2026,19,3,HB_NORTH,12.84,N
05/03/2026,19,4,HB_NORTH,3.88,N
05/03/2026,20,1,HB_NORTH,26.33,N
05/03/2026,20,2,HB_NORTH,32.31,N
05/03/2026,20,3,HB_NORTH,15.18,N
05/03/2026,20,4,HB_NORTH,32.78,N
05/03/2026,21,1,HB_NORTH,1217.74,N
05/03/2026,21,2,HB_NORTH,13.97,N
05/03/2026,21,3,HB_NORTH,11.97,N
05/03/2026,21,4,HB_NORTH,30.11,N
05/03/2026,22,1,HB_NORTH,13.15,N
05/03/2026,22,2,HB_NORTH,25.28,N
05/03/2026,22,3,HB_NORTH,14.92,N
05/03/2026,22,4,HB_NORTH,15.71,N
05/03/2026,23,1,HB_NORTH,30.74,N
05/03/2026,23,2,HB_NORTH,19.46,N
05/03/2026,23,3,HB_NORTH,19.26,N
05/03/2026,23,4,HB_NORTH,31.56,N
05/03/2026,24,1,HB_NORTH,38.9,N
05/03/2026,24,2,HB_NORTH,31.28,N
05/03/2026,24,3,HB_NORTH,20.88,N
05/03/2026,24,4,HB_NORTH,22.03,N
05/04/2026,1,1,HB_NORTH,30.64,N
05/04/2026,1,2,HB_NORTH,32.57,N
05/04/2026,1,3,HB_NORTH,22.1,N
05/04/2026,1,4,HB_NORTH,35.78,N
05/04/2026,2,1,HB_NORTH,34.57,N
05/04/2026,2,2,HB_NORTH,20.16,N
05/04/2026,2,3,HB_NORTH,26.45,N
05/04/2026,2,4,HB_NORTH,29.85,N
05/04/2026,3,1,HB_NORTH,36.92,N
05/04/2026,3,2,HB_NORTH,52.61,N
05/04/2026,3,3,HB_NORTH,39.41,N
05/04/2026,3,4,HB_NORTH,30.77,N
05/04/2026,4,1,HB_NORTH,42.37,N
05/04/2026,4,2,HB_NORTH,37.79,N
05/04/2026,4,3,HB_NORTH,43.2,N
05/04/2026,4,4,HB_NORTH,45.25,N
05/04/2026,5,1,HB_NORTH,52.66,N
05/04/2026,5,2,HB_NORTH,42.8,N
05/04/2026,5,3,HB_NORTH,56.1,N
05/04/2026,5,4,HB_NORTH,50.25,N
05/04/2026,6,1,HB_NORTH,38.83,N
05/04/2026,6,2,HB_NORTH,62.17,N
05/04/2026,6,3,HB_NORTH,47.1,N
05/04/2026,6,4,HB_NORTH,37.81,N
05/04/2026,7,1,HB_NORTH,58.22,N
05/04/2026,7,2,HB_NORTH,61.62,N
05/04/2026,7,3,HB_NORTH,44.74,N
05/04/2026,7,4,HB_NORTH,40.97,N
05/04/2026,8,1,HB_NORTH,43.11,N
05/04/2026,8,2,HB_NORTH,50.21,N
05/04/2026,8,3,HB_NORTH,54.71,N
05/04/2026,8,4,HB_NORTH,49.05,N
05/04/2026,9,1,HB_NORTH,43.8,N
05/04/2026,9,2,HB_NORTH,54.97,N
05/04/2026,9,3,HB_NORTH,40.49,N
05/04/2026,9,4,HB_NORTH,51.24,N
05/04/2026,10,1,HB_NORTH,38.3,N
05/04/2026,10,2,HB_NORTH,294.05,N
05/04/2026,10,3,HB_NORTH,39.7,N
05/04/2026,10,4,HB_NORTH,40.16,N
05/04/2026,11,1,HB_NORTH,34.48,N
05/04/2026,11,2,HB_NORTH,48.26,N
05/04/2026,11,3,HB_NORTH,31.64,N
05/04/2026,11,4,HB_NORTH,31.58,N
05/04/2026,12,1,HB_NORTH,50.85,N
05/04/2026,12,2,HB_NORTH,41.71,N
05/04/2026,12,3,HB_NORTH,14.8,N
05/04/2026,12,4,HB_NORTH,29.36,N
05/04/2026,13,1,HB_NORTH,15.5,N
05/04/2026,13,2,HB_NORTH,22.39,N
05/04/2026,13,3,HB_NORTH,4.89,N
05/04/2026,13,4,HB_NORTH,28.9,N
05/04/2026,14,1,HB_NORTH,16.98,N
05/04/2026,14,2,HB_NORTH,26.6,N
05/04/2026,14,3,HB_NORTH,13.12,N
05/04/2026,14,4,HB_NORTH,26.78,N
05/04/2026,15,1,HB_NORTH,269.18,N
05/04/2026,15,2,HB_NORTH,34.52,N
05/04/2026,15,3,HB_NORTH,33.79,N
05/04/2026,15,4,HB_NORTH,28.78,N
05/04/2026,16,1,HB_NORTH,16.78,N
05/04/2026,16,2,HB_NORTH,35.28,N
05/04/2026,16,3,HB_NORTH,6.97,N
05/04/2026,16,4,HB_NORTH,8.16,N
05/04/2026,17,1,HB_NORTH,16.34,N
05/04/2026,17,2,HB_NORTH,35.04,N
05/04/2026,17,3,HB_NORTH,15.39,N
05/04/2026,17,4,HB_NORTH,15.54,N
05/04/2026,18,1,HB_NORTH,3.98,N
05/04/2026,18,2,HB_NORTH,23.08,N
05/04/2026,18,3,HB_NORTH,23.14,N
05/04/2026,18,4,HB_NORTH,21.82,N
05/04/2026,19,1,HB_NORTH,9.97,N
05/04/2026,19,2,HB_NORTH,9.35,N
05/04/2026,19,3,HB_NORTH,4.66,N
05/04/2026,19,4,HB_NORTH,15.67,N
05/04/2026,20,1,HB_NORTH,6.87,N
05/04/2026,20,2,HB_NORTH,6.09,N
05/04/2026,20,3,HB_NORTH,12.12,N
05/04/2026,20,4,HB_NORTH,11.6,N
05/04/2026,21,1,HB_NORTH,12.71,N
05/04/2026,21,2,HB_NORTH,20.74,N
05/04/2026,21,3,HB_NORTH,17.64,N
05/04/2026,21,4,HB_NORTH,-30.3,N
05/04/2026,22,1,HB_NORTH,20.86,N
05/04/2026,22,2,HB_NORTH,11.46,N
05/04/2026,22,3,HB_NORTH,20.24,N
05/04/2026,22,4,HB_NORTH,20.6,N
05/04/2026,23,1,HB_NORTH,10.48,N
05/04/2026,23,2,HB_NORTH,30.47,N
05/04/2026,23,3,HB_NORTH,15.45,N
05/04/2026,23,4,HB_NORTH,23.22,N
05/04/2026,24,1,HB_NORTH,35.43,N
05/04/2026,24,2,HB_NORTH,33.52,N
05/04/2026,24,3,HB_NORTH,26.39,N
05/04/2026,24,4,HB_NORTH,23.22,N
05/05/2026,1,1,HB_NORTH,37.58,N
05/05/2026,1,2,HB_NORTH,35.4,N
05/05/2026,1,3,HB_NORTH,25.05,N
05/05/2026,1,4,HB_NORTH,23.64,N
05/05/2026,2,1,HB_NORTH,17.3,N
05/05/2026,2,2,HB_NORTH,35.11,N
05/05/2026,2,3,HB_NORTH,33.22,N
05/05/2026,2,4,HB_NORTH,42.97,N
05/05/2026,3,1,HB_NORTH,40.37,N
05/05/2026,3,2,HB_NORTH,48.17,N
05/05/2026,3,3,HB_NORTH,31.92,N
05/05/2026,3,4,HB_NORTH,46.61,N
05/05/2026,4,1,HB_NORTH,36.38,N
05/05/2026,4,2,HB_NORTH,46.83,N
05/05/2026,4,3,HB_NORTH,28.94,N
05/05/2026,4,4,HB_NORTH,42.49,N
05/05/2026,5,1,HB_NORTH,27.11,N
05/05/2026,5,2,HB_NORTH,40.85,N
05/05/2026,5,3,HB_NORTH,46.51,N
05/05/2026,5,4,HB_NORTH,38.82,N
05/05/2026,6,1,HB_NORTH,36.09,N
05/05/2026,6,2,HB_NORTH,51.26,N
05/05/2026,6,3,HB_NORTH,43.66,N
05/05/2026,6,4,HB_NORTH,40.57,N
05/05/2026,7,1,HB_NORTH,45.34,N
05/05/2026,7,2,HB_NORTH,66.09,N
05/05/2026,7,3,HB_NORTH,54.23,N
05/05/2026,7,4,HB_NORTH,54.3,N
05/05/2026,8,1,HB_NORTH,47.97,N
05/05/2026,8,2,HB_NORTH,45.82,N
05/05/2026,8,3,HB_NORTH,25.32,N
05/05/2026,8,4,HB_NORTH,39.06,N
05/05/2026,9,1,HB_NORTH,39.15,N
05/05/2026,9,2,HB_NORTH,27.99,N
05/05/2026,9,3,HB_NORTH,33.73,N
05/05/2026,9,4,HB_NORTH,27.14,N
05/05/2026,10,1,HB_NORTH,40.3,N
05/05/2026,10,2,HB_NORTH,47.16,N
05/05/2026,10,3,HB_NORTH,49.46,N
05/05/2026,10,4,HB_NORTH,43.92,N
05/05/2026,11,1,HB_NORTH,29.79,N
05/05/2026,11,2,HB_NORTH,272.04,N
05/05/2026,11,3,HB_NORTH,23.45,N
05/05/2026,11,4,HB_NORTH,27.35,N
05/05/2026,12,1,HB_NORTH,26.77,N
05/05/2026,12,2,HB_NORTH,32.6,N
05/05/2026,12,3,HB_NORTH,25.77,N
05/05/2026,12,4,HB_NORTH,36.59,N
05/05/2026,13,1,HB_NORTH,28.14,N
05/05/2026,13,2,HB_NORTH,30.08,N
05/05/2026,13,3,HB_NORTH,39.12,N
05/05/2026,13,4,HB_NORTH,20.56,N
05/05/2026,14,1,HB_NORTH,29.47,N
05/05/2026,14,2,HB_NORTH,26.01,N
05/05/2026,14,3,HB_NORTH,23.45,N
05/05/2026,14,4,HB_NORTH,33.2,N
05/05/2026,15,1,HB_NORTH,29.53,N
05/05/2026,15,2,HB_NORTH,14.93,N
05/05/2026,15,3,HB_NORTH,1221.04,N
05/05/2026,15,4,HB_NORTH,24.75,N
05/05/2026,16,1,HB_NORTH,17.21,N
05/05/2026,16,2,HB_NORTH,24.07,N
05/05/2026,16,3,HB_NORTH,21.64,N
05/05/2026,16,4,HB_NORTH,34.05,N
05/05/2026,17,1,HB_NORTH,4.77,N
05/05/2026,17,2,HB_NORTH,16.03,N
05/05/2026,17,3,HB_NORTH,9.74,N
05/05/2026,17,4,HB_NORTH,21.84,N
05/05/2026,18,1,HB_NORTH,2.57,N
05/05/2026,18,2,HB_NORTH,18.28,N
05/05/2026,18,3,HB_NORTH,10.47,N
05/05/2026,18,4,HB_NORTH,9.64,N
05/05/2026,19,1,HB_NORTH,3.43,N
05/05/2026,19,2,HB_NORTH,11.28,N
05/05/2026,19,3,HB_NORTH,23.68,N
05/05/2026,19,4,HB_NORTH,14.8,N
05/05/2026,20,1,HB_NORTH,20.53,N
05/05/2026,20,2,HB_NORTH,28.83,N
05/05/2026,20,3,HB_NORTH,17.62,N
05/05/2026,20,4,HB_NORTH,11.04,N
05/05/2026,21,1,HB_NORTH,20.75,N
05/05/2026,21,2,HB_NORTH,12.66,N
05/05/2026,21,3,HB_NORTH,12.97,N
05/05/2026,21,4,HB_NORTH,4.85,N
05/05/2026,22,1,HB_NORTH,26.8,N
05/05/2026,22,2,HB_NORTH,16.31,N
05/05/2026,22,3,HB_NORTH,20.85,N
05/05/2026,22,4,HB_NORTH,11.11,N
05/05/2026,23,1,HB_NORTH,25.99,N
05/05/2026,23,2,HB_NORTH,16.4,N
05/05/2026,23,3,HB_NORTH,21.37,N
05/05/2026,23,4,HB_NORTH,29.52,N
05/05/2026,24,1,HB_NORTH,32.44,N
05/05/2026,24,2,HB_NORTH,25.94,N
05/05/2026,24,3,HB_NORTH,11.97,N
05/05/2026,24,4,HB_NORTH,50.06,N
05/06/2026,1,1,HB_NORTH,43.97,N
05/06/2026,1,2,HB_NORTH,35.78,N
05/06/2026,1,3,HB_NORTH,23.97,N
05/06/2026,1,4,HB_NORTH,29.09,N
05/06/2026,2,1,HB_NORTH,29.53,N
05/06/2026,2,2,HB_NORTH,43.99,N
05/06/2026,2,3,HB_NORTH,35.98,N
05/06/2026,2,4,HB_NORTH,27.61,N
05/06/2026,3,1,HB_NORTH,33.73,N
05/06/2026,3,2,HB_NORTH,46.47,N
05/06/2026,3,3,HB_NORTH,50.3,N
05/06/2026,3,4,HB_NORTH,49.73,N
05/06/2026,4,1,HB_NORTH,46.66,N
05/06/2026,4,2,HB_NORTH,38.59,N
05/06/2026,4,3,HB_NORTH,14.67,N
05/06/2026,4,4,HB_NORTH,42.98,N
05/06/2026,5,1,HB_NORTH,42.98,N
05/06/2026,5,2,HB_NORTH,44.11,N
05/06/2026,5,3,HB_NORTH,43.42,N
05/06/2026,5,4,HB_NORTH,32.38,N
05/06/2026,6,1,HB_NORTH,48.95,N
05/06/2026,6,2,HB_NORTH,299.55,N
05/06/2026,6,3,HB_NORTH,49.95,N
05/06/2026,6,4,HB_NORTH,52.06,N
05/06/2026,7,1,HB_NORTH,49.83,N
05/06/2026,7,2,HB_NORTH,41.72,N
05/06/2026,7,3,HB_NORTH,44.43,N
05/06/2026,7,4,HB_NORTH,45.73,N
05/06/2026,8,1,HB_NORTH,45.35,N
05/06/2026,8,2,HB_NORTH,52.47,N
05/06/2026,8,3,HB_NORTH,49.64,N
05/06/2026,8,4,HB_NORTH,61.11,N
05/06/2026,9,1,HB_NORTH,60.64,N
05/06/2026,9,2,HB_NORTH,43.63,N
05/06/2026,9,3,HB_NORTH,12.3,N
05/06/2026,9,4,HB_NORTH,52.89,N
05/06/2026,10,1,HB_NORTH,36.28,N
05/06/2026,10,2,HB_NORTH,34.19,N
05/06/2026,10,3,HB_NORTH,37.42,N
05/06/2026,10,4,HB_NORTH,37.03,N
05/06/2026,11,1,HB_NORTH,42.4,N
05/06/2026,11,2,HB_NORTH,25.02,N
05/06/2026,11,3,HB_NORTH,28.88,N
05/06/2026,11,4,HB_NORTH,40.25,N
05/06/2026,12,1,HB_NORTH,38.87,N
05/06/2026,12,2,HB_NORTH,39.01,N
05/06/2026,12,3,HB_NORTH,27.59,N
05/06/2026,12,4,HB_NORTH,26.06,N
05/06/2026,13,1,HB_NORTH,25.95,N
05/06/2026,13,2,HB_NORTH,31.92,N
05/06/2026,13,3,HB_NORTH,41.88,N
05/06/2026,13,4,HB_NORTH,13.62,N
05/06/2026,14,1,HB_NORTH,24.35,N
05/06/2026,14,2,HB_NORTH,15.46,N
05/06/2026,14,3,HB_NORTH,12.9,N
05/06/2026,14,4,HB_NORTH,33.85,N
05/06/2026,15,1,HB_NORTH,26.86,N
05/06/2026,15,2,HB_NORTH,26.1,N
05/06/2026,15,3,HB_NORTH,29.87,N
05/06/2026,15,4,HB_NORTH,18.66,N
05/06/2026,16,1,HB_NORTH,15.93,N
05/06/2026,16,2,HB_NORTH,36.88,N
05/06/2026,16,3,HB_NORTH,17.42,N
05/06/2026,16,4,HB_NORTH,25.27,N
05/06/2026,17,1,HB_NORTH,17.06,N
05/06/2026,17,2,HB_NORTH,2.22,N
05/06/2026,17,3,HB_NORTH,0.65,N
05/06/2026,17,4,HB_NORTH,12.38,N
05/06/2026,18,1,HB_NORTH,23.96,N
05/06/2026,18,2,HB_NORTH,21.82,N
05/06/2026,18,3,HB_NORTH,22.82,N
05/06/2026,18,4,HB_NORTH,257.61,N
05/06/2026,19,1,HB_NORTH,27.93,N
05/06/2026,19,2,HB_NORTH,7.28,N
05/06/2026,19,3,HB_NORTH,16.7,N
05/06/2026,19,4,HB_NORTH,14.92,N
05/06/2026,20,1,HB_NORTH,14.12,N
05/06/2026,20,2,HB_NORTH,26.22,N
05/06/2026,20,3,HB_NORTH,9.87,N
05/06/2026,20,4,HB_NORTH,4.71,N
05/06/2026,21,1,HB_NORTH,17.17,N
05/06/2026,21,2,HB_NORTH,13.81,N
05/06/2026,21,3,HB_NORTH,44.03,N
05/06/2026,21,4,HB_NORTH,22.42,N
05/06/2026,22,1,HB_NORTH,16.12,N
05/06/2026,22,2,HB_NORTH,10.94,N
05/06/2026,22,3,HB_NORTH,4.35,N
05/06/2026,22,4,HB_NORTH,11.19,N
05/06/2026,23,1,HB_NORTH,23.42,N
05/06/2026,23,2,HB_NORTH,33.92,N
05/06/2026,23,3,HB_NORTH,31.47,N
05/06/2026,23,4,HB_NORTH,24.33,N
05/06/2026,24,1,HB_NORTH,23.53,N
05/06/2026,24,2,HB_NORTH,28.27,N
05/06/2026,24,3,HB_NORTH,21.97,N
05/06/2026,24,4,HB_NORTH,39.86,N
05/07/2026,1,1,HB_NORTH,28.49,N
05/07/2026,1,2,HB_NORTH,29.31,N
05/07/2026,1,3,HB_NORTH,12.27,N
05/07/2026,1,4,HB_NORTH,28.44,N
05/07/2026,2,1,HB_NORTH,40.57,N
05/07/2026,2,2,HB_NORTH,25.34,N
05/07/2026,2,3,HB_NORTH,27.88,N
05/07/2026,2,4,HB_NORTH,40.22,N
05/07/2026,3,1,HB_NORTH,25.69,N
05/07/2026,3,2,HB_NORTH,45.96,N
05/07/2026,3,3,HB_NORTH,33.24,N
05/07/2026,3,4,HB_NORTH,34.39,N
05/07/2026,4,1,HB_NORTH,31.62,N
05/07/2026,4,2,HB_NORTH,43.63,N
05/07/2026,4,3,HB_NORTH,60.29,N
05/07/2026,4,4,HB_NORTH,46.86,N
05/07/2026,5,1,HB_NORTH,36.08,N
05/07/2026,5,2,HB_NORTH,52.08,N
05/07/2026,5,3,HB_NORTH,40.46,N
05/07/2026,5,4,HB_NORTH,53.99,N
05/07/2026,6,1,HB_NORTH,50.94,N
05/07/2026,6,2,HB_NORTH,20.94,N
05/07/2026,6,3,HB_NORTH,36.46,N
05/07/2026,6,4,HB_NORTH,52.04,N
05/07/2026,7,1,HB_NORTH,46.21,N
05/07/2026,7,2,HB_NORTH,36.81,N
05/07/2026,7,3,HB_NORTH,39.93,N
05/07/2026,7,4,HB_NORTH,29.75,N
05/07/2026,8,1,HB_NORTH,43.78,N
05/07/2026,8,2,HB_NORTH,62.17,N
05/07/2026,8,3,HB_NORTH,50.93,N
05/07/2026,8,4,HB_NORTH,62.01,N
05/07/2026,9,1,HB_NORTH,50.05,N
05/07/2026,9,2,HB_NORTH,51.21,N
05/07/2026,9,3,HB_NORTH,308.78,N
05/07/2026,9,4,HB_NORTH,46.01,N
05/07/2026,10,1,HB_NORTH,39.11,N
05/07/2026,10,2,HB_NORTH,48.87,N
05/07/2026,10,3,HB_NORTH,52.24,N
05/07/2026,10,4,HB_NORTH,36.77,N
05/07/2026,11,1,HB_NORTH,31.73,N
05/07/2026,11,2,HB_NORTH,38.61,N
05/07/2026,11,3,HB_NORTH,44.15,N
05/07/2026,11,4,HB_NORTH,43.88,N
05/07/2026,12,1,HB_NORTH,22.49,N
05/07/2026,12,2,HB_NORTH,49.18,N
05/07/2026,12,3,HB_NORTH,28.75,N
05/07/2026,12,4,HB_NORTH,31.76,N
05/07/2026,13,1,HB_NORTH,22.78,N
05/07/2026,13,2,HB_NORTH,51.59,N
05/07/2026,13,3,HB_NORTH,31.94,N
05/07/2026,13,4,HB_NORTH,23.19,N
05/07/2026,14,1,HB_NORTH,33.03,N
05/07/2026,14,2,HB_NORTH,32.27,N
05/07/2026,14,3,HB_NORTH,24.62,N
05/07/2026,14,4,HB_NORTH,32.84,N
05/07/2026,15,1,HB_NORTH,15.9,N
05/07/2026,15,2,HB_NORTH,18.56,N
05/07/2026,15,3,HB_NORTH,6.42,N
05/07/2026,15,4,HB_NORTH,11.91,N
05/07/2026,16,1,HB_NORTH,33.85,N
05/07/2026,16,2,HB_NORTH,32.52,N
05/07/2026,16,3,HB_NORTH,19.92,N
05/07/2026,16,4,HB_NORTH,32.7,N
05/07/2026,17,1,HB_NORTH,15.73,N
05/07/2026,17,2,HB_NORTH,15.06,N
05/07/2026,17,3,HB_NORTH,17.46,N
05/07/2026,17,4,HB_NORTH,16.01,N
05/07/2026,18,1,HB_NORTH,13.79,N
05/07/2026,18,2,HB_NORTH,24.66,N
05/07/2026,18,3,HB_NORTH,16.71,N
05/07/2026,18,4,HB_NORTH,21.21,N
05/07/2026,19,1,HB_NORTH,23.25,N
05/07/2026,19,2,HB_NORTH,18.11,N
05/07/2026,19,3,HB_NORTH,7.24,N
05/07/2026,19,4,HB_NORTH,4.18,N
05/07/2026,20,1,HB_NORTH,16.7,N
05/07/2026,20,2,HB_NORTH,14.14,N
05/07/2026,20,3,HB_NORTH,16.21,N
05/07/2026,20,4,HB_NORTH,15.38,N
05/07/2026,21,1,HB_NORTH,37.68,N
05/07/2026,21,2,HB_NORTH,6.37,N
05/07/2026,21,3,HB_NORTH,1.09,N
05/07/2026,21,4,HB_NORTH,19.67,N
05/07/2026,22,1,HB_NORTH,16.38,N
05/07/2026,22,2,HB_NORTH,21.92,N
05/07/2026,22,3,HB_NORTH,24.06,N
05/07/2026,22,4,HB_NORTH,29.67,N
05/07/2026,23,1,HB_NORTH,10.44,N
05/07/2026,23,2,HB_NORTH,18.05,N
05/07/2026,23,3,HB_NORTH,25.93,N
05/07/2026,23,4,HB_NORTH,28.66,N
05/07/2026,24,1,HB_NORTH,-1.33,N
05/07/2026,24,2,HB_NORTH,33.76,N
05/07/2026,24,3,HB_NORTH,25.66,N
05/07/2026,24,4,HB_NORTH,18.99,N
05/08/2026,1,1,HB_NORTH,25.49,N
05/08/2026,1,2,HB_NORTH,25.26,N
05/08/2026,1,3,HB_NORTH,35.24,N
05/08/2026,1,4,HB_NORTH,32.06,N
05/08/2026,2,1,HB_NORTH,23.29,N
05/08/2026,2,2,HB_NORTH,30.4,N
05/08/2026,2,3,HB_NORTH,40.9,N
05/08/2026,2,4,HB_NORTH,36.7,N
05/08/2026,3,1,HB_NORTH,42.05,N
05/08/2026,3,2,HB_NORTH,40.56,N
05/08/2026,3,3,HB_NORTH,50.51,N
05/08/2026,3,4,HB_NORTH,39.39,N
05/08/2026,4,1,HB_NORTH,37.52,N
05/08/2026,4,2,HB_NORTH,33.28,N
05/08/2026,4,3,HB_NORTH,42.6,N
05/08/2026,4,4,HB_NORTH,21.08,N
05/08/2026,5,1,HB_NORTH,41.52,N
05/08/2026,5,2,HB_NORTH,41.34,N
05/08/2026,5,3,HB_NORTH,32.07,N
05/08/2026,5,4,HB_NORTH,35.56,N
05/08/2026,6,1,HB_NORTH,50.97,N
05/08/2026,6,2,HB_NORTH,46.33,N
05/08/2026,6,3,HB_NORTH,45.3,N
05/08/2026,6,4,HB_NORTH,46.94,N
05/08/2026,7,1,HB_NORTH,45.74,N
05/08/2026,7,2,HB_NORTH,54.94,N
05/08/2026,7,3,HB_NORTH,45.99,N
05/08/2026,7,4,HB_NORTH,33.33,N
05/08/2026,8,1,HB_NORTH,57.53,N
05/08/2026,8,2,HB_NORTH,47.45,N
05/08/2026,8,3,HB_NORTH,39.77,N
05/08/2026,8,4,HB_NORTH,-10.54,N
05/08/2026,9,1,HB_NORTH,46.16,N
05/08/2026,9,2,HB_NORTH,42.05,N
05/08/2026,9,3,HB_NORTH,55.58,N
05/08/2026,9,4,HB_NORTH,40.22,N
05/08/2026,10,1,HB_NORTH,33.91,N
05/08/2026,10,2,HB_NORTH,47.77,N
05/08/2026,10,3,HB_NORTH,48.01,N
05/08/2026,10,4,HB_NORTH,41.96,N
05/08/2026,11,1,HB_NORTH,42.91,N
05/08/2026,11,2,HB_NORTH,287.2,N
05/08/2026,11,3,HB_NORTH,39.37,N
05/08/2026,11,4,HB_NORTH,46.82,N
05/08/2026,12,1,HB_NORTH,38.88,N
05/08/2026,12,2,HB_NORTH,32.53,N
05/08/2026,12,3,HB_NORTH,44.7,N
05/08/2026,12,4,HB_NORTH,14.96,N
05/08/2026,13,1,HB_NORTH,46.42,N
05/08/2026,13,2,HB_NORTH,16.35,N
05/08/2026,13,3,HB_NORTH,24.98,N
05/08/2026,13,4,HB_NORTH,29.67,N
05/08/2026,14,1,HB_NORTH,24.95,N
05/08/2026,14,2,HB_NORTH,34.17,N
05/08/2026,14,3,HB_NORTH,17.66,N
05/08/2026,14,4,HB_NORTH,28.2,N
05/08/2026,15,1,HB_NORTH,17.87,N
05/08/2026,15,2,HB_NORTH,24.86,N
05/08/2026,15,3,HB_NORTH,21.98,N
05/08/2026,15,4,HB_NORTH,23.24,N
05/08/2026,16,1,HB_NORTH,14.99,N
05/08/2026,16,2,HB_NORTH,15.31,N
05/08/2026,16,3,HB_NORTH,21.69,N
05/08/2026,16,4,HB_NORTH,26.94,N
05/08/2026,17,1,HB_NORTH,12.22,N
05/08/2026,17,2,HB_NORTH,10.06,N
05/08/2026,17,3,HB_NORTH,21.92,N
05/08/2026,17,4,HB_NORTH,16.75,N
05/08/2026,18,1,HB_NORTH,22.16,N
05/08/2026,18,2,HB_NORTH,1208.26,N
05/08/2026,18,3,HB_NORTH,1.28,N
05/08/2026,18,4,HB_NORTH,11.25,N
05/08/2026,19,1,HB_NORTH,8.87,N
05/08/2026,19,2,HB_NORTH,14.37,N
05/08/2026,19,3,HB_NORTH,9.91,N
05/08/2026,19,4,HB_NORTH,20.93,N
05/08/2026,20,1,HB_NORTH,13.21,N
05/08/2026,20,2,HB_NORTH,16.71,N
05/08/2026,20,3,HB_NORTH,16.77,N
05/08/2026,20,4,HB_NORTH,17.07,N
05/08/2026,21,1,HB_NORTH,16.82,N
05/08/2026,21,2,HB_NORTH,21.09,N
05/08/2026,21,3,HB_NORTH,10.64,N
05/08/2026,21,4,HB_NORTH,28.2,N
05/08/2026,22,1,HB_NORTH,17.5,N
05/08/2026,22,2,HB_NORTH,8.9,N
05/08/2026,22,3,HB_NORTH,20.9,N
05/08/2026,22,4,HB_NORTH,12.58,N
05/08/2026,23,1,HB_NORTH,27.82,N
05/08/2026,23,2,HB_NORTH,40.18,N
05/08/2026,23,3,HB_NORTH,16.21,N
05/08/2026,23,4,HB_NORTH,25.16,N
05/08/2026,24,1,HB_NORTH,12.07,N
05/08/2026,24,2,HB_NORTH,29.75,N
05/08/2026,24,3,HB_NORTH,19.03,N
05/08/2026,24,4,HB_NORTH,21.12,N
05/09/2026,1,1,HB_NORTH,21.19,N
05/09/2026,1,2,HB_NORTH,35.86,N
05/09/2026,1,3,HB_NORTH,38.06,N
05/09/2026,1,4,HB_NORTH,30.19,N
05/09/2026,2,1,HB_NORTH,26.97,N
05/09/2026,2,2,HB_NORTH,46.6,N
05/09/2026,2,3,HB_NORTH,27.88,N
05/09/2026,2,4,HB_NORTH,16.59,N
05/09/2026,3,1,HB_NORTH,41.17,N
05/09/2026,3,2,HB_NORTH,28.66,N
05/09/2026,3,3,HB_NORTH,45.41,N
05/09/2026,3,4,HB_NORTH,34.45,N
05/09/2026,4,1,HB_NORTH,45.44,N
05/09/2026,4,2,HB_NORTH,51.82,N
05/09/2026,4,3,HB_NORTH,30.94,N
05/09/2026,4,4,HB_NORTH,36.08,N
05/09/2026,5,1,HB_NORTH,42.39,N
05/09/2026,5,2,HB_NORTH,55.29,N
05/09/2026,5,3,HB_NORTH,37.72,N
05/09/2026,5,4,HB_NORTH,38.23,N
05/09/2026,6,1,HB_NORTH,48.31,N
05/09/2026,6,2,HB_NORTH,39.87,N
05/09/2026,6,3,HB_NORTH,45.71,N
05/09/2026,6,4,HB_NORTH,32.08,N
05/09/2026,7,1,HB_NORTH,62.71,N
05/09/2026,7,2,HB_NORTH,34.22,N
05/09/2026,7,3,HB_NORTH,42.43,N
05/09/2026,7,4,HB_NORTH,44.74,N
05/09/2026,8,1,HB_NORTH,59.79,N
05/09/2026,8,2,HB_NORTH,33.89,N
05/09/2026,8,3,HB_NORTH,60.36,N
05/09/2026,8,4,HB_NORTH,50.55,N
05/09/2026,9,1,HB_NORTH,46.33,N
05/09/2026,9,2,HB_NORTH,35.11,N
05/09/2026,9,3,HB_NORTH,47.56,N
05/09/2026,9,4,HB_NORTH,37.2,N
05/09/2026,10,1,HB_NORTH,50.74,N
05/09/2026,10,2,HB_NORTH,32.84,N
05/09/2026,10,3,HB_NORTH,39.7,N
05/09/2026,10,4,HB_NORTH,36.16,N
05/09/2026,11,1,HB_NORTH,29.6,N
05/09/2026,11,2,HB_NORTH,43.43,N
05/09/2026,11,3,HB_NORTH,41.78,N
05/09/2026,11,4,HB_NORTH,47.17,N
05/09/2026,12,1,HB_NORTH,19.64,N
05/09/2026,12,2,HB_NORTH,42.4,N
05/09/2026,12,3,HB_NORTH,53.93,N
05/09/2026,12,4,HB_NORTH,30.27,N
05/09/2026,13,1,HB_NORTH,295.16,N
05/09/2026,13,2,HB_NORTH,27.89,N
05/09/2026,13,3,HB_NORTH,19.02,N
05/09/2026,13,4,HB_NORTH,27.55,N
05/09/2026,14,1,HB_NORTH,34.5,N
05/09/2026,14,2,HB_NORTH,19.41,N
05/09/2026,14,3,HB_NORTH,21.32,N
05/09/2026,14,4,HB_NORTH,30.87,N
05/09/2026,15,1,HB_NORTH,22.52,N
05/09/2026,15,2,HB_NORTH,27.18,N
05/09/2026,15,3,HB_NORTH,24.4,N
05/09/2026,15,4,HB_NORTH,26.34,N
05/09/2026,16,1,HB_NORTH,15.93,N
05/09/2026,16,2,HB_NORTH,271.25,N
05/09/2026,16,3,HB_NORTH,11.97,N
05/09/2026,16,4,HB_NORTH,29.7,N
05/09/2026,17,1,HB_NORTH,11.94,N
05/09/2026,17,2,HB_NORTH,26.04,N
05/09/2026,17,3,HB_NORTH,15.14,N
05/09/2026,17,4,HB_NORTH,18.63,N
05/09/2026,18,1,HB_NORTH,261.55,N
05/09/2026,18,2,HB_NORTH,7.38,N
05/09/2026,18,3,HB_NORTH,1.55,N
05/09/2026,18,4,HB_NORTH,7.07,N
05/09/2026,19,1,HB_NORTH,12.41,N
05/09/2026,19,2,HB_NORTH,16.7,N
05/09/2026,19,3,HB_NORTH,23.08,N
05/09/2026,19,4,HB_NORTH,11.43,N
05/09/2026,20,1,HB_NORTH,8.46,N
05/09/2026,20,2,HB_NORTH,3.97,N
05/09/2026,20,3,HB_NORTH,19.35,N
05/09/2026,20,4,HB_NORTH,26.58,N
05/09/2026,21,1,HB_NORTH,277.14,N
05/09/2026,21,2,HB_NORTH,22.69,N
05/09/2026,21,3,HB_NORTH,22.12,N
05/09/2026,21,4,HB_NORTH,30.59,N
05/09/2026,22,1,HB_NORTH,22.05,N
05/09/2026,22,2,HB_NORTH,24.56,N
05/09/2026,22,3,HB_NORTH,16.83,N
05/09/2026,22,4,HB_NORTH,8.5,N
05/09/2026,23,1,HB_NORTH,17.03,N
05/09/2026,23,2,HB_NORTH,22.43,N
05/09/2026,23,3,HB_NORTH,272.99,N
05/09/2026,23,4,HB_NORTH,37.91,N
05/09/2026,24,1,HB_NORTH,26.77,N
05/09/2026,24,2,HB_NORTH,35.55,N
05/09/2026,24,3,HB_NORTH,22.64,N
05/09/2026,24,4,HB_NORTH,23.62,N
05/10/2026,1,1,HB_NORTH,19.37,N
05/10/2026,1,2,HB_NORTH,24.06,N
05/10/2026,1,3,HB_NORTH,34.22,N
05/10/2026,1,4,HB_NORTH,30.06,N
05/10/2026,2,1,HB_NORTH,41.43,N
05/10/2026,2,2,HB_NORTH,35.33,N
05/10/2026,2,3,HB_NORTH,31.06,N
05/10/2026,2,4,HB_NORTH,51.07,N
05/10/2026,3,1,HB_NORTH,36.75,N
05/10/2026,3,2,HB_NORTH,46.8,N
05/10/2026,3,3,HB_NORTH,34.29,N
05/10/2026,3,4,HB_NORTH,43.18,N
05/10/2026,4,1,HB_NORTH,48.03,N
05/10/2026,4,2,HB_NORTH,42.27,N
05/10/2026,4,3,HB_NORTH,21.77,N
05/10/2026,4,4,HB_NORTH,40.75,N
05/10/2026,5,1,HB_NORTH,52.83,N
05/10/2026,5,2,HB_NORTH,47.21,N
05/10/2026,5,3,HB_NORTH,46.56,N
05/10/2026,5,4,HB_NORTH,-15.79,N
05/10/2026,6,1,HB_NORTH,38.73,N
05/10/2026,6,2,HB_NORTH,47.78,N
05/10/2026,6,3,HB_NORTH,47.77,N
05/10/2026,6,4,HB_NORTH,54.21,N
05/10/2026,7,1,HB_NORTH,43.84,N
05/10/2026,7,2,HB_NORTH,48.25,N
05/10/2026,7,3,HB_NORTH,45.13,N
05/10/2026,7,4,HB_NORTH,37.1,N
05/10/2026,8,1,HB_NORTH,26.44,N
05/10/2026,8,2,HB_NORTH,47.94,N
05/10/2026,8,3,HB_NORTH,45.88,N
05/10/2026,8,4,HB_NORTH,39.54,N
05/10/2026,9,1,HB_NORTH,30.04,N
05/10/2026,9,2,HB_NORTH,48.03,N
05/10/2026,9,3,HB_NORTH,40.86,N
05/10/2026,9,4,HB_NORTH,47.45,N
05/10/2026,10,1,HB_NORTH,55.52,N
05/10/2026,10,2,HB_NORTH,23.48,N
05/10/2026,10,3,HB_NORTH,35.01,N
05/10/2026,10,4,HB_NORTH,38.93,N
05/10/2026,11,1,HB_NORTH,49.14,N
05/10/2026,11,2,HB_NORTH,24.41,N
05/10/2026,11,3,HB_NORTH,52.99,N
05/10/2026,11,4,HB_NORTH,38.59,N
05/10/2026,12,1,HB_NORTH,33.11,N
05/10/2026,12,2,HB_NORTH,32.3,N
05/10/2026,12,3,HB_NORTH,30.39,N
05/10/2026,12,4,HB_NORTH,42.27,N
05/10/2026,13,1,HB_NORTH,21.45,N
05/10/2026,13,2,HB_NORTH,32.76,N
05/10/2026,13,3,HB_NORTH,26.93,N
05/10/2026,13,4,HB_NORTH,23.9,N
05/10/2026,14,1,HB_NORTH,46.81,N
05/10/2026,14,2,HB_NORTH,29.47,N
05/10/2026,14,3,HB_NORTH,31.02,N
05/10/2026,14,4,HB_NORTH,35.22,N
05/10/2026,15,1,HB_NORTH,11.13,N
05/10/2026,15,2,HB_NORTH,36.52,N
05/10/2026,15,3,HB_NORTH,1202.43,N
05/10/2026,15,4,HB_NORTH,16.35,N
05/10/2026,16,1,HB_NORTH,15.72,N
05/10/2026,16,2,HB_NORTH,24.05,N
05/10/2026,16,3,HB_NORTH,21.14,N
05/10/2026,16,4,HB_NORTH,18.06,N
05/10/2026,17,1,HB_NORTH,16.91,N
05/10/2026,17,2,HB_NORTH,9.19,N
05/10/2026,17,3,HB_NORTH,5.03,N
05/10/2026,17,4,HB_NORTH,22.82,N
05/10/2026,18,1,HB_NORTH,21.06,N
05/10/2026,18,2,HB_NORTH,28.19,N
05/10/2026,18,3,HB_NORTH,9.19,N
05/10/2026,18,4,HB_NORTH,21.05,N
05/10/2026,19,1,HB_NORTH,12.73,N
05/10/2026,19,2,HB_NORTH,24.52,N
05/10/2026,19,3,HB_NORTH,23.18,N
05/10/2026,19,4,HB_NORTH,16.69,N
05/10/2026,20,1,HB_NORTH,12.79,N
05/10/2026,20,2,HB_NORTH,23.2,N
05/10/2026,20,3,HB_NORTH,20.69,N
05/10/2026,20,4,HB_NORTH,10.04,N
05/10/2026,21,1,HB_NORTH,6.39,N
05/10/2026,21,2,HB_NORTH,14.7,N
05/10/2026,21,3,HB_NORTH,29.13,N
05/10/2026,21,4,HB_NORTH,-18.82,N
05/10/2026,22,1,HB_NORTH,10.49,N
05/10/2026,22,2,HB_NORTH,10.05,N
05/10/2026,22,3,HB_NORTH,29.59,N
05/10/2026,22,4,HB_NORTH,10.31,N
05/10/2026,23,1,HB_NORTH,26.57,N
05/10/2026,23,2,HB_NORTH,17.57,N
05/10/2026,23,3,HB_NORTH,35.44,N
05/10/2026,23,4,HB_NORTH,16.34,N
05/10/2026,24,1,HB_NORTH,285.26,N
05/10/2026,24,2,HB_NORTH,27.6,N
05/10/2026,24,3,HB_NORTH,28.14,N
05/10/2026,24,4,HB_NORTH,10.36,N
05/11/2026,1,1,HB_NORTH,12.38,N
05/11/2026,1,2,HB_NORTH,28.24,N
05/11/2026,1,3,HB_NORTH,31.98,N
05/11/2026,1,4,HB_NORTH,271.0,N
05/11/2026,2,1,HB_NORTH,25.17,N
05/11/2026,2,2,HB_NORTH,38.37,N
05/11/2026,2,3,HB_NORTH,38.39,N
05/11/2026,2,4,HB_NORTH,32.78,N
05/11/2026,3,1,HB_NORTH,43.74,N
05/11/2026,3,2,HB_NORTH,28.11,N
05/11/2026,3,3,HB_NORTH,34.65,N
05/11/2026,3,4,HB_NORTH,50.68,N
05/11/2026,4,1,HB_NORTH,41.15,N
05/11/2026,4,2,HB_NORTH,41.62,N
05/11/2026,4,3,HB_NORTH,59.05,N
05/11/2026,4,4,HB_NORTH,29.41,N
05/11/2026,5,1,HB_NORTH,49.36,N
05/11/2026,5,2,HB_NORTH,56.3,N
05/11/2026,5,3,HB_NORTH,40.39,N
05/11/2026,5,4,HB_NORTH,49.87,N
05/11/2026,6,1,HB_NORTH,36.63,N
05/11/2026,6,2,HB_NORTH,39.0,N
05/11/2026,6,3,HB_NORTH,47.57,N
05/11/2026,6,4,HB_NORTH,50.88,N
05/11/2026,7,1,HB_NORTH,53.97,N
05/11/2026,7,2,HB_NORTH,57.56,N
05/11/2026,7,3,HB_NORTH,44.46,N
05/11/2026,7,4,HB_NORTH,54.55,N
05/11/2026,8,1,HB_NORTH,41.75,N
05/11/2026,8,2,HB_NORTH,51.71,N
05/11/2026,8,3,HB_NORTH,46.15,N
05/11/2026,8,4,HB_NORTH,48.05,N
05/11/2026,9,1,HB_NORTH,46.38,N
05/11/2026,9,2,HB_NORTH,30.15,N
05/11/2026,9,3,HB_NORTH,34.0,N
05/11/2026,9,4,HB_NORTH,43.81,N
05/11/2026,10,1,HB_NORTH,27.11,N
05/11/2026,10,2,HB_NORTH,47.26,N
05/11/2026,10,3,HB_NORTH,47.58,N
05/11/2026,10,4,HB_NORTH,43.22,N
05/11/2026,11,1,HB_NORTH,28.53,N
05/11/2026,11,2,HB_NORTH,48.54,N
05/11/2026,11,3,HB_NORTH,53.8,N
05/11/2026,11,4,HB_NORTH,38.68,N
05/11/2026,12,1,HB_NORTH,37.97,N
05/11/2026,12,2,HB_NORTH,35.5,N
05/11/2026,12,3,HB_NORTH,38.13,N
05/11/2026,12,4,HB_NORTH,32.93,N
05/11/2026,13,1,HB_NORTH,29.72,N
05/11/2026,13,2,HB_NORTH,37.25,N
05/11/2026,13,3,HB_NORTH,48.76,N
05/11/2026,13,4,HB_NORTH,18.8,N
05/11/2026,14,1,HB_NORTH,25.29,N
05/11/2026,14,2,HB_NORTH,16.67,N
05/11/2026,14,3,HB_NORTH,38.85,N
05/11/2026,14,4,HB_NORTH,21.42,N
05/11/2026,15,1,HB_NORTH,10.95,N
05/11/2026,15,2,HB_NORTH,27.61,N
05/11/2026,15,3,HB_NORTH,36.45,N
05/11/2026,15,4,HB_NORTH,27.81,N
05/11/2026,16,1,HB_NORTH,21.03,N
05/11/2026,16,2,HB_NORTH,22.67,N
05/11/2026,16,3,HB_NORTH,30.71,N
05/11/2026,16,4,HB_NORTH,262.4,N
05/11/2026,17,1,HB_NORTH,16.11,N
05/11/2026,17,2,HB_NORTH,13.39,N
05/11/2026,17,3,HB_NORTH,7.67,N
05/11/2026,17,4,HB_NORTH,14.38,N
05/11/2026,18,1,HB_NORTH,24.37,N
05/11/2026,18,2,HB_NORTH,20.04,N
05/11/2026,18,3,HB_NORTH,20.67,N
05/11/2026,18,4,HB_NORTH,16.68,N
05/11/2026,19,1,HB_NORTH,19.19,N
05/11/2026,19,2,HB_NORTH,8.6,N
05/11/2026,19,3,HB_NORTH,12.52,N
05/11/2026,19,4,HB_NORTH,16.54,N
05/11/2026,20,1,HB_NORTH,17.73,N
05/11/2026,20,2,HB_NORTH,18.07,N
05/11/2026,20,3,HB_NORTH,14.4,N
05/11/2026,20,4,HB_NORTH,12.49,N
05/11/2026,21,1,HB_NORTH,42.27,N
05/11/2026,21,2,HB_NORTH,24.26,N
05/11/2026,21,3,HB_NORTH,20.31,N
05/11/2026,21,4,HB_NORTH,15.14,N
05/11/2026,22,1,HB_NORTH,15.78,N
05/11/2026,22,2,HB_NORTH,18.35,N
05/11/2026,22,3,HB_NORTH,21.74,N
05/11/2026,22,4,HB_NORTH,4.35,N
05/11/2026,23,1,HB_NORTH,9.94,N
05/11/2026,23,2,HB_NORTH,17.4,N
05/11/2026,23,3,HB_NORTH,24.16,N
05/11/2026,23,4,HB_NORTH,20.59,N
05/11/2026,24,1,HB_NORTH,37.94,N
05/11/2026,24,2,HB_NORTH,14.26,N
05/11/2026,24,3,HB_NORTH,20.11,N
05/11/2026,24,4,HB_NORTH,38.28,N
05/12/2026,1,1,HB_NORTH,31.05,N
05/12/2026,1,2,HB_NORTH,37.08,N
05/12/2026,1,3,HB_NORTH,296.41,N
05/12/2026,1,4,HB_NORTH,-20.55,N
05/12/2026,2,1,HB_NORTH,33.09,N
05/12/2026,2,2,HB_NORTH,31.7,N
05/12/2026,2,3,HB_NORTH,18.25,N
05/12/2026,2,4,HB_NORTH,31.4,N
05/12/2026,3,1,HB_NORTH,44.55,N
05/12/2026,3,2,HB_NORTH,41.82,N
05/12/2026,3,3,HB_NORTH,42.45,N
05/12/2026,3,4,HB_NORTH,34.5,N
05/12/2026,4,1,HB_NORTH,285.36,N
05/12/2026,4,2,HB_NORTH,50.76,N
05/12/2026,4,3,HB_NORTH,36.63,N
05/12/2026,4,4,HB_NORTH,42.96,N
05/12/2026,5,1,HB_NORTH,44.3,N
05/12/2026,5,2,HB_NORTH,54.68,N
05/12/2026,5,3,HB_NORTH,50.76,N
05/12/2026,5,4,HB_NORTH,32.63,N
05/12/2026,6,1,HB_NORTH,34.99,N
05/12/2026,6,2,HB_NORTH,49.12,N
05/12/2026,6,3,HB_NORTH,293.97,N
05/12/2026,6,4,HB_NORTH,40.85,N
05/12/2026,7,1,HB_NORTH,53.13,N
05/12/2026,7,2,HB_NORTH,46.5,N
05/12/2026,7,3,HB_NORTH,45.42,N
05/12/2026,7,4,HB_NORTH,301.24,N
05/12/2026,8,1,HB_NORTH,41.49,N
05/12/2026,8,2,HB_NORTH,57.04,N
05/12/2026,8,3,HB_NORTH,38.18,N
05/12/2026,8,4,HB_NORTH,49.74,N
05/12/2026,9,1,HB_NORTH,54.46,N
05/12/2026,9,2,HB_NORTH,281.97,N
05/12/2026,9,3,HB_NORTH,40.24,N
05/12/2026,9,4,HB_NORTH,302.13,N
05/12/2026,10,1,HB_NORTH,49.86,N
05/12/2026,10,2,HB_NORTH,39.23,N
05/12/2026,10,3,HB_NORTH,34.73,N
05/12/2026,10,4,HB_NORTH,48.25,N
05/12/2026,11,1,HB_NORTH,46.97,N
05/12/2026,11,2,HB_NORTH,28.18,N
05/12/2026,11,3,HB_NORTH,27.87,N
05/12/2026,11,4,HB_NORTH,39.3,N
05/12/2026,12,1,HB_NORTH,38.92,N
05/12/2026,12,2,HB_NORTH,31.49,N
05/12/2026,12,3,HB_NORTH,39.32,N
05/12/2026,12,4,HB_NORTH,28.2,N
05/12/2026,13,1,HB_NORTH,13.08,N
05/12/2026,13,2,HB_NORTH,26.61,N
05/12/2026,13,3,HB_NORTH,30.51,N
05/12/2026,13,4,HB_NORTH,27.79,N
05/12/2026,14,1,HB_NORTH,16.85,N
05/12/2026,14,2,HB_NORTH,11.59,N
05/12/2026,14,3,HB_NORTH,22.01,N
05/12/2026,14,4,HB_NORTH,33.3,N
05/12/2026,15,1,HB_NORTH,32.55,N
05/12/2026,15,2,HB_NORTH,32.0,N
05/12/2026,15,3,HB_NORTH,15.97,N
05/12/2026,15,4,HB_NORTH,13.27,N
05/12/2026,16,1,HB_NORTH,23.37,N
05/12/2026,16,2,HB_NORTH,24.47,N
05/12/2026,16,3,HB_NORTH,22.59,N
05/12/2026,16,4,HB_NORTH,3.28,N
05/12/2026,17,1,HB_NORTH,10.07,N
05/12/2026,17,2,HB_NORTH,16.77,N
05/12/2026,17,3,HB_NORTH,20.91,N
05/12/2026,17,4,HB_NORTH,23.15,N
05/12/2026,18,1,HB_NORTH,16.67,N
05/12/2026,18,2,HB_NORTH,18.16,N
05/12/2026,18,3,HB_NORTH,16.19,N
05/12/2026,18,4,HB_NORTH,21.0,N
05/12/2026,19,1,HB_NORTH,17.5,N
05/12/2026,19,2,HB_NORTH,15.53,N
05/12/2026,19,3,HB_NORTH,12.85,N
05/12/2026,19,4,HB_NORTH,15.65,N
05/12/2026,20,1,HB_NORTH,19.39,N
05/12/2026,20,2,HB_NORTH,17.65,N
05/12/2026,20,3,HB_NORTH,18.56,N
05/12/2026,20,4,HB_NORTH,26.25,N
05/12/2026,21,1,HB_NORTH,19.13,N
05/12/2026,21,2,HB_NORTH,11.82,N
05/12/2026,21,3,HB_NORTH,24.08,N
05/12/2026,21,4,HB_NORTH,6.08,N
05/12/2026,22,1,HB_NORTH,10.74,N
05/12/2026,22,2,HB_NORTH,22.08,N
05/12/2026,22,3,HB_NORTH,23.52,N
05/12/2026,22,4,HB_NORTH,9.43,N
05/12/2026,23,1,HB_NORTH,19.44,N
05/12/2026,23,2,HB_NORTH,17.65,N
05/12/2026,23,3,HB_NORTH,18.61,N
05/12/2026,23,4,HB_NORTH,30.05,N
05/12/2026,24,1,HB_NORTH,31.77,N
05/12/2026,24,2,HB_NORTH,25.96,N
05/12/2026,24,3,HB_NORTH,21.75,N
05/12/2026,24,4,HB_NORTH,265.32,N
05/13/2026,1,1,HB_NORTH,41.36,N
05/13/2026,1,2,HB_NORTH,34.74,N
05/13/2026,1,3,HB_NORTH,24.35,N
05/13/2026,1,4,HB_NORTH,35.76,N
05/13/2026,2,1,HB_NORTH,33.32,N
05/13/2026,2,2,HB_NORTH,31.59,N
05/13/2026,2,3,HB_NORTH,37.36,N
05/13/2026,2,4,HB_NORTH,27.95,N
05/13/2026,3,1,HB_NORTH,34.75,N
05/13/2026,3,2,HB_NORTH,38.47,N
05/13/2026,3,3,HB_NORTH,33.5,N
05/13/2026,3,4,HB_NORTH,42.85,N
05/13/2026,4,1,HB_NORTH,55.56,N
05/13/2026,4,2,HB_NORTH,-10.43,N
05/13/2026,4,3,HB_NORTH,27.29,N
05/13/2026,4,4,HB_NORTH,24.59,N
05/13/2026,5,1,HB_NORTH,41.79,N
05/13/2026,5,2,HB_NORTH,37.69,N
05/13/2026,5,3,HB_NORTH,44.65,N
05/13/2026,5,4,HB_NORTH,44.05,N
05/13/2026,6,1,HB_NORTH,31.66,N
05/13/2026,6,2,HB_NORTH,29.97,N
05/13/2026,6,3,HB_NORTH,46.86,N
05/13/2026,6,4,HB_NORTH,45.57,N
05/13/2026,7,1,HB_NORTH,41.59,N
05/13/2026,7,2,HB_NORTH,31.74,N
05/13/2026,7,3,HB_NORTH,48.77,N
05/13/2026,7,4,HB_NORTH,10.18,N
05/13/2026,8,1,HB_NORTH,46.71,N
05/13/2026,8,2,HB_NORTH,37.71,N
05/13/2026,8,3,HB_NORTH,44.85,N
05/13/2026,8,4,HB_NORTH,33.56,N
05/13/2026,9,1,HB_NORTH,51.45,N
05/13/2026,9,2,HB_NORTH,43.65,N
05/13/2026,9,3,HB_NORTH,28.85,N
05/13/2026,9,4,HB_NORTH,40.58,N
05/13/2026,10,1,HB_NORTH,44.31,N
05/13/2026,10,2,HB_NORTH,37.94,N
05/13/2026,10,3,HB_NORTH,38.4,N
05/13/2026,10,4,HB_NORTH,30.81,N
05/13/2026,11,1,HB_NORTH,292.03,N
05/13/2026,11,2,HB_NORTH,32.31,N
05/13/2026,11,3,HB_NORTH,20.25,N
05/13/2026,11,4,HB_NORTH,34.53,N
05/13/2026,12,1,HB_NORTH,41.73,N
05/13/2026,12,2,HB_NORTH,30.79,N
05/13/2026,12,3,HB_NORTH,47.79,N
05/13/2026,12,4,HB_NORTH,37.31,N
05/13/2026,13,1,HB_NORTH,32.71,N
05/13/2026,13,2,HB_NORTH,28.97,N
05/13/2026,13,3,HB_NORTH,29.45,N
05/13/2026,13,4,HB_NORTH,27.89,N
05/13/2026,14,1,HB_NORTH,23.7,N
05/13/2026,14,2,HB_NORTH,30.36,N
05/13/2026,14,3,HB_NORTH,18.63,N
05/13/2026,14,4,HB_NORTH,17.51,N
05/13/2026,15,1,HB_NORTH,13.51,N
05/13/2026,15,2,HB_NORTH,38.87,N
05/13/2026,15,3,HB_NORTH,26.74,N
05/13/2026,15,4,HB_NORTH,24.94,N
05/13/2026,16,1,HB_NORTH,10.93,N
05/13/2026,16,2,HB_NORTH,24.38,N
05/13/2026,16,3,HB_NORTH,18.46,N
05/13/2026,16,4,HB_NORTH,21.11,N
05/13/2026,17,1,HB_NORTH,9.2,N
05/13/2026,17,2,HB_NORTH,18.29,N
05/13/2026,17,3,HB_NORTH,13.62,N
05/13/2026,17,4,HB_NORTH,10.88,N
05/13/2026,18,1,HB_NORTH,21.38,N
05/13/2026,18,2,HB_NORTH,3.21,N
05/13/2026,18,3,HB_NORTH,20.03,N
05/13/2026,18,4,HB_NORTH,20.99,N
05/13/2026,19,1,HB_NORTH,7.96,N
05/13/2026,19,2,HB_NORTH,8.44,N
05/13/2026,19,3,HB_NORTH,13.22,N
05/13/2026,19,4,HB_NORTH,17.26,N
05/13/2026,20,1,HB_NORTH,14.29,N
05/13/2026,20,2,HB_NORTH,18.98,N
05/13/2026,20,3,HB_NORTH,29.61,N
05/13/2026,20,4,HB_NORTH,11.45,N
05/13/2026,21,1,HB_NORTH,3.29,N
05/13/2026,21,2,HB_NORTH,23.62,N
05/13/2026,21,3,HB_NORTH,30.48,N
05/13/2026,21,4,HB_NORTH,20.15,N
05/13/2026,22,1,HB_NORTH,10.69,N
05/13/2026,22,2,HB_NORTH,18.4,N
05/13/2026,22,3,HB_NORTH,10.45,N
05/13/2026,22,4,HB_NORTH,24.54,N
05/13/2026,23,1,HB_NORTH,11.69,N
05/13/2026,23,2,HB_NORTH,270.1,N
05/13/2026,23,3,HB_NORTH,14.47,N
05/13/2026,23,4,HB_NORTH,23.51,N
05/13/2026,24,1,HB_NORTH,23.19,N
05/13/2026,24,2,HB_NORTH,27.53,N
05/13/2026,24,3,HB_NORTH,26.3,N
05/13/2026,24,4,HB_NORTH,18.22,N
05/14/2026,1,1,HB_NORTH,35.02,N
05/14/2026,1,2,HB_NORTH,29.61,N
05/14/2026,1,3,HB_NORTH,22.09,N
05/14/2026,1,4,HB_NORTH,47.93,N
05/14/2026,2,1,HB_NORTH,37.69,N
05/14/2026,2,2,HB_NORTH,32.66,N
05/14/2026,2,3,HB_NORTH,45.2,N
05/14/2026,2,4,HB_NORTH,48.62,N
05/14/2026,3,1,HB_NORTH,36.34,N
05/14/2026,3,2,HB_NORTH,40.28,N
05/14/2026,3,3,HB_NORTH,29.6,N
05/14/2026,3,4,HB_NORTH,286.32,N
05/14/2026,4,1,HB_NORTH,39.01,N
05/14/2026,4,2,HB_NORTH,42.09,N
05/14/2026,4,3,HB_NORTH,43.27,N
05/14/2026,4,4,HB_NORTH,45.09,N
05/14/2026,5,1,HB_NORTH,44.89,N
05/14/2026,5,2,HB_NORTH,33.3,N
05/14/2026,5,3,HB_NORTH,35.48,N
05/14/2026,5,4,HB_NORTH,38.62,N
05/14/2026,6,1,HB_NORTH,42.23,N
05/14/2026,6,2,HB_NORTH,52.9,N
05/14/2026,6,3,HB_NORTH,35.19,N
05/14/2026,6,4,HB_NORTH,41.63,N
05/14/2026,7,1,HB_NORTH,52.62,N
05/14/2026,7,2,HB_NORTH,42.6,N
05/14/2026,7,3,HB_NORTH,48.68,N
05/14/2026,7,4,HB_NORTH,43.88,N
05/14/2026,8,1,HB_NORTH,46.54,N
05/14/2026,8,2,HB_NORTH,42.66,N
05/14/2026,8,3,HB_NORTH,49.83,N
05/14/2026,8,4,HB_NORTH,32.13,N
05/14/2026,9,1,HB_NORTH,40.08,N
05/14/2026,9,2,HB_NORTH,45.36,N
05/14/2026,9,3,HB_NORTH,47.26,N
05/14/2026,9,4,HB_NORTH,54.93,N
05/14/2026,10,1,HB_NORTH,37.48,N
05/14/2026,10,2,HB_NORTH,52.44,N
05/14/2026,10,3,HB_NORTH,35.33,N
05/14/2026,10,4,HB_NORTH,51.24,N
05/14/2026,11,1,HB_NORTH,44.04,N
05/14/2026,11,2,HB_NORTH,30.19,N
05/14/2026,11,3,HB_NORTH,39.96,N
05/14/2026,11,4,HB_NORTH,37.09,N
05/14/2026,12,1,HB_NORTH,38.89,N
05/14/2026,12,2,HB_NORTH,32.1,N
05/14/2026,12,3,HB_NORTH,31.42,N
05/14/2026,12,4,HB_NORTH,44.84,N
05/14/2026,13,1,HB_NORTH,29.21,N
05/14/2026,13,2,HB_NORTH,36.61,N
05/14/2026,13,3,HB_NORTH,28.2,N
05/14/2026,13,4,HB_NORTH,43.33,N
05/14/2026,14,1,HB_NORTH,20.69,N
05/14/2026,14,2,HB_NORTH,21.2,N
05/14/2026,14,3,HB_NORTH,38.31,N
05/14/2026,14,4,HB_NORTH,22.56,N
05/14/2026,15,1,HB_NORTH,35.31,N
05/14/2026,15,2,HB_NORTH,29.63,N
05/14/2026,15,3,HB_NORTH,21.26,N
05/14/2026,15,4,HB_NORTH,7.99,N
05/14/2026,16,1,HB_NORTH,19.24,N
05/14/2026,16,2,HB_NORTH,20.21,N
05/14/2026,16,3,HB_NORTH,28.73,N
05/14/2026,16,4,HB_NORTH,32.1,N
05/14/2026,17,1,HB_NORTH,11.53,N
05/14/2026,17,2,HB_NORTH,23.42,N
05/14/2026,17,3,HB_NORTH,23.13,N
05/14/2026,17,4,HB_NORTH,25.6,N
05/14/2026,18,1,HB_NORTH,19.5,N
05/14/2026,18,2,HB_NORTH,-0.03,N
05/14/2026,18,3,HB_NORTH,14.27,N
05/14/2026,18,4,HB_NORTH,6.27,N
05/14/2026,19,1,HB_NORTH,13.38,N
05/14/2026,19,2,HB_NORTH,22.84,N
05/14/2026,19,3,HB_NORTH,17.44,N
05/14/2026,19,4,HB_NORTH,24.18,N
05/14/2026,20,1,HB_NORTH,18.25,N
05/14/2026,20,2,HB_NORTH,5.12,N
05/14/2026,20,3,HB_NORTH,-4.66,N
05/14/2026,20,4,HB_NORTH,16.7,N
05/14/2026,21,1,HB_NORTH,15.3,N
05/14/2026,21,2,HB_NORTH,9.19,N
05/14/2026,21,3,HB_NORTH,3.4,N
05/14/2026,21,4,HB_NORTH,11.13,N
05/14/2026,22,1,HB_NORTH,17.84,N
05/14/2026,22,2,HB_NORTH,24.72,N
05/14/2026,22,3,HB_NORTH,20.9,N
05/14/2026,22,4,HB_NORTH,32.26,N
05/14/2026,23,1,HB_NORTH,14.22,N
05/14/2026,23,2,HB_NORTH,29.55,N
05/14/2026,23,3,HB_NORTH,22.88,N
05/14/2026,23,4,HB_NORTH,278.06,N
05/14/2026,24,1,HB_NORTH,22.63,N
05/14/2026,24,2,HB_NORTH,34.69,N
05/14/2026,24,3,HB_NORTH,28.48,N
05/14/2026,24,4,HB_NORTH,20.68,N
05/15/2026,1,1,HB_NORTH,29.9,N
05/15/2026,1,2,HB_NORTH,28.08,N
05/15/2026,1,3,HB_NORTH,33.91,N
05/15/2026,1,4,HB_NORTH,20.56,N
05/15/2026,2,1,HB_NORTH,33.65,N
05/15/2026,2,2,HB_NORTH,37.04,N
05/15/2026,2,3,HB_NORTH,34.15,N
05/15/2026,2,4,HB_NORTH,44.66,N
05/15/2026,3,1,HB_NORTH,43.69,N
05/15/2026,3,2,HB_NORTH,37.44,N
05/15/2026,3,3,HB_NORTH,39.23,N
05/15/2026,3,4,HB_NORTH,39.87,N
05/15/2026,4,1,HB_NORTH,43.83,N
05/15/2026,4,2,HB_NORTH,26.0,N
05/15/2026,4,3,HB_NORTH,38.19,N
05/15/2026,4,4,HB_NORTH,28.73,N
05/15/2026,5,1,HB_NORTH,8.22,N
05/15/2026,5,2,HB_NORTH,42.5,N
05/15/2026,5,3,HB_NORTH,41.44,N
05/15/2026,5,4,HB_NORTH,50.16,N
05/15/2026,6,1,HB_NORTH,47.87,N
05/15/2026,6,2,HB_NORTH,35.46,N
05/15/2026,6,3,HB_NORTH,43.92,N
05/15/2026,6,4,HB_NORTH,-3.19,N
05/15/2026,7,1,HB_NORTH,31.04,N
05/15/2026,7,2,HB_NORTH,39.48,N
05/15/2026,7,3,HB_NORTH,43.53,N
05/15/2026,7,4,HB_NORTH,-0.92,N
05/15/2026,8,1,HB_NORTH,32.63,N
05/15/2026,8,2,HB_NORTH,53.7,N
05/15/2026,8,3,HB_NORTH,43.67,N
05/15/2026,8,4,HB_NORTH,44.79,N
05/15/2026,9,1,HB_NORTH,46.2,N
05/15/2026,9,2,HB_NORTH,36.69,N
05/15/2026,9,3,HB_NORTH,46.64,N
05/15/2026,9,4,HB_NORTH,40.05,N
05/15/2026,10,1,HB_NORTH,33.43,N
05/15/2026,10,2,HB_NORTH,45.19,N
05/15/2026,10,3,HB_NORTH,52.54,N
05/15/2026,10,4,HB_NORTH,46.41,N
05/15/2026,11,1,HB_NORTH,44.88,N
05/15/2026,11,2,HB_NORTH,33.33,N
05/15/2026,11,3,HB_NORTH,24.72,N
05/15/2026,11,4,HB_NORTH,49.42,N
05/15/2026,12,1,HB_NORTH,50.32,N
05/15/2026,12,2,HB_NORTH,46.22,N
05/15/2026,12,3,HB_NORTH,31.2,N
05/15/2026,12,4,HB_NORTH,24.65,N
05/15/2026,13,1,HB_NORTH,21.47,N
05/15/2026,13,2,HB_NORTH,16.53,N
05/15/2026,13,3,HB_NORTH,29.14,N
05/15/2026,13,4,HB_NORTH,42.85,N
05/15/2026,14,1,HB_NORTH,24.98,N
05/15/2026,14,2,HB_NORTH,28.54,N
05/15/2026,14,3,HB_NORTH,37.12,N
05/15/2026,14,4,HB_NORTH,22.88,N
05/15/2026,15,1,HB_NORTH,38.78,N
05/15/2026,15,2,HB_NORTH,38.44,N
05/15/2026,15,3,HB_NORTH,21.45,N
05/15/2026,15,4,HB_NORTH,17.88,N
05/15/2026,16,1,HB_NORTH,24.97,N
05/15/2026,16,2,HB_NORTH,16.61,N
05/15/2026,16,3,HB_NORTH,10.14,N
05/15/2026,16,4,HB_NORTH,29.64,N
05/15/2026,17,1,HB_NORTH,26.74,N
05/15/2026,17,2,HB_NORTH,18.25,N
05/15/2026,17,3,HB_NORTH,6.91,N
05/15/2026,17,4,HB_NORTH,7.17,N
05/15/2026,18,1,HB_NORTH,16.37,N
05/15/2026,18,2,HB_NORTH,11.51,N
05/15/2026,18,3,HB_NORTH,12.78,N
05/15/2026,18,4,HB_NORTH,23.69,N
05/15/2026,19,1,HB_NORTH,20.87,N
05/15/2026,19,2,HB_NORTH,26.03,N
05/15/2026,19,3,HB_NORTH,7.08,N
05/15/2026,19,4,HB_NORTH,12.25,N
05/15/2026,20,1,HB_NORTH,21.58,N
05/15/2026,20,2,HB_NORTH,19.1,N
05/15/2026,20,3,HB_NORTH,27.77,N
05/15/2026,20,4,HB_NORTH,18.88,N
05/15/2026,21,1,HB_NORTH,31.79,N
05/15/2026,21,2,HB_NORTH,21.33,N
05/15/2026,21,3,HB_NORTH,25.51,N
05/15/2026,21,4,HB_NORTH,14.42,N
05/15/2026,22,1,HB_NORTH,19.51,N
05/15/2026,22,2,HB_NORTH,26.68,N
05/15/2026,22,3,HB_NORTH,32.3,N
05/15/2026,22,4,HB_NORTH,25.23,N
05/15/2026,23,1,HB_NORTH,21.83,N
05/15/2026,23,2,HB_NORTH,33.52,N
05/15/2026,23,3,HB_NORTH,4.96,N
05/15/2026,23,4,HB_NORTH,11.12,N
05/15/2026,24,1,HB_NORTH,31.57,N
05/15/2026,24,2,HB_NORTH,1226.23,N
05/15/2026,24,3,HB_NORTH,30.96,N
05/15/2026,24,4,HB_NORTH,26.63,N
05/16/2026,1,1,HB_NORTH,34.57,N
05/16/2026,1,2,HB_NORTH,23.48,N
05/16/2026,1,3,HB_NORTH,34.56,N
05/16/2026,1,4,HB_NORTH,37.96,N
05/16/2026,2,1,HB_NORTH,43.65,N
05/16/2026,2,2,HB_NORTH,49.99,N
05/16/2026,2,3,HB_NORTH,35.84,N
05/16/2026,2,4,HB_NORTH,36.07,N
05/16/2026,3,1,HB_NORTH,25.31,N
05/16/2026,3,2,HB_NORTH,33.25,N
05/16/2026,3,3,HB_NORTH,35.96,N
05/16/2026,3,4,HB_NORTH,45.9,N
05/16/2026,4,1,HB_NORTH,35.72,N
05/16/2026,4,2,HB_NORTH,46.98,N
05/16/2026,4,3,HB_NORTH,40.59,N
05/16/2026,4,4,HB_NORTH,39.19,N
05/16/2026,5,1,HB_NORTH,44.98,N
05/16/2026,5,2,HB_NORTH,39.86,N
05/16/2026,5,3,HB_NORTH,39.56,N
05/16/2026,5,4,HB_NORTH,29.35,N
05/16/2026,6,1,HB_NORTH,42.51,N
05/16/2026,6,2,HB_NORTH,40.65,N
05/16/2026,6,3,HB_NORTH,1240.36,N
05/16/2026,6,4,HB_NORTH,47.82,N
05/16/2026,7,1,HB_NORTH,50.27,N
05/16/2026,7,2,HB_NORTH,46.86,N
05/16/2026,7,3,HB_NORTH,52.96,N
05/16/2026,7,4,HB_NORTH,49.6,N
05/16/2026,8,1,HB_NORTH,42.13,N
05/16/2026,8,2,HB_NORTH,40.79,N
05/16/2026,8,3,HB_NORTH,46.99,N
05/16/2026,8,4,HB_NORTH,49.08,N
05/16/2026,9,1,HB_NORTH,54.17,N
05/16/2026,9,2,HB_NORTH,52.52,N
05/16/2026,9,3,HB_NORTH,288.66,N
05/16/2026,9,4,HB_NORTH,42.17,N
05/16/2026,10,1,HB_NORTH,45.97,N
05/16/2026,10,2,HB_NORTH,49.15,N
05/16/2026,10,3,HB_NORTH,48.12,N
05/16/2026,10,4,HB_NORTH,40.1,N
05/16/2026,11,1,HB_NORTH,27.47,N
05/16/2026,11,2,HB_NORTH,29.51,N
05/16/2026,11,3,HB_NORTH,39.68,N
05/16/2026,11,4,HB_NORTH,40.24,N
05/16/2026,12,1,HB_NORTH,25.09,N
05/16/2026,12,2,HB_NORTH,34.24,N
05/16/2026,12,3,HB_NORTH,38.93,N
05/16/2026,12,4,HB_NORTH,24.67,N
05/16/2026,13,1,HB_NORTH,38.84,N
05/16/2026,13,2,HB_NORTH,26.98,N
05/16/2026,13,3,HB_NORTH,40.06,N
05/16/2026,13,4,HB_NORTH,25.73,N
05/16/2026,14,1,HB_NORTH,17.9,N
05/16/2026,14,2,HB_NORTH,22.45,N
05/16/2026,14,3,HB_NORTH,25.36,N
05/16/2026,14,4,HB_NORTH,23.01,N
05/16/2026,15,1,HB_NORTH,20.77,N
05/16/2026,15,2,HB_NORTH,25.17,N
05/16/2026,15,3,HB_NORTH,21.13,N
05/16/2026,15,4,HB_NORTH,21.97,N
05/16/2026,16,1,HB_NORTH,5.72,N
05/16/2026,16,2,HB_NORTH,22.53,N
05/16/2026,16,3,HB_NORTH,18.68,N
05/16/2026,16,4,HB_NORTH,32.28,N
05/16/2026,17,1,HB_NORTH,259.49,N
05/16/2026,17,2,HB_NORTH,2.54,N
05/16/2026,17,3,HB_NORTH,21.95,N
05/16/2026,17,4,HB_NORTH,19.78,N
05/16/2026,18,1,HB_NORTH,7.44,N
05/16/2026,18,2,HB_NORTH,3.27,N
05/16/2026,18,3,HB_NORTH,27.81,N
05/16/2026,18,4,HB_NORTH,26.82,N
05/16/2026,19,1,HB_NORTH,-4.9,N
05/16/2026,19,2,HB_NORTH,11.33,N
05/16/2026,19,3,HB_NORTH,28.31,N
05/16/2026,19,4,HB_NORTH,11.19,N
05/16/2026,20,1,HB_NORTH,11.59,N
05/16/2026,20,2,HB_NORTH,13.25,N
05/16/2026,20,3,HB_NORTH,6.54,N
05/16/2026,20,4,HB_NORTH,1.87,N
05/16/2026,21,1,HB_NORTH,25.43,N
05/16/2026,21,2,HB_NORTH,2.27,N
05/16/2026,21,3,HB_NORTH,18.99,N
05/16/2026,21,4,HB_NORTH,24.1,N
05/16/2026,22,1,HB_NORTH,7.78,N
05/16/2026,22,2,HB_NORTH,12.0,N
05/16/2026,22,3,HB_NORTH,29.1,N
05/16/2026,22,4,HB_NORTH,-21.34,N
05/16/2026,23,1,HB_NORTH,17.56,N
05/16/2026,23,2,HB_NORTH,32.12,N
05/16/2026,23,3,HB_NORTH,32.15,N
05/16/2026,23,4,HB_NORTH,24.65,N
05/16/2026,24,1,HB_NORTH,18.92,N
05/16/2026,24,2,HB_NORTH,22.81,N
05/16/2026,24,3,HB_NORTH,28.41,N
05/16/2026,24,4,HB_NORTH,24.61,N
05/17/2026,1,1,HB_NORTH,37.51,N
05/17/2026,1,2,HB_NORTH,17.76,N
05/17/2026,1,3,HB_NORTH,18.05,N
05/17/2026,1,4,HB_NORTH,31.45,N
05/17/2026,2,1,HB_NORTH,29.95,N
05/17/2026,2,2,HB_NORTH,28.87,N
05/17/2026,2,3,HB_NORTH,19.74,N
05/17/2026,2,4,HB_NORTH,34.04,N
05/17/2026,3,1,HB_NORTH,37.08,N
05/17/2026,3,2,HB_NORTH,42.73,N
05/17/2026,3,3,HB_NORTH,38.05,N
05/17/2026,3,4,HB_NORTH,36.44,N
05/17/2026,4,1,HB_NORTH,50.02,N
05/17/2026,4,2,HB_NORTH,30.11,N
05/17/2026,4,3,HB_NORTH,44.9,N
05/17/2026,4,4,HB_NORTH,27.24,N
05/17/2026,5,1,HB_NORTH,36.28,N
05/17/2026,5,2,HB_NORTH,33.29,N
05/17/2026,5,3,HB_NORTH,49.25,N
05/17/2026,5,4,HB_NORTH,42.47,N
05/17/2026,6,1,HB_NORTH,44.38,N
05/17/2026,6,2,HB_NORTH,35.64,N
05/17/2026,6,3,HB_NORTH,42.09,N
05/17/2026,6,4,HB_NORTH,38.38,N
05/17/2026,7,1,HB_NORTH,48.07,N
05/17/2026,7,2,HB_NORTH,37.07,N
05/17/2026,7,3,HB_NORTH,55.64,N
05/17/2026,7,4,HB_NORTH,31.6,N
05/17/2026,8,1,HB_NORTH,38.04,N
05/17/2026,8,2,HB_NORTH,57.91,N
05/17/2026,8,3,HB_NORTH,41.01,N
05/17/2026,8,4,HB_NORTH,33.97,N
05/17/2026,9,1,HB_NORTH,44.74,N
05/17/2026,9,2,HB_NORTH,39.19,N
05/17/2026,9,3,HB_NORTH,36.3,N
05/17/2026,9,4,HB_NORTH,34.22,N
05/17/2026,10,1,HB_NORTH,62.75,N
05/17/2026,10,2,HB_NORTH,38.59,N
05/17/2026,10,3,HB_NORTH,25.2,N
05/17/2026,10,4,HB_NORTH,52.56,N
05/17/2026,11,1,HB_NORTH,42.39,N
05/17/2026,11,2,HB_NORTH,31.37,N
05/17/2026,11,3,HB_NORTH,30.04,N
05/17/2026,11,4,HB_NORTH,-2.11,N
05/17/2026,12,1,HB_NORTH,31.91,N
05/17/2026,12,2,HB_NORTH,18.47,N
05/17/2026,12,3,HB_NORTH,48.18,N
05/17/2026,12,4,HB_NORTH,30.41,N
05/17/2026,13,1,HB_NORTH,41.96,N
05/17/2026,13,2,HB_NORTH,40.23,N
05/17/2026,13,3,HB_NORTH,21.99,N
05/17/2026,13,4,HB_NORTH,38.27,N
05/17/2026,14,1,HB_NORTH,20.91,N
05/17/2026,14,2,HB_NORTH,11.18,N
05/17/2026,14,3,HB_NORTH,22.72,N
05/17/2026,14,4,HB_NORTH,29.3,N
05/17/2026,15,1,HB_NORTH,18.8,N
05/17/2026,15,2,HB_NORTH,20.04,N
05/17/2026,15,3,HB_NORTH,31.65,N
05/17/2026,15,4,HB_NORTH,23.35,N
05/17/2026,16,1,HB_NORTH,12.65,N
05/17/2026,16,2,HB_NORTH,25.01,N
05/17/2026,16,3,HB_NORTH,20.97,N
05/17/2026,16,4,HB_NORTH,-0.78,N
05/17/2026,17,1,HB_NORTH,20.44,N
05/17/2026,17,2,HB_NORTH,20.14,N
05/17/2026,17,3,HB_NORTH,17.17,N
05/17/2026,17,4,HB_NORTH,24.14,N
05/17/2026,18,1,HB_NORTH,10.13,N
05/17/2026,18,2,HB_NORTH,18.2,N
05/17/2026,18,3,HB_NORTH,2.98,N
05/17/2026,18,4,HB_NORTH,18.77,N
05/17/2026,19,1,HB_NORTH,30.62,N
05/17/2026,19,2,HB_NORTH,7.04,N
05/17/2026,19,3,HB_NORTH,8.92,N
05/17/2026,19,4,HB_NORTH,9.32,N
05/17/2026,20,1,HB_NORTH,16.55,N
05/17/2026,20,2,HB_NORTH,7.01,N
05/17/2026,20,3,HB_NORTH,18.88,N
05/17/2026,20,4,HB_NORTH,22.29,N
05/17/2026,21,1,HB_NORTH,21.28,N
05/17/2026,21,2,HB_NORTH,2.86,N
05/17/2026,21,3,HB_NORTH,24.97,N
05/17/2026,21,4,HB_NORTH,24.51,N
05/17/2026,22,1,HB_NORTH,26.03,N
05/17/2026,22,2,HB_NORTH,22.38,N
05/17/2026,22,3,HB_NORTH,21.15,N
05/17/2026,22,4,HB_NORTH,277.65,N
05/17/2026,23,1,HB_NORTH,37.89,N
05/17/2026,23,2,HB_NORTH,14.88,N
05/17/2026,23,3,HB_NORTH,31.13,N
05/17/2026,23,4,HB_NORTH,21.81,N
05/17/2026,24,1,HB_NORTH,25.08,N
05/17/2026,24,2,HB_NORTH,13.83,N
05/17/2026,24,3,HB_NORTH,23.84,N
05/17/2026,24,4,HB_NORTH,18.14,N
05/18/2026,1,1,HB_NORTH,26.29,N
05/18/2026,1,2,HB_NORTH,271.21,N
05/18/2026,1,3,HB_NORTH,26.41,N
05/18/2026,1,4,HB_NORTH,26.75,N
05/18/2026,2,1,HB_NORTH,34.66,N
05/18/2026,2,2,HB_NORTH,1220.96,N
05/18/2026,2,3,HB_NORTH,22.32,N
05/18/2026,2,4,HB_NORTH,36.78,N
05/18/2026,3,1,HB_NORTH,31.12,N
05/18/2026,3,2,HB_NORTH,46.1,N
05/18/2026,3,3,HB_NORTH,39.3,N
05/18/2026,3,4,HB_NORTH,-2.65,N
05/18/2026,4,1,HB_NORTH,51.89,N
05/18/2026,4,2,HB_NORTH,38.13,N
05/18/2026,4,3,HB_NORTH,36.01,N
05/18/2026,4,4,HB_NORTH,47.58,N
05/18/2026,5,1,HB_NORTH,47.07,N
05/18/2026,5,2,HB_NORTH,41.49,N
05/18/2026,5,3,HB_NORTH,54.12,N
05/18/2026,5,4,HB_NORTH,41.29,N
05/18/2026,6,1,HB_NORTH,44.75,N
05/18/2026,6,2,HB_NORTH,44.66,N
05/18/2026,6,3,HB_NORTH,37.01,N
05/18/2026,6,4,HB_NORTH,45.11,N
05/18/2026,7,1,HB_NORTH,56.17,N
05/18/2026,7,2,HB_NORTH,48.56,N
05/18/2026,7,3,HB_NORTH,45.25,N
05/18/2026,7,4,HB_NORTH,43.71,N
05/18/2026,8,1,HB_NORTH,47.14,N
05/18/2026,8,2,HB_NORTH,50.49,N
05/18/2026,8,3,HB_NORTH,49.36,N
05/18/2026,8,4,HB_NORTH,41.83,N
05/18/2026,9,1,HB_NORTH,45.59,N
05/18/2026,9,2,HB_NORTH,46.83,N
05/18/2026,9,3,HB_NORTH,34.93,N
05/18/2026,9,4,HB_NORTH,44.34,N
05/18/2026,10,1,HB_NORTH,23.32,N
05/18/2026,10,2,HB_NORTH,44.47,N
05/18/2026,10,3,HB_NORTH,45.89,N
05/18/2026,10,4,HB_NORTH,46.59,N
05/18/2026,11,1,HB_NORTH,34.34,N
05/18/2026,11,2,HB_NORTH,39.97,N
05/18/2026,11,3,HB_NORTH,48.89,N
05/18/2026,11,4,HB_NORTH,48.81,N
05/18/2026,12,1,HB_NORTH,33.65,N
05/18/2026,12,2,HB_NORTH,35.0,N
05/18/2026,12,3,HB_NORTH,42.77,N
05/18/2026,12,4,HB_NORTH,21.88,N
05/18/2026,13,1,HB_NORTH,27.42,N
05/18/2026,13,2,HB_NORTH,40.68,N
05/18/2026,13,3,HB_NORTH,37.8,N
05/18/2026,13,4,HB_NORTH,32.95,N
05/18/2026,14,1,HB_NORTH,14.07,N
05/18/2026,14,2,HB_NORTH,25.72,N
05/18/2026,14,3,HB_NORTH,21.4,N
05/18/2026,14,4,HB_NORTH,28.77,N
05/18/2026,15,1,HB_NORTH,16.03,N
05/18/2026,15,2,HB_NORTH,14.29,N
05/18/2026,15,3,HB_NORTH,5.98,N
05/18/2026,15,4,HB_NORTH,32.27,N
05/18/2026,16,1,HB_NORTH,16.2,N
05/18/2026,16,2,HB_NORTH,20.65,N
05/18/2026,16,3,HB_NORTH,19.38,N
05/18/2026,16,4,HB_NORTH,10.85,N
05/18/2026,17,1,HB_NORTH,6.94,N
05/18/2026,17,2,HB_NORTH,8.97,N
05/18/2026,17,3,HB_NORTH,11.22,N
05/18/2026,17,4,HB_NORTH,19.94,N
05/18/2026,18,1,HB_NORTH,9.15,N
05/18/2026,18,2,HB_NORTH,29.48,N
05/18/2026,18,3,HB_NORTH,23.73,N
05/18/2026,18,4,HB_NORTH,21.98,N
05/18/2026,19,1,HB_NORTH,14.04,N
05/18/2026,19,2,HB_NORTH,27.11,N
05/18/2026,19,3,HB_NORTH,13.26,N
05/18/2026,19,4,HB_NORTH,14.75,N
05/18/2026,20,1,HB_NORTH,16.87,N
05/18/2026,20,2,HB_NORTH,21.13,N
05/18/2026,20,3,HB_NORTH,20.61,N
05/18/2026,20,4,HB_NORTH,11.71,N
05/18/2026,21,1,HB_NORTH,12.75,N
05/18/2026,21,2,HB_NORTH,22.13,N
05/18/2026,21,3,HB_NORTH,272.73,N
05/18/2026,21,4,HB_NORTH,13.86,N
05/18/2026,22,1,HB_NORTH,6.7,N
05/18/2026,22,2,HB_NORTH,17.73,N
05/18/2026,22,3,HB_NORTH,-20.62,N
05/18/2026,22,4,HB_NORTH,33.84,N
05/18/2026,23,1,HB_NORTH,12.92,N
05/18/2026,23,2,HB_NORTH,19.09,N
05/18/2026,23,3,HB_NORTH,19.38,N
05/18/2026,23,4,HB_NORTH,33.35,N
05/18/2026,24,1,HB_NORTH,25.84,N
05/18/2026,24,2,HB_NORTH,18.86,N
05/18/2026,24,3,HB_NORTH,30.59,N
05/18/2026,24,4,HB_NORTH,22.88,N
05/19/2026,1,1,HB_NORTH,20.2,N
05/19/2026,1,2,HB_NORTH,22.86,N
05/19/2026,1,3,HB_NORTH,43.87,N
05/19/2026,1,4,HB_NORTH,33.07,N
05/19/2026,2,1,HB_NORTH,284.74,N
05/19/2026,2,2,HB_NORTH,31.88,N
05/19/2026,2,3,HB_NORTH,36.22,N
05/19/2026,2,4,HB_NORTH,36.12,N
05/19/2026,3,1,HB_NORTH,39.84,N
05/19/2026,3,2,HB_NORTH,38.42,N
05/19/2026,3,3,HB_NORTH,44.45,N
05/19/2026,3,4,HB_NORTH,37.68,N
05/19/2026,4,1,HB_NORTH,32.78,N
05/19/2026,4,2,HB_NORTH,35.71,N
05/19/2026,4,3,HB_NORTH,24.77,N
05/19/2026,4,4,HB_NORTH,56.82,N
05/19/2026,5,1,HB_NORTH,49.89,N
05/19/2026,5,2,HB_NORTH,36.35,N
05/19/2026,5,3,HB_NORTH,40.74,N
05/19/2026,5,4,HB_NORTH,37.9,N
05/19/2026,6,1,HB_NORTH,56.83,N
05/19/2026,6,2,HB_NORTH,33.13,N
05/19/2026,6,3,HB_NORTH,45.4,N
05/19/2026,6,4,HB_NORTH,43.62,N
05/19/2026,7,1,HB_NORTH,51.61,N
05/19/2026,7,2,HB_NORTH,44.17,N
05/19/2026,7,3,HB_NORTH,30.93,N
05/19/2026,7,4,HB_NORTH,42.99,N
05/19/2026,8,1,HB_NORTH,36.71,N
05/19/2026,8,2,HB_NORTH,45.13,N
05/19/2026,8,3,HB_NORTH,55.96,N
05/19/2026,8,4,HB_NORTH,30.57,N
05/19/2026,9,1,HB_NORTH,36.59,N
05/19/2026,9,2,HB_NORTH,38.57,N
05/19/2026,9,3,HB_NORTH,39.94,N
05/19/2026,9,4,HB_NORTH,48.91,N
05/19/2026,10,1,HB_NORTH,39.22,N
05/19/2026,10,2,HB_NORTH,43.93,N
05/19/2026,10,3,HB_NORTH,35.6,N
05/19/2026,10,4,HB_NORTH,42.45,N
05/19/2026,11,1,HB_NORTH,43.72,N
05/19/2026,11,2,HB_NORTH,31.64,N
05/19/2026,11,3,HB_NORTH,43.75,N
05/19/2026,11,4,HB_NORTH,37.92,N
05/19/2026,12,1,HB_NORTH,42.25,N
05/19/2026,12,2,HB_NORTH,32.27,N
05/19/2026,12,3,HB_NORTH,36.93,N
05/19/2026,12,4,HB_NORTH,33.56,N
05/19/2026,13,1,HB_NORTH,29.23,N
05/19/2026,13,2,HB_NORTH,32.07,N
05/19/2026,13,3,HB_NORTH,34.29,N
05/19/2026,13,4,HB_NORTH,20.0,N
05/19/2026,14,1,HB_NORTH,37.59,N
05/19/2026,14,2,HB_NORTH,1211.24,N
05/19/2026,14,3,HB_NORTH,20.64,N
05/19/2026,14,4,HB_NORTH,25.36,N
05/19/2026,15,1,HB_NORTH,25.8,N
05/19/2026,15,2,HB_NORTH,35.11,N
05/19/2026,15,3,HB_NORTH,7.63,N
05/19/2026,15,4,HB_NORTH,18.44,N
05/19/2026,16,1,HB_NORTH,2.38,N
05/19/2026,16,2,HB_NORTH,19.65,N
05/19/2026,16,3,HB_NORTH,21.57,N
05/19/2026,16,4,HB_NORTH,32.12,N
05/19/2026,17,1,HB_NORTH,267.97,N
05/19/2026,17,2,HB_NORTH,25.36,N
05/19/2026,17,3,HB_NORTH,21.68,N
05/19/2026,17,4,HB_NORTH,13.53,N
05/19/2026,18,1,HB_NORTH,4.24,N
05/19/2026,18,2,HB_NORTH,17.71,N
05/19/2026,18,3,HB_NORTH,3.57,N
05/19/2026,18,4,HB_NORTH,25.87,N
05/19/2026,19,1,HB_NORTH,13.7,N
05/19/2026,19,2,HB_NORTH,24.56,N
05/19/2026,19,3,HB_NORTH,261.16,N
05/19/2026,19,4,HB_NORTH,17.15,N
05/19/2026,20,1,HB_NORTH,17.19,N
05/19/2026,20,2,HB_NORTH,15.15,N
05/19/2026,20,3,HB_NORTH,12.05,N
05/19/2026,20,4,HB_NORTH,18.65,N
05/19/2026,21,1,HB_NORTH,9.6,N
05/19/2026,21,2,HB_NORTH,7.33,N
05/19/2026,21,3,HB_NORTH,26.95,N
05/19/2026,21,4,HB_NORTH,22.83,N
05/19/2026,22,1,HB_NORTH,19.92,N
05/19/2026,22,2,HB_NORTH,32.71,N
05/19/2026,22,3,HB_NORTH,17.25,N
05/19/2026,22,4,HB_NORTH,29.98,N
05/19/2026,23,1,HB_NORTH,23.9,N
05/19/2026,23,2,HB_NORTH,14.3,N
05/19/2026,23,3,HB_NORTH,37.28,N
05/19/2026,23,4,HB_NORTH,30.43,N
05/19/2026,24,1,HB_NORTH,25.15,N
05/19/2026,24,2,HB_NORTH,31.94,N
05/19/2026,24,3,HB_NORTH,22.89,N
05/19/2026,24,4,HB_NORTH,32.75,N
05/20/2026,1,1,HB_NORTH,10.87,N
05/20/2026,1,2,HB_NORTH,21.84,N
05/20/2026,1,3,HB_NORTH,37.83,N
05/20/2026,1,4,HB_NORTH,28.0,N
05/20/2026,2,1,HB_NORTH,35.54,N
05/20/2026,2,2,HB_NORTH,23.11,N
05/20/2026,2,3,HB_NORTH,48.67,N
05/20/2026,2,4,HB_NORTH,43.41,N
05/20/2026,3,1,HB_NORTH,35.89,N
05/20/2026,3,2,HB_NORTH,-10.74,N
05/20/2026,3,3,HB_NORTH,45.74,N
05/20/2026,3,4,HB_NORTH,53.36,N
05/20/2026,4,1,HB_NORTH,48.24,N
05/20/2026,4,2,HB_NORTH,57.98,N
05/20/2026,4,3,HB_NORTH,33.23,N
05/20/2026,4,4,HB_NORTH,34.05,N
05/20/2026,5,1,HB_NORTH,33.48,N
05/20/2026,5,2,HB_NORTH,46.52,N
05/20/2026,5,3,HB_NORTH,44.4,N
05/20/2026,5,4,HB_NORTH,41.77,N
05/20/2026,6,1,HB_NORTH,50.96,N
05/20/2026,6,2,HB_NORTH,54.35,N
05/20/2026,6,3,HB_NORTH,32.28,N
05/20/2026,6,4,HB_NORTH,39.71,N
05/20/2026,7,1,HB_NORTH,51.56,N
05/20/2026,7,2,HB_NORTH,41.26,N
05/20/2026,7,3,HB_NORTH,38.61,N
05/20/2026,7,4,HB_NORTH,53.15,N
05/20/2026,8,1,HB_NORTH,34.17,N
05/20/2026,8,2,HB_NORTH,42.08,N
05/20/2026,8,3,HB_NORTH,47.12,N
05/20/2026,8,4,HB_NORTH,39.9,N
05/20/2026,9,1,HB_NORTH,49.26,N
05/20/2026,9,2,HB_NORTH,38.44,N
05/20/2026,9,3,HB_NORTH,54.26,N
05/20/2026,9,4,HB_NORTH,41.98,N
05/20/2026,10,1,HB_NORTH,45.98,N
05/20/2026,10,2,HB_NORTH,46.57,N
05/20/2026,10,3,HB_NORTH,35.59,N
05/20/2026,10,4,HB_NORTH,24.18,N
05/20/2026,11,1,HB_NORTH,40.39,N
05/20/2026,11,2,HB_NORTH,38.08,N
05/20/2026,11,3,HB_NORTH,41.95,N
05/20/2026,11,4,HB_NORTH,35.69,N
05/20/2026,12,1,HB_NORTH,30.44,N
05/20/2026,12,2,HB_NORTH,49.95,N
05/20/2026,12,3,HB_NORTH,22.1,N
05/20/2026,12,4,HB_NORTH,39.75,N
05/20/2026,13,1,HB_NORTH,25.4,N
05/20/2026,13,2,HB_NORTH,27.31,N
05/20/2026,13,3,HB_NORTH,27.46,N
05/20/2026,13,4,HB_NORTH,23.57,N
05/20/2026,14,1,HB_NORTH,30.69,N
05/20/2026,14,2,HB_NORTH,37.24,N
05/20/2026,14,3,HB_NORTH,29.88,N
05/20/2026,14,4,HB_NORTH,26.94,N
05/20/2026,15,1,HB_NORTH,14.61,N
05/20/2026,15,2,HB_NORTH,26.63,N
05/20/2026,15,3,HB_NORTH,39.75,N
05/20/2026,15,4,HB_NORTH,19.45,N
05/20/2026,16,1,HB_NORTH,16.39,N
05/20/2026,16,2,HB_NORTH,14.9,N
05/20/2026,16,3,HB_NORTH,15.48,N
05/20/2026,16,4,HB_NORTH,-2.57,N
05/20/2026,17,1,HB_NORTH,20.25,N
05/20/2026,17,2,HB_NORTH,10.25,N
05/20/2026,17,3,HB_NORTH,4.13,N
05/20/2026,17,4,HB_NORTH,23.04,N
05/20/2026,18,1,HB_NORTH,6.85,N
05/20/2026,18,2,HB_NORTH,12.8,N
05/20/2026,18,3,HB_NORTH,27.24,N
05/20/2026,18,4,HB_NORTH,4.24,N
05/20/2026,19,1,HB_NORTH,2.74,N
05/20/2026,19,2,HB_NORTH,17.15,N
05/20/2026,19,3,HB_NORTH,24.2,N
05/20/2026,19,4,HB_NORTH,2.41,N
05/20/2026,20,1,HB_NORTH,18.77,N
05/20/2026,20,2,HB_NORTH,20.16,N
05/20/2026,20,3,HB_NORTH,-0.96,N
05/20/2026,20,4,HB_NORTH,21.9,N
05/20/2026,21,1,HB_NORTH,24.02,N
05/20/2026,21,2,HB_NORTH,14.52,N
05/20/2026,21,3,HB_NORTH,27.03,N
05/20/2026,21,4,HB_NORTH,26.1,N
05/20/2026,22,1,HB_NORTH,20.22,N
05/20/2026,22,2,HB_NORTH,15.78,N
05/20/2026,22,3,HB_NORTH,11.61,N
05/20/2026,22,4,HB_NORTH,19.09,N
05/20/2026,23,1,HB_NORTH,27.06,N
05/20/2026,23,2,HB_NORTH,19.91,N
05/20/2026,23,3,HB_NORTH,4.92,N
05/20/2026,23,4,HB_NORTH,32.65,N
05/20/2026,24,1,HB_NORTH,27.64,N
05/20/2026,24,2,HB_NORTH,23.08,N
05/20/2026,24,3,HB_NORTH,32.97,N
05/20/2026,24,4,HB_NORTH,38.31,N
05/21/2026,1,1,HB_NORTH,7.58,N
05/21/2026,1,2,HB_NORTH,33.47,N
05/21/2026,1,3,HB_NORTH,18.59,N
05/21/2026,1,4,HB_NORTH,33.99,N
05/21/2026,2,1,HB_NORTH,34.91,N
05/21/2026,2,2,HB_NORTH,38.97,N
05/21/2026,2,3,HB_NORTH,29.89,N
05/21/2026,2,4,HB_NORTH,18.9,N
05/21/2026,3,1,HB_NORTH,33.9,N
05/21/2026,3,2,HB_NORTH,40.75,N
05/21/2026,3,3,HB_NORTH,45.62,N
05/21/2026,3,4,HB_NORTH,28.13,N
05/21/2026,4,1,HB_NORTH,48.82,N
05/21/2026,4,2,HB_NORTH,35.42,N
05/21/2026,4,3,HB_NORTH,43.51,N
05/21/2026,4,4,HB_NORTH,36.53,N
05/21/2026,5,1,HB_NORTH,44.45,N
05/21/2026,5,2,HB_NORTH,50.13,N
05/21/2026,5,3,HB_NORTH,33.17,N
05/21/2026,5,4,HB_NORTH,37.55,N
05/21/2026,6,1,HB_NORTH,45.97,N
05/21/2026,6,2,HB_NORTH,63.7,N
05/21/2026,6,3,HB_NORTH,37.58,N
05/21/2026,6,4,HB_NORTH,60.81,N
05/21/2026,7,1,HB_NORTH,311.04,N
05/21/2026,7,2,HB_NORTH,44.22,N
05/21/2026,7,3,HB_NORTH,42.61,N
05/21/2026,7,4,HB_NORTH,39.46,N
05/21/2026,8,1,HB_NORTH,43.94,N
05/21/2026,8,2,HB_NORTH,33.24,N
05/21/2026,8,3,HB_NORTH,43.88,N
05/21/2026,8,4,HB_NORTH,56.46,N
05/21/2026,9,1,HB_NORTH,38.1,N
05/21/2026,9,2,HB_NORTH,41.06,N
05/21/2026,9,3,HB_NORTH,29.38,N
05/21/2026,9,4,HB_NORTH,45.98,N
05/21/2026,10,1,HB_NORTH,42.72,N
05/21/2026,10,2,HB_NORTH,41.12,N
05/21/2026,10,3,HB_NORTH,38.87,N
05/21/2026,10,4,HB_NORTH,38.26,N
05/21/2026,11,1,HB_NORTH,41.52,N
05/21/2026,11,2,HB_NORTH,37.27,N
05/21/2026,11,3,HB_NORTH,40.02,N
05/21/2026,11,4,HB_NORTH,39.22,N
05/21/2026,12,1,HB_NORTH,42.87,N
05/21/2026,12,2,HB_NORTH,39.3,N
05/21/2026,12,3,HB_NORTH,35.43,N
05/21/2026,12,4,HB_NORTH,46.03,N
05/21/2026,13,1,HB_NORTH,33.36,N
05/21/2026,13,2,HB_NORTH,40.44,N
05/21/2026,13,3,HB_NORTH,34.86,N
05/21/2026,13,4,HB_NORTH,15.26,N
05/21/2026,14,1,HB_NORTH,36.56,N
05/21/2026,14,2,HB_NORTH,27.2,N
05/21/2026,14,3,HB_NORTH,25.7,N
05/21/2026,14,4,HB_NORTH,28.37,N
05/21/2026,15,1,HB_NORTH,19.74,N
05/21/2026,15,2,HB_NORTH,24.32,N
05/21/2026,15,3,HB_NORTH,17.76,N
05/21/2026,15,4,HB_NORTH,32.69,N
05/21/2026,16,1,HB_NORTH,18.48,N
05/21/2026,16,2,HB_NORTH,16.33,N
05/21/2026,16,3,HB_NORTH,11.99,N
05/21/2026,16,4,HB_NORTH,21.54,N
05/21/2026,17,1,HB_NORTH,18.51,N
05/21/2026,17,2,HB_NORTH,20.12,N
05/21/2026,17,3,HB_NORTH,8.79,N
05/21/2026,17,4,HB_NORTH,4.2,N
05/21/2026,18,1,HB_NORTH,20.52,N
05/21/2026,18,2,HB_NORTH,27.39,N
05/21/2026,18,3,HB_NORTH,7.3,N
05/21/2026,18,4,HB_NORTH,28.23,N
05/21/2026,19,1,HB_NORTH,17.27,N
05/21/2026,19,2,HB_NORTH,14.94,N
05/21/2026,19,3,HB_NORTH,11.82,N
05/21/2026,19,4,HB_NORTH,3.92,N
05/21/2026,20,1,HB_NORTH,23.41,N
05/21/2026,20,2,HB_NORTH,-35.69,N
05/21/2026,20,3,HB_NORTH,9.27,N
05/21/2026,20,4,HB_NORTH,23.45,N
05/21/2026,21,1,HB_NORTH,1.95,N
05/21/2026,21,2,HB_NORTH,4.82,N
05/21/2026,21,3,HB_NORTH,16.86,N
05/21/2026,21,4,HB_NORTH,19.36,N
05/21/2026,22,1,HB_NORTH,23.27,N
05/21/2026,22,2,HB_NORTH,16.98,N
05/21/2026,22,3,HB_NORTH,39.64,N
05/21/2026,22,4,HB_NORTH,17.57,N
05/21/2026,23,1,HB_NORTH,20.65,N
05/21/2026,23,2,HB_NORTH,16.12,N
05/21/2026,23,3,HB_NORTH,23.49,N
05/21/2026,23,4,HB_NORTH,27.42,N
05/21/2026,24,1,HB_NORTH,35.75,N
05/21/2026,24,2,HB_NORTH,264.2,N
05/21/2026,24,3,HB_NORTH,24.15,N
05/21/2026,24,4,HB_NORTH,29.69,N
05/22/2026,1,1,HB_NORTH,34.7,N
05/22/2026,1,2,HB_NORTH,30.05,N
05/22/2026,1,3,HB_NORTH,34.34,N
05/22/2026,1,4,HB_NORTH,23.53,N
05/22/2026,2,1,HB_NORTH,46.35,N
05/22/2026,2,2,HB_NORTH,41.82,N
05/22/2026,2,3,HB_NORTH,23.12,N
05/22/2026,2,4,HB_NORTH,25.28,N
05/22/2026,3,1,HB_NORTH,29.12,N
05/22/2026,3,2,HB_NORTH,42.92,N
05/22/2026,3,3,HB_NORTH,27.22,N
05/22/2026,3,4,HB_NORTH,34.85,N
05/22/2026,4,1,HB_NORTH,44.24,N
05/22/2026,4,2,HB_NORTH,40.08,N
05/22/2026,4,3,HB_NORTH,42.68,N
05/22/2026,4,4,HB_NORTH,32.08,N
05/22/2026,5,1,HB_NORTH,47.75,N
05/22/2026,5,2,HB_NORTH,38.08,N
05/22/2026,5,3,HB_NORTH,40.39,N
05/22/2026,5,4,HB_NORTH,44.89,N
05/22/2026,6,1,HB_NORTH,45.31,N
05/22/2026,6,2,HB_NORTH,44.68,N
05/22/2026,6,3,HB_NORTH,38.48,N
05/22/2026,6,4,HB_NORTH,42.09,N
05/22/2026,7,1,HB_NORTH,45.02,N
05/22/2026,7,2,HB_NORTH,34.0,N
05/22/2026,7,3,HB_NORTH,41.3,N
05/22/2026,7,4,HB_NORTH,48.1,N
05/22/2026,8,1,HB_NORTH,34.27,N
05/22/2026,8,2,HB_NORTH,53.74,N
05/22/2026,8,3,HB_NORTH,54.65,N
05/22/2026,8,4,HB_NORTH,34.53,N
05/22/2026,9,1,HB_NORTH,53.85,N
05/22/2026,9,2,HB_NORTH,41.84,N
05/22/2026,9,3,HB_NORTH,46.34,N
05/22/2026,9,4,HB_NORTH,39.02,N
05/22/2026,10,1,HB_NORTH,47.99,N
05/22/2026,10,2,HB_NORTH,43.86,N
05/22/2026,10,3,HB_NORTH,34.09,N
05/22/2026,10,4,HB_NORTH,31.28,N
05/22/2026,11,1,HB_NORTH,25.82,N
05/22/2026,11,2,HB_NORTH,39.0,N
05/22/2026,11,3,HB_NORTH,42.08,N
05/22/2026,11,4,HB_NORTH,42.71,N
05/22/2026,12,1,HB_NORTH,32.94,N
05/22/2026,12,2,HB_NORTH,24.63,N
05/22/2026,12,3,HB_NORTH,28.43,N
05/22/2026,12,4,HB_NORTH,43.1,N
05/22/2026,13,1,HB_NORTH,26.12,N
05/22/2026,13,2,HB_NORTH,31.15,N
05/22/2026,13,3,HB_NORTH,21.39,N
05/22/2026,13,4,HB_NORTH,32.69,N
05/22/2026,14,1,HB_NORTH,22.46,N
05/22/2026,14,2,HB_NORTH,34.49,N
05/22/2026,14,3,HB_NORTH,32.31,N
05/22/2026,14,4,HB_NORTH,-22.85,N
05/22/2026,15,1,HB_NORTH,21.49,N
05/22/2026,15,2,HB_NORTH,18.09,N
05/22/2026,15,3,HB_NORTH,11.14,N
05/22/2026,15,4,HB_NORTH,15.64,N
05/22/2026,16,1,HB_NORTH,20.98,N
05/22/2026,16,2,HB_NORTH,22.0,N
05/22/2026,16,3,HB_NORTH,20.58,N
05/22/2026,16,4,HB_NORTH,16.98,N
05/22/2026,17,1,HB_NORTH,24.47,N
05/22/2026,17,2,HB_NORTH,17.52,N
05/22/2026,17,3,HB_NORTH,22.64,N
05/22/2026,17,4,HB_NORTH,2.82,N
05/22/2026,18,1,HB_NORTH,-15.87,N
05/22/2026,18,2,HB_NORTH,17.78,N
05/22/2026,18,3,HB_NORTH,4.11,N
05/22/2026,18,4,HB_NORTH,13.81,N
05/22/2026,19,1,HB_NORTH,12.58,N
05/22/2026,19,2,HB_NORTH,27.7,N
05/22/2026,19,3,HB_NORTH,18.2,N
05/22/2026,19,4,HB_NORTH,16.33,N
05/22/2026,20,1,HB_NORTH,22.21,N
05/22/2026,20,2,HB_NORTH,18.46,N
05/22/2026,20,3,HB_NORTH,11.85,N
05/22/2026,20,4,HB_NORTH,24.08,N
05/22/2026,21,1,HB_NORTH,8.13,N
05/22/2026,21,2,HB_NORTH,19.6,N
05/22/2026,21,3,HB_NORTH,4.63,N
05/22/2026,21,4,HB_NORTH,18.64,N
05/22/2026,22,1,HB_NORTH,20.94,N
05/22/2026,22,2,HB_NORTH,32.81,N
05/22/2026,22,3,HB_NORTH,6.87,N
05/22/2026,22,4,HB_NORTH,14.59,N
05/22/2026,23,1,HB_NORTH,29.08,N
05/22/2026,23,2,HB_NORTH,25.18,N
05/22/2026,23,3,HB_NORTH,23.94,N
05/22/2026,23,4,HB_NORTH,14.85,N
05/22/2026,24,1,HB_NORTH,21.39,N
05/22/2026,24,2,HB_NORTH,36.08,N
05/22/2026,24,3,HB_NORTH,1225.71,N
05/22/2026,24,4,HB_NORTH,29.12,N
05/23/2026,1,1,HB_NORTH,29.08,N
05/23/2026,1,2,HB_NORTH,20.54,N
05/23/2026,1,3,HB_NORTH,37.47,N
05/23/2026,1,4,HB_NORTH,34.03,N
05/23/2026,2,1,HB_NORTH,52.33,N
05/23/2026,2,2,HB_NORTH,25.76,N
05/23/2026,2,3,HB_NORTH,40.46,N
05/23/2026,2,4,HB_NORTH,23.39,N
05/23/2026,3,1,HB_NORTH,38.76,N
05/23/2026,3,2,HB_NORTH,45.31,N
05/23/2026,3,3,HB_NORTH,20.92,N
05/23/2026,3,4,HB_NORTH,35.86,N
05/23/2026,4,1,HB_NORTH,36.1,N
05/23/2026,4,2,HB_NORTH,34.99,N
05/23/2026,4,3,HB_NORTH,43.69,N
05/23/2026,4,4,HB_NORTH,49.57,N
05/23/2026,5,1,HB_NORTH,41.92,N
05/23/2026,5,2,HB_NORTH,44.63,N
05/23/2026,5,3,HB_NORTH,43.9,N
05/23/2026,5,4,HB_NORTH,43.0,N
05/23/2026,6,1,HB_NORTH,35.77,N
05/23/2026,6,2,HB_NORTH,53.36,N
05/23/2026,6,3,HB_NORTH,46.85,N
05/23/2026,6,4,HB_NORTH,47.65,N
05/23/2026,7,1,HB_NORTH,38.55,N
05/23/2026,7,2,HB_NORTH,41.33,N
05/23/2026,7,3,HB_NORTH,43.59,N
05/23/2026,7,4,HB_NORTH,32.73,N
05/23/2026,8,1,HB_NORTH,30.98,N
05/23/2026,8,2,HB_NORTH,39.68,N
05/23/2026,8,3,HB_NORTH,48.67,N
05/23/2026,8,4,HB_NORTH,39.26,N
05/23/2026,9,1,HB_NORTH,34.84,N
05/23/2026,9,2,HB_NORTH,36.47,N
05/23/2026,9,3,HB_NORTH,39.35,N
05/23/2026,9,4,HB_NORTH,40.16,N
05/23/2026,10,1,HB_NORTH,57.93,N
05/23/2026,10,2,HB_NORTH,299.04,N
05/23/2026,10,3,HB_NORTH,48.8,N
05/23/2026,10,4,HB_NORTH,49.96,N
05/23/2026,11,1,HB_NORTH,29.51,N
05/23/2026,11,2,HB_NORTH,27.72,N
05/23/2026,11,3,HB_NORTH,28.65,N
05/23/2026,11,4,HB_NORTH,48.18,N
05/23/2026,12,1,HB_NORTH,29.5,N
05/23/2026,12,2,HB_NORTH,23.87,N
05/23/2026,12,3,HB_NORTH,30.43,N
05/23/2026,12,4,HB_NORTH,31.97,N
05/23/2026,13,1,HB_NORTH,32.15,N
05/23/2026,13,2,HB_NORTH,32.01,N
05/23/2026,13,3,HB_NORTH,23.37,N
05/23/2026,13,4,HB_NORTH,35.49,N
05/23/2026,14,1,HB_NORTH,21.0,N
05/23/2026,14,2,HB_NORTH,24.87,N
05/23/2026,14,3,HB_NORTH,31.61,N
05/23/2026,14,4,HB_NORTH,20.98,N
05/23/2026,15,1,HB_NORTH,17.95,N
05/23/2026,15,2,HB_NORTH,27.23,N
05/23/2026,15,3,HB_NORTH,15.64,N
05/23/2026,15,4,HB_NORTH,19.42,N
05/23/2026,16,1,HB_NORTH,23.84,N
05/23/2026,16,2,HB_NORTH,35.83,N
05/23/2026,16,3,HB_NORTH,24.24,N
05/23/2026,16,4,HB_NORTH,23.17,N
05/23/2026,17,1,HB_NORTH,21.26,N
05/23/2026,17,2,HB_NORTH,8.42,N
05/23/2026,17,3,HB_NORTH,17.93,N
05/23/2026,17,4,HB_NORTH,16.77,N
05/23/2026,18,1,HB_NORTH,18.08,N
05/23/2026,18,2,HB_NORTH,16.44,N
05/23/2026,18,3,HB_NORTH,18.55,N
05/23/2026,18,4,HB_NORTH,-31.98,N
05/23/2026,19,1,HB_NORTH,15.47,N
05/23/2026,19,2,HB_NORTH,5.18,N
05/23/2026,19,3,HB_NORTH,12.44,N
05/23/2026,19,4,HB_NORTH,-18.87,N
05/23/2026,20,1,HB_NORTH,18.06,N
05/23/2026,20,2,HB_NORTH,15.34,N
05/23/2026,20,3,HB_NORTH,30.68,N
05/23/2026,20,4,HB_NORTH,4.62,N
05/23/2026,21,1,HB_NORTH,8.13,N
05/23/2026,21,2,HB_NORTH,30.71,N
05/23/2026,21,3,HB_NORTH,17.38,N
05/23/2026,21,4,HB_NORTH,15.07,N
05/23/2026,22,1,HB_NORTH,9.8,N
05/23/2026,22,2,HB_NORTH,22.97,N
05/23/2026,22,3,HB_NORTH,23.75,N
05/23/2026,22,4,HB_NORTH,10.64,N
05/23/2026,23,1,HB_NORTH,21.38,N
05/23/2026,23,2,HB_NORTH,19.82,N
05/23/2026,23,3,HB_NORTH,24.55,N
05/23/2026,23,4,HB_NORTH,13.55,N
05/23/2026,24,1,HB_NORTH,36.13,N
05/23/2026,24,2,HB_NORTH,33.44,N
05/23/2026,24,3,HB_NORTH,23.21,N
05/23/2026,24,4,HB_NORTH,24.39,N
05/24/2026,1,1,HB_NORTH,28.91,N
05/24/2026,1,2,HB_NORTH,23.77,N
05/24/2026,1,3,HB_NORTH,26.45,N
05/24/2026,1,4,HB_NORTH,27.84,N
05/24/2026,2,1,HB_NORTH,46.79,N
05/24/2026,2,2,HB_NORTH,41.46,N
05/24/2026,2,3,HB_NORTH,41.36,N
05/24/2026,2,4,HB_NORTH,36.84,N
05/24/2026,3,1,HB_NORTH,28.56,N
05/24/2026,3,2,HB_NORTH,37.17,N
05/24/2026,3,3,HB_NORTH,45.26,N
05/24/2026,3,4,HB_NORTH,27.43,N
05/24/2026,4,1,HB_NORTH,45.7,N
05/24/2026,4,2,HB_NORTH,59.19,N
05/24/2026,4,3,HB_NORTH,49.1,N
05/24/2026,4,4,HB_NORTH,51.92,N
05/24/2026,5,1,HB_NORTH,44.74,N
05/24/2026,5,2,HB_NORTH,50.73,N
05/24/2026,5,3,HB_NORTH,37.25,N
05/24/2026,5,4,HB_NORTH,49.36,N
05/24/2026,6,1,HB_NORTH,49.72,N
05/24/2026,6,2,HB_NORTH,46.81,N
05/24/2026,6,3,HB_NORTH,55.02,N
05/24/2026,6,4,HB_NORTH,40.18,N
05/24/2026,7,1,HB_NORTH,43.5,N
05/24/2026,7,2,HB_NORTH,45.76,N
05/24/2026,7,3,HB_NORTH,36.76,N
05/24/2026,7,4,HB_NORTH,46.82,N
05/24/2026,8,1,HB_NORTH,30.74,N
05/24/2026,8,2,HB_NORTH,52.86,N
05/24/2026,8,3,HB_NORTH,44.86,N
05/24/2026,8,4,HB_NORTH,40.32,N
05/24/2026,9,1,HB_NORTH,36.32,N
05/24/2026,9,2,HB_NORTH,41.11,N
05/24/2026,9,3,HB_NORTH,48.5,N
05/24/2026,9,4,HB_NORTH,47.37,N
05/24/2026,10,1,HB_NORTH,34.96,N
05/24/2026,10,2,HB_NORTH,33.84,N
05/24/2026,10,3,HB_NORTH,45.86,N
05/24/2026,10,4,HB_NORTH,34.83,N
05/24/2026,11,1,HB_NORTH,37.98,N
05/24/2026,11,2,HB_NORTH,38.49,N
05/24/2026,11,3,HB_NORTH,40.0,N
05/24/2026,11,4,HB_NORTH,44.37,N
05/24/2026,12,1,HB_NORTH,23.78,N
05/24/2026,12,2,HB_NORTH,18.59,N
05/24/2026,12,3,HB_NORTH,29.34,N
05/24/2026,12,4,HB_NORTH,48.29,N
05/24/2026,13,1,HB_NORTH,46.18,N
05/24/2026,13,2,HB_NORTH,44.65,N
05/24/2026,13,3,HB_NORTH,28.46,N
05/24/2026,13,4,HB_NORTH,-29.26,N
05/24/2026,14,1,HB_NORTH,7.37,N
05/24/2026,14,2,HB_NORTH,21.21,N
05/24/2026,14,3,HB_NORTH,24.53,N
05/24/2026,14,4,HB_NORTH,36.52,N
05/24/2026,15,1,HB_NORTH,29.44,N
05/24/2026,15,2,HB_NORTH,24.32,N
05/24/2026,15,3,HB_NORTH,15.38,N
05/24/2026,15,4,HB_NORTH,14.81,N
05/24/2026,16,1,HB_NORTH,21.43,N
05/24/2026,16,2,HB_NORTH,24.97,N
05/24/2026,16,3,HB_NORTH,22.53,N
05/24/2026,16,4,HB_NORTH,1211.12,N
05/24/2026,17,1,HB_NORTH,22.21,N
05/24/2026,17,2,HB_NORTH,20.42,N
05/24/2026,17,3,HB_NORTH,8.44,N
05/24/2026,17,4,HB_NORTH,10.74,N
05/24/2026,18,1,HB_NORTH,21.02,N
05/24/2026,18,2,HB_NORTH,13.64,N
05/24/2026,18,3,HB_NORTH,28.22,N
05/24/2026,18,4,HB_NORTH,19.52,N
05/24/2026,19,1,HB_NORTH,11.11,N
05/24/2026,19,2,HB_NORTH,14.92,N
05/24/2026,19,3,HB_NORTH,15.51,N
05/24/2026,19,4,HB_NORTH,9.17,N
05/24/2026,20,1,HB_NORTH,8.21,N
05/24/2026,20,2,HB_NORTH,21.12,N
05/24/2026,20,3,HB_NORTH,22.27,N
05/24/2026,20,4,HB_NORTH,20.34,N
05/24/2026,21,1,HB_NORTH,29.13,N
05/24/2026,21,2,HB_NORTH,12.68,N
05/24/2026,21,3,HB_NORTH,30.4,N
05/24/2026,21,4,HB_NORTH,9.8,N
05/24/2026,22,1,HB_NORTH,11.29,N
05/24/2026,22,2,HB_NORTH,5.31,N
05/24/2026,22,3,HB_NORTH,15.83,N
05/24/2026,22,4,HB_NORTH,15.36,N
05/24/2026,23,1,HB_NORTH,26.71,N
05/24/2026,23,2,HB_NORTH,24.45,N
05/24/2026,23,3,HB_NORTH,12.96,N
05/24/2026,23,4,HB_NORTH,19.36,N
05/24/2026,24,1,HB_NORTH,23.15,N
05/24/2026,24,2,HB_NORTH,11.91,N
05/24/2026,24,3,HB_NORTH,18.27,N
05/24/2026,24,4,HB_NORTH,19.95,N
05/25/2026,1,1,HB_NORTH,41.47,N
05/25/2026,1,2,HB_NORTH,31.53,N
05/25/2026,1,3,HB_NORTH,35.3,N
05/25/2026,1,4,HB_NORTH,18.01,N
05/25/2026,2,1,HB_NORTH,43.44,N
05/25/2026,2,2,HB_NORTH,44.29,N
05/25/2026,2,3,HB_NORTH,17.9,N
05/25/2026,2,4,HB_NORTH,28.24,N
05/25/2026,3,1,HB_NORTH,41.47,N
05/25/2026,3,2,HB_NORTH,42.66,N
05/25/2026,3,3,HB_NORTH,32.07,N
05/25/2026,3,4,HB_NORTH,35.06,N
05/25/2026,4,1,HB_NORTH,35.83,N
05/25/2026,4,2,HB_NORTH,41.49,N
05/25/2026,4,3,HB_NORTH,50.18,N
05/25/2026,4,4,HB_NORTH,34.44,N
05/25/2026,5,1,HB_NORTH,51.0,N
05/25/2026,5,2,HB_NORTH,36.74,N
05/25/2026,5,3,HB_NORTH,36.21,N
05/25/2026,5,4,HB_NORTH,49.54,N
05/25/2026,6,1,HB_NORTH,51.86,N
05/25/2026,6,2,HB_NORTH,51.3,N
05/25/2026,6,3,HB_NORTH,33.96,N
05/25/2026,6,4,HB_NORTH,40.76,N
05/25/2026,7,1,HB_NORTH,51.58,N
05/25/2026,7,2,HB_NORTH,45.33,N
05/25/2026,7,3,HB_NORTH,36.41,N
05/25/2026,7,4,HB_NORTH,48.67,N
05/25/2026,8,1,HB_NORTH,38.77,N
05/25/2026,8,2,HB_NORTH,58.85,N
05/25/2026,8,3,HB_NORTH,56.85,N
05/25/2026,8,4,HB_NORTH,49.32,N
05/25/2026,9,1,HB_NORTH,53.88,N
05/25/2026,9,2,HB_NORTH,43.51,N
05/25/2026,9,3,HB_NORTH,49.11,N
05/25/2026,9,4,HB_NORTH,54.81,N
05/25/2026,10,1,HB_NORTH,42.57,N
05/25/2026,10,2,HB_NORTH,38.57,N
05/25/2026,10,3,HB_NORTH,26.97,N
05/25/2026,10,4,HB_NORTH,39.94,N
05/25/2026,11,1,HB_NORTH,44.09,N
05/25/2026,11,2,HB_NORTH,45.07,N
05/25/2026,11,3,HB_NORTH,41.53,N
05/25/2026,11,4,HB_NORTH,33.17,N
05/25/2026,12,1,HB_NORTH,18.07,N
05/25/2026,12,2,HB_NORTH,29.92,N
05/25/2026,12,3,HB_NORTH,31.45,N
05/25/2026,12,4,HB_NORTH,31.38,N
05/25/2026,13,1,HB_NORTH,34.95,N
05/25/2026,13,2,HB_NORTH,295.89,N
05/25/2026,13,3,HB_NORTH,30.99,N
05/25/2026,13,4,HB_NORTH,28.27,N
05/25/2026,14,1,HB_NORTH,24.04,N
05/25/2026,14,2,HB_NORTH,27.11,N
05/25/2026,14,3,HB_NORTH,19.49,N
05/25/2026,14,4,HB_NORTH,27.08,N
05/25/2026,15,1,HB_NORTH,26.11,N
05/25/2026,15,2,HB_NORTH,24.18,N
05/25/2026,15,3,HB_NORTH,26.16,N
05/25/2026,15,4,HB_NORTH,25.97,N
05/25/2026,16,1,HB_NORTH,5.22,N
05/25/2026,16,2,HB_NORTH,24.49,N
05/25/2026,16,3,HB_NORTH,14.03,N
05/25/2026,16,4,HB_NORTH,10.63,N
05/25/2026,17,1,HB_NORTH,8.17,N
05/25/2026,17,2,HB_NORTH,20.48,N
05/25/2026,17,3,HB_NORTH,15.23,N
05/25/2026,17,4,HB_NORTH,3.55,N
05/25/2026,18,1,HB_NORTH,19.34,N
05/25/2026,18,2,HB_NORTH,3.99,N
05/25/2026,18,3,HB_NORTH,16.63,N
05/25/2026,18,4,HB_NORTH,17.42,N
05/25/2026,19,1,HB_NORTH,22.08,N
05/25/2026,19,2,HB_NORTH,29.25,N
05/25/2026,19,3,HB_NORTH,4.08,N
05/25/2026,19,4,HB_NORTH,14.58,N
05/25/2026,20,1,HB_NORTH,13.3,N
05/25/2026,20,2,HB_NORTH,18.98,N
05/25/2026,20,3,HB_NORTH,17.24,N
05/25/2026,20,4,HB_NORTH,12.69,N
05/25/2026,21,1,HB_NORTH,13.48,N
05/25/2026,21,2,HB_NORTH,8.08,N
05/25/2026,21,3,HB_NORTH,24.91,N
05/25/2026,21,4,HB_NORTH,20.68,N
05/25/2026,22,1,HB_NORTH,26.74,N
05/25/2026,22,2,HB_NORTH,16.91,N
05/25/2026,22,3,HB_NORTH,14.14,N
05/25/2026,22,4,HB_NORTH,10.77,N
05/25/2026,23,1,HB_NORTH,25.37,N
05/25/2026,23,2,HB_NORTH,-30.82,N
05/25/2026,23,3,HB_NORTH,37.29,N
05/25/2026,23,4,HB_NORTH,12.04,N
05/25/2026,24,1,HB_NORTH,28.31,N
05/25/2026,24,2,HB_NORTH,38.65,N
05/25/2026,24,3,HB_NORTH,30.91,N
05/25/2026,24,4,HB_NORTH,27.52,N
05/26/2026,1,1,HB_NORTH,22.25,N
05/26/2026,1,2,HB_NORTH,18.95,N
05/26/2026,1,3,HB_NORTH,36.16,N
05/26/2026,1,4,HB_NORTH,42.05,N
05/26/2026,2,1,HB_NORTH,30.37,N
05/26/2026,2,2,HB_NORTH,24.77,N
05/26/2026,2,3,HB_NORTH,14.22,N
05/26/2026,2,4,HB_NORTH,26.04,N
05/26/2026,3,1,HB_NORTH,36.59,N
05/26/2026,3,2,HB_NORTH,50.29,N
05/26/2026,3,3,HB_NORTH,42.89,N
05/26/2026,3,4,HB_NORTH,39.94,N
05/26/2026,4,1,HB_NORTH,37.41,N
05/26/2026,4,2,HB_NORTH,35.94,N
05/26/2026,4,3,HB_NORTH,51.85,N
05/26/2026,4,4,HB_NORTH,42.21,N
05/26/2026,5,1,HB_NORTH,26.17,N
05/26/2026,5,2,HB_NORTH,37.6,N
05/26/2026,5,3,HB_NORTH,36.12,N
05/26/2026,5,4,HB_NORTH,38.62,N
05/26/2026,6,1,HB_NORTH,48.99,N
05/26/2026,6,2,HB_NORTH,43.63,N
05/26/2026,6,3,HB_NORTH,43.87,N
05/26/2026,6,4,HB_NORTH,55.0,N
05/26/2026,7,1,HB_NORTH,39.43,N
05/26/2026,7,2,HB_NORTH,59.91,N
05/26/2026,7,3,HB_NORTH,39.63,N
05/26/2026,7,4,HB_NORTH,45.71,N
05/26/2026,8,1,HB_NORTH,-2.76,N
05/26/2026,8,2,HB_NORTH,45.48,N
05/26/2026,8,3,HB_NORTH,48.05,N
05/26/2026,8,4,HB_NORTH,47.96,N
05/26/2026,9,1,HB_NORTH,36.97,N
05/26/2026,9,2,HB_NORTH,34.01,N
05/26/2026,9,3,HB_NORTH,63.02,N
05/26/2026,9,4,HB_NORTH,-5.88,N
05/26/2026,10,1,HB_NORTH,46.2,N
05/26/2026,10,2,HB_NORTH,27.75,N
05/26/2026,10,3,HB_NORTH,38.37,N
05/26/2026,10,4,HB_NORTH,39.59,N
05/26/2026,11,1,HB_NORTH,41.28,N
05/26/2026,11,2,HB_NORTH,15.72,N
05/26/2026,11,3,HB_NORTH,38.83,N
05/26/2026,11,4,HB_NORTH,28.3,N
05/26/2026,12,1,HB_NORTH,36.48,N
05/26/2026,12,2,HB_NORTH,25.59,N
05/26/2026,12,3,HB_NORTH,27.04,N
05/26/2026,12,4,HB_NORTH,31.69,N
05/26/2026,13,1,HB_NORTH,21.58,N
05/26/2026,13,2,HB_NORTH,26.2,N
05/26/2026,13,3,HB_NORTH,20.45,N
05/26/2026,13,4,HB_NORTH,15.33,N
05/26/2026,14,1,HB_NORTH,34.26,N
05/26/2026,14,2,HB_NORTH,15.75,N
05/26/2026,14,3,HB_NORTH,24.69,N
05/26/2026,14,4,HB_NORTH,32.14,N
05/26/2026,15,1,HB_NORTH,17.58,N
05/26/2026,15,2,HB_NORTH,15.9,N
05/26/2026,15,3,HB_NORTH,24.31,N
05/26/2026,15,4,HB_NORTH,31.44,N
05/26/2026,16,1,HB_NORTH,10.04,N
05/26/2026,16,2,HB_NORTH,18.19,N
05/26/2026,16,3,HB_NORTH,5.53,N
05/26/2026,16,4,HB_NORTH,16.25,N
05/26/2026,17,1,HB_NORTH,17.28,N
05/26/2026,17,2,HB_NORTH,10.17,N
05/26/2026,17,3,HB_NORTH,13.35,N
05/26/2026,17,4,HB_NORTH,5.74,N
05/26/2026,18,1,HB_NORTH,16.13,N
05/26/2026,18,2,HB_NORTH,23.96,N
05/26/2026,18,3,HB_NORTH,6.73,N
05/26/2026,18,4,HB_NORTH,10.53,N
05/26/2026,19,1,HB_NORTH,19.02,N
05/26/2026,19,2,HB_NORTH,24.7,N
05/26/2026,19,3,HB_NORTH,3.05,N
05/26/2026,19,4,HB_NORTH,13.65,N
05/26/2026,20,1,HB_NORTH,17.78,N
05/26/2026,20,2,HB_NORTH,14.69,N
05/26/2026,20,3,HB_NORTH,245.7,N
05/26/2026,20,4,HB_NORTH,19.52,N
05/26/2026,21,1,HB_NORTH,29.16,N
05/26/2026,21,2,HB_NORTH,17.94,N
05/26/2026,21,3,HB_NORTH,8.76,N
05/26/2026,21,4,HB_NORTH,12.9,N
05/26/2026,22,1,HB_NORTH,33.55,N
05/26/2026,22,2,HB_NORTH,26.67,N
05/26/2026,22,3,HB_NORTH,24.51,N
05/26/2026,22,4,HB_NORTH,22.24,N
05/26/2026,23,1,HB_NORTH,17.21,N
05/26/2026,23,2,HB_NORTH,20.9,N
05/26/2026,23,3,HB_NORTH,21.88,N
05/26/2026,23,4,HB_NORTH,26.9,N
05/26/2026,24,1,HB_NORTH,38.19,N
05/26/2026,24,2,HB_NORTH,35.06,N
05/26/2026,24,3,HB_NORTH,14.76,N
05/26/2026,24,4,HB_NORTH,27.91,N
05/27/2026,1,1,HB_NORTH,35.89,N
05/27/2026,1,2,HB_NORTH,34.95,N
05/27/2026,1,3,HB_NORTH,24.97,N
05/27/2026,1,4,HB_NORTH,53.31,N
05/27/2026,2,1,HB_NORTH,23.67,N
05/27/2026,2,2,HB_NORTH,25.22,N
05/27/2026,2,3,HB_NORTH,35.75,N
05/27/2026,2,4,HB_NORTH,50.82,N
05/27/2026,3,1,HB_NORTH,30.81,N
05/27/2026,3,2,HB_NORTH,285.37,N
05/27/2026,3,3,HB_NORTH,46.12,N
05/27/2026,3,4,HB_NORTH,37.36,N
05/27/2026,4,1,HB_NORTH,287.93,N
05/27/2026,4,2,HB_NORTH,45.13,N
05/27/2026,4,3,HB_NORTH,292.79,N
05/27/2026,4,4,HB_NORTH,48.85,N
05/27/2026,5,1,HB_NORTH,53.32,N
05/27/2026,5,2,HB_NORTH,45.45,N
05/27/2026,5,3,HB_NORTH,45.32,N
05/27/2026,5,4,HB_NORTH,44.7,N
05/27/2026,6,1,HB_NORTH,48.4,N
05/27/2026,6,2,HB_NORTH,44.93,N
05/27/2026,6,3,HB_NORTH,44.48,N
05/27/2026,6,4,HB_NORTH,54.06,N
05/27/2026,7,1,HB_NORTH,57.13,N
05/27/2026,7,2,HB_NORTH,32.94,N
05/27/2026,7,3,HB_NORTH,45.08,N
05/27/2026,7,4,HB_NORTH,39.49,N
05/27/2026,8,1,HB_NORTH,42.0,N
05/27/2026,8,2,HB_NORTH,47.71,N
05/27/2026,8,3,HB_NORTH,49.84,N
05/27/2026,8,4,HB_NORTH,43.59,N
05/27/2026,9,1,HB_NORTH,27.68,N
05/27/2026,9,2,HB_NORTH,35.27,N
05/27/2026,9,3,HB_NORTH,50.16,N
05/27/2026,9,4,HB_NORTH,21.07,N
05/27/2026,10,1,HB_NORTH,50.11,N
05/27/2026,10,2,HB_NORTH,44.78,N
05/27/2026,10,3,HB_NORTH,51.14,N
05/27/2026,10,4,HB_NORTH,39.02,N
05/27/2026,11,1,HB_NORTH,21.01,N
05/27/2026,11,2,HB_NORTH,40.94,N
05/27/2026,11,3,HB_NORTH,47.7,N
05/27/2026,11,4,HB_NORTH,44.9,N
05/27/2026,12,1,HB_NORTH,28.58,N
05/27/2026,12,2,HB_NORTH,34.58,N
05/27/2026,12,3,HB_NORTH,29.62,N
05/27/2026,12,4,HB_NORTH,27.33,N
05/27/2026,13,1,HB_NORTH,37.64,N
05/27/2026,13,2,HB_NORTH,20.42,N
05/27/2026,13,3,HB_NORTH,22.85,N
05/27/2026,13,4,HB_NORTH,21.17,N
05/27/2026,14,1,HB_NORTH,14.2,N
05/27/2026,14,2,HB_NORTH,1227.29,N
05/27/2026,14,3,HB_NORTH,35.41,N
05/27/2026,14,4,HB_NORTH,24.64,N
05/27/2026,15,1,HB_NORTH,10.45,N
05/27/2026,15,2,HB_NORTH,29.22,N
05/27/2026,15,3,HB_NORTH,35.99,N
05/27/2026,15,4,HB_NORTH,17.33,N
05/27/2026,16,1,HB_NORTH,15.56,N
05/27/2026,16,2,HB_NORTH,23.52,N
05/27/2026,16,3,HB_NORTH,32.37,N
05/27/2026,16,4,HB_NORTH,15.23,N
05/27/2026,17,1,HB_NORTH,6.35,N
05/27/2026,17,2,HB_NORTH,22.06,N
05/27/2026,17,3,HB_NORTH,23.4,N
05/27/2026,17,4,HB_NORTH,17.06,N
05/27/2026,18,1,HB_NORTH,11.05,N
05/27/2026,18,2,HB_NORTH,23.47,N
05/27/2026,18,3,HB_NORTH,19.74,N
05/27/2026,18,4,HB_NORTH,9.36,N
05/27/2026,19,1,HB_NORTH,15.39,N
05/27/2026,19,2,HB_NORTH,4.19,N
05/27/2026,19,3,HB_NORTH,20.49,N
05/27/2026,19,4,HB_NORTH,-32.1,N
05/27/2026,20,1,HB_NORTH,12.03,N
05/27/2026,20,2,HB_NORTH,15.25,N
05/27/2026,20,3,HB_NORTH,15.83,N
05/27/2026,20,4,HB_NORTH,272.67,N
05/27/2026,21,1,HB_NORTH,21.74,N
05/27/2026,21,2,HB_NORTH,15.76,N
05/27/2026,21,3,HB_NORTH,23.12,N
05/27/2026,21,4,HB_NORTH,20.22,N
05/27/2026,22,1,HB_NORTH,15.98,N
05/27/2026,22,2,HB_NORTH,18.4,N
05/27/2026,22,3,HB_NORTH,18.21,N
05/27/2026,22,4,HB_NORTH,23.44,N
05/27/2026,23,1,HB_NORTH,19.56,N
05/27/2026,23,2,HB_NORTH,19.38,N
05/27/2026,23,3,HB_NORTH,38.25,N
05/27/2026,23,4,HB_NORTH,30.02,N
05/27/2026,24,1,HB_NORTH,20.03,N
05/27/2026,24,2,HB_NORTH,30.69,N
05/27/2026,24,3,HB_NORTH,27.06,N
05/27/2026,24,4,HB_NORTH,29.25,N
05/28/2026,1,1,HB_NORTH,31.1,N
05/28/2026,1,2,HB_NORTH,39.52,N
05/28/2026,1,3,HB_NORTH,32.76,N
05/28/2026,1,4,HB_NORTH,29.5,N
05/28/2026,2,1,HB_NORTH,42.22,N
05/28/2026,2,2,HB_NORTH,35.75,N
05/28/2026,2,3,HB_NORTH,34.85,N
05/28/2026,2,4,HB_NORTH,36.39,N
05/28/2026,3,1,HB_NORTH,36.75,N
05/28/2026,3,2,HB_NORTH,37.57,N
05/28/2026,3,3,HB_NORTH,32.81,N
05/28/2026,3,4,HB_NORTH,31.49,N
05/28/2026,4,1,HB_NORTH,32.62,N
05/28/2026,4,2,HB_NORTH,1229.47,N
05/28/2026,4,3,HB_NORTH,33.57,N
05/28/2026,4,4,HB_NORTH,39.21,N
05/28/2026,5,1,HB_NORTH,43.82,N
05/28/2026,5,2,HB_NORTH,40.82,N
05/28/2026,5,3,HB_NORTH,24.14,N
05/28/2026,5,4,HB_NORTH,55.59,N
05/28/2026,6,1,HB_NORTH,53.18,N
05/28/2026,6,2,HB_NORTH,48.05,N
05/28/2026,6,3,HB_NORTH,59.75,N
05/28/2026,6,4,HB_NORTH,36.67,N
05/28/2026,7,1,HB_NORTH,60.1,N
05/28/2026,7,2,HB_NORTH,37.28,N
05/28/2026,7,3,HB_NORTH,46.91,N
05/28/2026,7,4,HB_NORTH,34.81,N
05/28/2026,8,1,HB_NORTH,44.61,N
05/28/2026,8,2,HB_NORTH,47.58,N
05/28/2026,8,3,HB_NORTH,43.25,N
05/28/2026,8,4,HB_NORTH,50.2,N
05/28/2026,9,1,HB_NORTH,43.78,N
05/28/2026,9,2,HB_NORTH,38.81,N
05/28/2026,9,3,HB_NORTH,38.46,N
05/28/2026,9,4,HB_NORTH,49.48,N
05/28/2026,10,1,HB_NORTH,35.38,N
05/28/2026,10,2,HB_NORTH,47.93,N
05/28/2026,10,3,HB_NORTH,50.39,N
05/28/2026,10,4,HB_NORTH,27.26,N
05/28/2026,11,1,HB_NORTH,46.56,N
05/28/2026,11,2,HB_NORTH,53.98,N
05/28/2026,11,3,HB_NORTH,39.52,N
05/28/2026,11,4,HB_NORTH,42.29,N
05/28/2026,12,1,HB_NORTH,42.18,N
05/28/2026,12,2,HB_NORTH,31.68,N
05/28/2026,12,3,HB_NORTH,35.34,N
05/28/2026,12,4,HB_NORTH,23.37,N
05/28/2026,13,1,HB_NORTH,31.11,N
05/28/2026,13,2,HB_NORTH,33.98,N
05/28/2026,13,3,HB_NORTH,34.13,N
05/28/2026,13,4,HB_NORTH,38.52,N
05/28/2026,14,1,HB_NORTH,19.92,N
05/28/2026,14,2,HB_NORTH,21.86,N
05/28/2026,14,3,HB_NORTH,41.28,N
05/28/2026,14,4,HB_NORTH,24.92,N
05/28/2026,15,1,HB_NORTH,24.1,N
05/28/2026,15,2,HB_NORTH,21.96,N
05/28/2026,15,3,HB_NORTH,15.93,N
05/28/2026,15,4,HB_NORTH,35.49,N
05/28/2026,16,1,HB_NORTH,15.17,N
05/28/2026,16,2,HB_NORTH,10.38,N
05/28/2026,16,3,HB_NORTH,15.79,N
05/28/2026,16,4,HB_NORTH,3.38,N
05/28/2026,17,1,HB_NORTH,11.8,N
05/28/2026,17,2,HB_NORTH,9.26,N
05/28/2026,17,3,HB_NORTH,21.95,N
05/28/2026,17,4,HB_NORTH,261.62,N
05/28/2026,18,1,HB_NORTH,22.61,N
05/28/2026,18,2,HB_NORTH,26.7,N
05/28/2026,18,3,HB_NORTH,21.76,N
05/28/2026,18,4,HB_NORTH,13.79,N
05/28/2026,19,1,HB_NORTH,16.13,N
05/28/2026,19,2,HB_NORTH,2.8,N
05/28/2026,19,3,HB_NORTH,1213.93,N
05/28/2026,19,4,HB_NORTH,8.12,N
05/28/2026,20,1,HB_NORTH,21.07,N
05/28/2026,20,2,HB_NORTH,36.09,N
05/28/2026,20,3,HB_NORTH,19.51,N
05/28/2026,20,4,HB_NORTH,-0.42,N
05/28/2026,21,1,HB_NORTH,14.12,N
05/28/2026,21,2,HB_NORTH,17.99,N
05/28/2026,21,3,HB_NORTH,17.71,N
05/28/2026,21,4,HB_NORTH,11.16,N
05/28/2026,22,1,HB_NORTH,21.36,N
05/28/2026,22,2,HB_NORTH,9.45,N
05/28/2026,22,3,HB_NORTH,11.83,N
05/28/2026,22,4,HB_NORTH,24.56,N
05/28/2026,23,1,HB_NORTH,14.37,N
05/28/2026,23,2,HB_NORTH,26.81,N
05/28/2026,23,3,HB_NORTH,11.54,N
05/28/2026,23,4,HB_NORTH,36.62,N
05/28/2026,24,1,HB_NORTH,19.92,N
05/28/2026,24,2,HB_NORTH,24.33,N
05/28/2026,24,3,HB_NORTH,278.76,N
05/28/2026,24,4,HB_NORTH,21.59,N
05/29/2026,1,1,HB_NORTH,31.15,N
05/29/2026,1,2,HB_NORTH,34.6,N
05/29/2026,1,3,HB_NORTH,37.68,N
05/29/2026,1,4,HB_NORTH,36.33,N
05/29/2026,2,1,HB_NORTH,32.51,N
05/29/2026,2,2,HB_NORTH,32.71,N
05/29/2026,2,3,HB_NORTH,52.68,N
05/29/2026,2,4,HB_NORTH,41.48,N
05/29/2026,3,1,HB_NORTH,1230.13,N
05/29/2026,3,2,HB_NORTH,38.3,N
05/29/2026,3,3,HB_NORTH,34.82,N
05/29/2026,3,4,HB_NORTH,-8.58,N
05/29/2026,4,1,HB_NORTH,30.77,N
05/29/2026,4,2,HB_NORTH,37.31,N
05/29/2026,4,3,HB_NORTH,55.1,N
05/29/2026,4,4,HB_NORTH,45.24,N
05/29/2026,5,1,HB_NORTH,23.06,N
05/29/2026,5,2,HB_NORTH,52.72,N
05/29/2026,5,3,HB_NORTH,51.71,N
05/29/2026,5,4,HB_NORTH,40.12,N
05/29/2026,6,1,HB_NORTH,50.23,N
05/29/2026,6,2,HB_NORTH,37.61,N
05/29/2026,6,3,HB_NORTH,290.73,N
05/29/2026,6,4,HB_NORTH,56.48,N
05/29/2026,7,1,HB_NORTH,42.83,N
05/29/2026,7,2,HB_NORTH,30.04,N
05/29/2026,7,3,HB_NORTH,44.49,N
05/29/2026,7,4,HB_NORTH,44.37,N
05/29/2026,8,1,HB_NORTH,54.08,N
05/29/2026,8,2,HB_NORTH,44.6,N
05/29/2026,8,3,HB_NORTH,41.12,N
05/29/2026,8,4,HB_NORTH,52.85,N
05/29/2026,9,1,HB_NORTH,43.96,N
05/29/2026,9,2,HB_NORTH,36.99,N
05/29/2026,9,3,HB_NORTH,52.23,N
05/29/2026,9,4,HB_NORTH,44.54,N
05/29/2026,10,1,HB_NORTH,40.63,N
05/29/2026,10,2,HB_NORTH,42.03,N
05/29/2026,10,3,HB_NORTH,32.04,N
05/29/2026,10,4,HB_NORTH,36.39,N
05/29/2026,11,1,HB_NORTH,37.53,N
05/29/2026,11,2,HB_NORTH,35.94,N
05/29/2026,11,3,HB_NORTH,47.68,N
05/29/2026,11,4,HB_NORTH,39.24,N
05/29/2026,12,1,HB_NORTH,40.72,N
05/29/2026,12,2,HB_NORTH,33.96,N
05/29/2026,12,3,HB_NORTH,42.33,N
05/29/2026,12,4,HB_NORTH,37.06,N
05/29/2026,13,1,HB_NORTH,30.11,N
05/29/2026,13,2,HB_NORTH,-15.11,N
05/29/2026,13,3,HB_NORTH,22.36,N
05/29/2026,13,4,HB_NORTH,34.06,N
05/29/2026,14,1,HB_NORTH,25.8,N
05/29/2026,14,2,HB_NORTH,22.1,N
05/29/2026,14,3,HB_NORTH,34.97,N
05/29/2026,14,4,HB_NORTH,16.12,N
05/29/2026,15,1,HB_NORTH,19.12,N
05/29/2026,15,2,HB_NORTH,30.72,N
05/29/2026,15,3,HB_NORTH,25.02,N
05/29/2026,15,4,HB_NORTH,1222.12,N
05/29/2026,16,1,HB_NORTH,21.4,N
05/29/2026,16,2,HB_NORTH,20.83,N
05/29/2026,16,3,HB_NORTH,7.26,N
05/29/2026,16,4,HB_NORTH,16.6,N
05/29/2026,17,1,HB_NORTH,29.94,N
05/29/2026,17,2,HB_NORTH,11.74,N
05/29/2026,17,3,HB_NORTH,14.46,N
05/29/2026,17,4,HB_NORTH,12.68,N
05/29/2026,18,1,HB_NORTH,14.81,N
05/29/2026,18,2,HB_NORTH,10.85,N
05/29/2026,18,3,HB_NORTH,19.41,N
05/29/2026,18,4,HB_NORTH,17.09,N
05/29/2026,19,1,HB_NORTH,-23.81,N
05/29/2026,19,2,HB_NORTH,-38.41,N
05/29/2026,19,3,HB_NORTH,12.28,N
05/29/2026,19,4,HB_NORTH,13.19,N
05/29/2026,20,1,HB_NORTH,19.16,N
05/29/2026,20,2,HB_NORTH,9.17,N
05/29/2026,20,3,HB_NORTH,22.84,N
05/29/2026,20,4,HB_NORTH,25.0,N
05/29/2026,21,1,HB_NORTH,9.1,N
05/29/2026,21,2,HB_NORTH,13.08,N
05/29/2026,21,3,HB_NORTH,12.75,N
05/29/2026,21,4,HB_NORTH,38.07,N
05/29/2026,22,1,HB_NORTH,15.95,N
05/29/2026,22,2,HB_NORTH,32.81,N
05/29/2026,22,3,HB_NORTH,9.26,N
05/29/2026,22,4,HB_NORTH,11.48,N
05/29/2026,23,1,HB_NORTH,17.01,N
05/29/2026,23,2,HB_NORTH,-29.27,N
05/29/2026,23,3,HB_NORTH,270.36,N
05/29/2026,23,4,HB_NORTH,16.83,N
05/29/2026,24,1,HB_NORTH,19.56,N
05/29/2026,24,2,HB_NORTH,35.39,N
05/29/2026,24,3,HB_NORTH,35.91,N
05/29/2026,24,4,HB_NORTH,33.71,N
05/30/2026,1,1,HB_NORTH,34.19,N
05/30/2026,1,2,HB_NORTH,30.74,N
05/30/2026,1,3,HB_NORTH,26.02,N
05/30/2026,1,4,HB_NORTH,-22.63,N
05/30/2026,2,1,HB_NORTH,36.79,N
05/30/2026,2,2,HB_NORTH,24.49,N
05/30/2026,2,3,HB_NORTH,25.93,N
05/30/2026,2,4,HB_NORTH,43.11,N
05/30/2026,3,1,HB_NORTH,52.71,N
05/30/2026,3,2,HB_NORTH,40.65,N
05/30/2026,3,3,HB_NORTH,46.35,N
05/30/2026,3,4,HB_NORTH,35.53,N
05/30/2026,4,1,HB_NORTH,29.91,N
05/30/2026,4,2,HB_NORTH,45.5,N
05/30/2026,4,3,HB_NORTH,45.16,N
05/30/2026,4,4,HB_NORTH,41.18,N
05/30/2026,5,1,HB_NORTH,41.05,N
05/30/2026,5,2,HB_NORTH,50.69,N
05/30/2026,5,3,HB_NORTH,35.1,N
05/30/2026,5,4,HB_NORTH,36.8,N
05/30/2026,6,1,HB_NORTH,36.42,N
05/30/2026,6,2,HB_NORTH,45.17,N
05/30/2026,6,3,HB_NORTH,35.79,N
05/30/2026,6,4,HB_NORTH,-5.99,N
05/30/2026,7,1,HB_NORTH,39.35,N
05/30/2026,7,2,HB_NORTH,42.92,N
05/30/2026,7,3,HB_NORTH,33.1,N
05/30/2026,7,4,HB_NORTH,45.7,N
05/30/2026,8,1,HB_NORTH,54.47,N
05/30/2026,8,2,HB_NORTH,45.57,N
05/30/2026,8,3,HB_NORTH,56.82,N
05/30/2026,8,4,HB_NORTH,55.16,N
05/30/2026,9,1,HB_NORTH,49.21,N
05/30/2026,9,2,HB_NORTH,43.59,N
05/30/2026,9,3,HB_NORTH,-1.83,N
05/30/2026,9,4,HB_NORTH,49.1,N
05/30/2026,10,1,HB_NORTH,37.47,N
05/30/2026,10,2,HB_NORTH,25.55,N
05/30/2026,10,3,HB_NORTH,44.54,N
05/30/2026,10,4,HB_NORTH,31.56,N
05/30/2026,11,1,HB_NORTH,29.8,N
05/30/2026,11,2,HB_NORTH,37.5,N
05/30/2026,11,3,HB_NORTH,36.74,N
05/30/2026,11,4,HB_NORTH,26.2,N
05/30/2026,12,1,HB_NORTH,35.21,N
05/30/2026,12,2,HB_NORTH,41.61,N
05/30/2026,12,3,HB_NORTH,24.86,N
05/30/2026,12,4,HB_NORTH,44.06,N
05/30/2026,13,1,HB_NORTH,17.52,N
05/30/2026,13,2,HB_NORTH,46.94,N
05/30/2026,13,3,HB_NORTH,26.71,N
05/30/2026,13,4,HB_NORTH,-13.84,N
05/30/2026,14,1,HB_NORTH,10.98,N
05/30/2026,14,2,HB_NORTH,25.62,N
05/30/2026,14,3,HB_NORTH,27.95,N
05/30/2026,14,4,HB_NORTH,25.43,N
05/30/2026,15,1,HB_NORTH,18.0,N
05/30/2026,15,2,HB_NORTH,14.93,N
05/30/2026,15,3,HB_NORTH,31.54,N
05/30/2026,15,4,HB_NORTH,22.75,N
05/30/2026,16,1,HB_NORTH,31.72,N
05/30/2026,16,2,HB_NORTH,15.18,N
05/30/2026,16,3,HB_NORTH,15.92,N
05/30/2026,16,4,HB_NORTH,275.92,N
05/30/2026,17,1,HB_NORTH,4.03,N
05/30/2026,17,2,HB_NORTH,7.3,N
05/30/2026,17,3,HB_NORTH,25.79,N
05/30/2026,17,4,HB_NORTH,7.63,N
05/30/2026,18,1,HB_NORTH,0.96,N
05/30/2026,18,2,HB_NORTH,30.46,N
05/30/2026,18,3,HB_NORTH,4.36,N
05/30/2026,18,4,HB_NORTH,16.98,N
05/30/2026,19,1,HB_NORTH,15.55,N
05/30/2026,19,2,HB_NORTH,-7.49,N
05/30/2026,19,3,HB_NORTH,12.86,N
05/30/2026,19,4,HB_NORTH,18.59,N
05/30/2026,20,1,HB_NORTH,18.35,N
05/30/2026,20,2,HB_NORTH,22.74,N
05/30/2026,20,3,HB_NORTH,12.41,N
05/30/2026,20,4,HB_NORTH,21.21,N
05/30/2026,21,1,HB_NORTH,11.49,N
05/30/2026,21,2,HB_NORTH,-39.27,N
05/30/2026,21,3,HB_NORTH,6.63,N
05/30/2026,21,4,HB_NORTH,5.31,N
05/30/2026,22,1,HB_NORTH,27.47,N
05/30/2026,22,2,HB_NORTH,7.28,N
05/30/2026,22,3,HB_NORTH,21.59,N
05/30/2026,22,4,HB_NORTH,17.27,N
05/30/2026,23,1,HB_NORTH,21.68,N
05/30/2026,23,2,HB_NORTH,33.41,N
05/30/2026,23,3,HB_NORTH,18.99,N
05/30/2026,23,4,HB_NORTH,27.39,N
05/30/2026,24,1,HB_NORTH,26.42,N
05/30/2026,24,2,HB_NORTH,24.9,N
05/30/2026,24,3,HB_NORTH,44.52,N
05/30/2026,24,4,HB_NORTH,14.59,N
05/31/2026,1,1,HB_NORTH,40.31,N
05/31/2026,1,2,HB_NORTH,35.25,N
05/31/2026,1,3,HB_NORTH,26.16,N
05/31/2026,1,4,HB_NORTH,43.03,N
05/31/2026,2,1,HB_NORTH,19.1,N
05/31/2026,2,2,HB_NORTH,29.71,N
05/31/2026,2,3,HB_NORTH,24.21,N
05/31/2026,2,4,HB_NORTH,37.18,N
05/31/2026,3,1,HB_NORTH,28.6,N
05/31/2026,3,2,HB_NORTH,40.96,N
05/31/2026,3,3,HB_NORTH,36.01,N
05/31/2026,3,4,HB_NORTH,33.67,N
05/31/2026,4,1,HB_NORTH,43.72,N
05/31/2026,4,2,HB_NORTH,38.46,N
05/31/2026,4,3,HB_NORTH,31.9,N
05/31/2026,4,4,HB_NORTH,63.02,N
05/31/2026,5,1,HB_NORTH,39.09,N
05/31/2026,5,2,HB_NORTH,25.25,N
05/31/2026,5,3,HB_NORTH,36.25,N
05/31/2026,5,4,HB_NORTH,32.85,N
05/31/2026,6,1,HB_NORTH,51.1,N
05/31/2026,6,2,HB_NORTH,47.06,N
05/31/2026,6,3,HB_NORTH,47.68,N
05/31/2026,6,4,HB_NORTH,41.53,N
05/31/2026,7,1,HB_NORTH,42.77,N
05/31/2026,7,2,HB_NORTH,42.03,N
05/31/2026,7,3,HB_NORTH,44.35,N
05/31/2026,7,4,HB_NORTH,51.68,N
05/31/2026,8,1,HB_NORTH,47.18,N
05/31/2026,8,2,HB_NORTH,48.49,N
05/31/2026,8,3,HB_NORTH,3.49,N
05/31/2026,8,4,HB_NORTH,51.56,N
05/31/2026,9,1,HB_NORTH,45.3,N
05/31/2026,9,2,HB_NORTH,45.86,N
05/31/2026,9,3,HB_NORTH,52.5,N
05/31/2026,9,4,HB_NORTH,37.67,N
05/31/2026,10,1,HB_NORTH,33.76,N
05/31/2026,10,2,HB_NORTH,31.12,N
05/31/2026,10,3,HB_NORTH,42.07,N
05/31/2026,10,4,HB_NORTH,25.78,N
05/31/2026,11,1,HB_NORTH,41.2,N
05/31/2026,11,2,HB_NORTH,36.63,N
05/31/2026,11,3,HB_NORTH,46.58,N
05/31/2026,11,4,HB_NORTH,32.12,N
05/31/2026,12,1,HB_NORTH,32.26,N
05/31/2026,12,2,HB_NORTH,42.86,N
05/31/2026,12,3,HB_NORTH,44.95,N
05/31/2026,12,4,HB_NORTH,28.44,N
05/31/2026,13,1,HB_NORTH,31.45,N
05/31/2026,13,2,HB_NORTH,32.36,N
05/31/2026,13,3,HB_NORTH,32.99,N
05/31/2026,13,4,HB_NORTH,27.9,N
05/31/2026,14,1,HB_NORTH,36.37,N
05/31/2026,14,2,HB_NORTH,11.0,N
05/31/2026,14,3,HB_NORTH,22.75,N
05/31/2026,14,4,HB_NORTH,29.7,N
05/31/2026,15,1,HB_NORTH,26.16,N
05/31/2026,15,2,HB_NORTH,33.32,N
05/31/2026,15,3,HB_NORTH,32.09,N
05/31/2026,15,4,HB_NORTH,20.22,N
05/31/2026,16,1,HB_NORTH,29.79,N
05/31/2026,16,2,HB_NORTH,13.68,N
05/31/2026,16,3,HB_NORTH,26.84,N
05/31/2026,16,4,HB_NORTH,33.88,N
05/31/2026,17,1,HB_NORTH,26.73,N
05/31/2026,17,2,HB_NORTH,17.86,N
05/31/2026,17,3,HB_NORTH,14.36,N
05/31/2026,17,4,HB_NORTH,254.78,N
05/31/2026,18,1,HB_NORTH,18.0,N
05/31/2026,18,2,HB_NORTH,6.59,N
05/31/2026,18,3,HB_NORTH,9.17,N
05/31/2026,18,4,HB_NORTH,5.99,N
05/31/2026,19,1,HB_NORTH,11.32,N
05/31/2026,19,2,HB_NORTH,14.78,N
05/31/2026,19,3,HB_NORTH,17.19,N
05/31/2026,19,4,HB_NORTH,10.2,N
05/31/2026,20,1,HB_NORTH,24.07,N
05/31/2026,20,2,HB_NORTH,13.85,N
05/31/2026,20,3,HB_NORTH,9.21,N
05/31/2026,20,4,HB_NORTH,17.32,N
05/31/2026,21,1,HB_NORTH,32.72,N
05/31/2026,21,2,HB_NORTH,19.69,N
05/31/2026,21,3,HB_NORTH,14.11,N
05/31/2026,21,4,HB_NORTH,4.79,N
05/31/2026,22,1,HB_NORTH,17.64,N
05/31/2026,22,2,HB_NORTH,21.27,N
05/31/2026,22,3,HB_NORTH,16.29,N
05/31/2026,22,4,HB_NORTH,6.07,N
05/31/2026,23,1,HB_NORTH,15.7,N
05/31/2026,23,2,HB_NORTH,34.14,N
05/31/2026,23,3,HB_NORTH,33.97,N
05/31/2026,23,4,HB_NORTH,15.41,N
05/31/2026,24,1,HB_NORTH,31.5,N
05/31/2026,24,2,HB_NORTH,16.69,N
05/31/2026,24,3,HB_NORTH,37.35,N
05/31/2026,24,4,HB_NORTH,28.08,N
05/01/2026,1,1,HB_WEST,39.22,N
05/01/2026,1,2,HB_WEST,24.47,N
05/01/2026,1,3,HB_WEST,-8.8,N
05/01/2026,1,4,HB_WEST,42.09,N
05/01/2026,2,1,HB_WEST,30.24,N
05/01/2026,2,2,HB_WEST,39.78,N
05/01/2026,2,3,HB_WEST,31.95,N
05/01/2026,2,4,HB_WEST,41.28,N
05/01/2026,3,1,HB_WEST,24.93,N
05/01/2026,3,2,HB_WEST,24.34,N
05/01/2026,3,3,HB_WEST,34.37,N
05/01/2026,3,4,HB_WEST,30.39,N
05/01/2026,4,1,HB_WEST,36.47,N
05/01/2026,4,2,HB_WEST,38.85,N
05/01/2026,4,3,HB_WEST,46.37,N
05/01/2026,4,4,HB_WEST,37.35,N
05/01/2026,5,1,HB_WEST,36.4,N
05/01/2026,5,2,HB_WEST,40.18,N
05/01/2026,5,3,HB_WEST,36.84,N
05/01/2026,5,4,HB_WEST,35.52,N
05/01/2026,6,1,HB_WEST,31.58,N
05/01/2026,6,2,HB_WEST,45.04,N
05/01/2026,6,3,HB_WEST,39.94,N
05/01/2026,6,4,HB_WEST,52.22,N
05/01/2026,7,1,HB_WEST,33.42,N
05/01/2026,7,2,HB_WEST,40.66,N
05/01/2026,7,3,HB_WEST,59.5,N
05/01/2026,7,4,HB_WEST,37.48,N
05/01/2026,8,1,HB_WEST,292.6,N
05/01/2026,8,2,HB_WEST,34.76,N
05/01/2026,8,3,HB_WEST,33.7,N
05/01/2026,8,4,HB_WEST,56.87,N
05/01/2026,9,1,HB_WEST,44.36,N
05/01/2026,9,2,HB_WEST,44.06,N
05/01/2026,9,3,HB_WEST,29.42,N
05/01/2026,9,4,HB_WEST,45.86,N
05/01/2026,10,1,HB_WEST,49.87,N
05/01/2026,10,2,HB_WEST,49.8,N
05/01/2026,10,3,HB_WEST,45.95,N
05/01/2026,10,4,HB_WEST,31.57,N
05/01/2026,11,1,HB_WEST,40.0,N
05/01/2026,11,2,HB_WEST,42.84,N
05/01/2026,11,3,HB_WEST,23.14,N
05/01/2026,11,4,HB_WEST,28.53,N
05/01/2026,12,1,HB_WEST,40.99,N
05/01/2026,12,2,HB_WEST,40.89,N
05/01/2026,12,3,HB_WEST,21.49,N
05/01/2026,12,4,HB_WEST,40.24,N
05/01/2026,13,1,HB_WEST,30.76,N
05/01/2026,13,2,HB_WEST,36.25,N
05/01/2026,13,3,HB_WEST,24.92,N
05/01/2026,13,4,HB_WEST,35.16,N
05/01/2026,14,1,HB_WEST,32.87,N
05/01/2026,14,2,HB_WEST,-21.69,N
05/01/2026,14,3,HB_WEST,26.26,N
05/01/2026,14,4,HB_WEST,20.93,N
05/01/2026,15,1,HB_WEST,35.71,N
05/01/2026,15,2,HB_WEST,21.54,N
05/01/2026,15,3,HB_WEST,-29.88,N
05/01/2026,15,4,HB_WEST,16.77,N
05/01/2026,16,1,HB_WEST,20.41,N
05/01/2026,16,2,HB_WEST,-19.58,N
05/01/2026,16,3,HB_WEST,8.71,N
05/01/2026,16,4,HB_WEST,34.17,N
05/01/2026,17,1,HB_WEST,19.48,N
05/01/2026,17,2,HB_WEST,20.74,N
05/01/2026,17,3,HB_WEST,16.23,N
05/01/2026,17,4,HB_WEST,17.16,N
05/01/2026,18,1,HB_WEST,14.32,N
05/01/2026,18,2,HB_WEST,23.65,N
05/01/2026,18,3,HB_WEST,15.45,N
05/01/2026,18,4,HB_WEST,21.65,N
05/01/2026,19,1,HB_WEST,11.53,N
05/01/2026,19,2,HB_WEST,16.57,N
05/01/2026,19,3,HB_WEST,8.57,N
05/01/2026,19,4,HB_WEST,24.73,N
05/01/2026,20,1,HB_WEST,8.84,N
05/01/2026,20,2,HB_WEST,12.91,N
05/01/2026,20,3,HB_WEST,12.99,N
05/01/2026,20,4,HB_WEST,12.68,N
05/01/2026,21,1,HB_WEST,22.79,N
05/01/2026,21,2,HB_WEST,1214.48,N
05/01/2026,21,3,HB_WEST,28.16,N
05/01/2026,21,4,HB_WEST,10.46,N
05/01/2026,22,1,HB_WEST,20.75,N
05/01/2026,22,2,HB_WEST,13.19,N
05/01/2026,22,3,HB_WEST,22.76,N
05/01/2026,22,4,HB_WEST,19.27,N
05/01/2026,23,1,HB_WEST,21.26,N
05/01/2026,23,2,HB_WEST,32.01,N
05/01/2026,23,3,HB_WEST,17.27,N
05/01/2026,23,4,HB_WEST,27.19,N
05/01/2026,24,1,HB_WEST,19.97,N
05/01/2026,24,2,HB_WEST,277.02,N
05/01/2026,24,3,HB_WEST,16.55,N
05/01/2026,24,4,HB_WEST,20.82,N
05/02/2026,1,1,HB_WEST,29.34,N
05/02/2026,1,2,HB_WEST,44.52,N
05/02/2026,1,3,HB_WEST,30.81,N
05/02/2026,1,4,HB_WEST,43.24,N
05/02/2026,2,1,HB_WEST,35.64,N
05/02/2026,2,2,HB_WEST,30.79,N
05/02/2026,2,3,HB_WEST,46.2,N
05/02/2026,2,4,HB_WEST,37.38,N
05/02/2026,3,1,HB_WEST,32.36,N
05/02/2026,3,2,HB_WEST,41.26,N
05/02/2026,3,3,HB_WEST,35.16,N
05/02/2026,3,4,HB_WEST,21.59,N
05/02/2026,4,1,HB_WEST,48.09,N
05/02/2026,4,2,HB_WEST,299.37,N
05/02/2026,4,3,HB_WEST,55.31,N
05/02/2026,4,4,HB_WEST,43.98,N
05/02/2026,5,1,HB_WEST,41.0,N
05/02/2026,5,2,HB_WEST,49.67,N
05/02/2026,5,3,HB_WEST,49.79,N
05/02/2026,5,4,HB_WEST,56.1,N
05/02/2026,6,1,HB_WEST,44.13,N
05/02/2026,6,2,HB_WEST,43.16,N
05/02/2026,6,3,HB_WEST,38.76,N
05/02/2026,6,4,HB_WEST,48.79,N
05/02/2026,7,1,HB_WEST,32.61,N
05/02/2026,7,2,HB_WEST,51.21,N
05/02/2026,7,3,HB_WEST,49.7,N
05/02/2026,7,4,HB_WEST,49.68,N
05/02/2026,8,1,HB_WEST,0.59,N
05/02/2026,8,2,HB_WEST,56.75,N
05/02/2026,8,3,HB_WEST,51.46,N
05/02/2026,8,4,HB_WEST,39.63,N
05/02/2026,9,1,HB_WEST,38.28,N
05/02/2026,9,2,HB_WEST,35.95,N
05/02/2026,9,3,HB_WEST,47.4,N
05/02/2026,9,4,HB_WEST,34.99,N
05/02/2026,10,1,HB_WEST,49.27,N
05/02/2026,10,2,HB_WEST,51.19,N
05/02/2026,10,3,HB_WEST,-11.43,N
05/02/2026,10,4,HB_WEST,39.12,N
05/02/2026,11,1,HB_WEST,-7.37,N
05/02/2026,11,2,HB_WEST,44.57,N
05/02/2026,11,3,HB_WEST,50.37,N
05/02/2026,11,4,HB_WEST,24.02,N
05/02/2026,12,1,HB_WEST,31.34,N
05/02/2026,12,2,HB_WEST,31.75,N
05/02/2026,12,3,HB_WEST,22.68,N
05/02/2026,12,4,HB_WEST,30.0,N
05/02/2026,13,1,HB_WEST,33.42,N
05/02/2026,13,2,HB_WEST,27.77,N
05/02/2026,13,3,HB_WEST,17.64,N
05/02/2026,13,4,HB_WEST,52.99,N
05/02/2026,14,1,HB_WEST,28.25,N
05/02/2026,14,2,HB_WEST,27.01,N
05/02/2026,14,3,HB_WEST,17.33,N
05/02/2026,14,4,HB_WEST,28.2,N
05/02/2026,15,1,HB_WEST,21.19,N
05/02/2026,15,2,HB_WEST,7.39,N
05/02/2026,15,3,HB_WEST,13.94,N
05/02/2026,15,4,HB_WEST,28.86,N
05/02/2026,16,1,HB_WEST,34.95,N
05/02/2026,16,2,HB_WEST,22.33,N
05/02/2026,16,3,HB_WEST,-16.78,N
05/02/2026,16,4,HB_WEST,18.15,N
05/02/2026,17,1,HB_WEST,16.32,N
05/02/2026,17,2,HB_WEST,25.74,N
05/02/2026,17,3,HB_WEST,30.31,N
05/02/2026,17,4,HB_WEST,27.42,N
05/02/2026,18,1,HB_WEST,6.98,N
05/02/2026,18,2,HB_WEST,14.98,N
05/02/2026,18,3,HB_WEST,17.73,N
05/02/2026,18,4,HB_WEST,13.43,N
05/02/2026,19,1,HB_WEST,18.1,N
05/02/2026,19,2,HB_WEST,21.56,N
05/02/2026,19,3,HB_WEST,23.02,N
05/02/2026,19,4,HB_WEST,28.49,N
05/02/2026,20,1,HB_WEST,12.88,N
05/02/2026,20,2,HB_WEST,-40.4,N
05/02/2026,20,3,HB_WEST,18.38,N
05/02/2026,20,4,HB_WEST,30.58,N
05/02/2026,21,1,HB_WEST,13.19,N
05/02/2026,21,2,HB_WEST,22.5,N
05/02/2026,21,3,HB_WEST,22.58,N
05/02/2026,21,4,HB_WEST,18.54,N
05/02/2026,22,1,HB_WEST,19.45,N
05/02/2026,22,2,HB_WEST,12.01,N
05/02/2026,22,3,HB_WEST,1.14,N
05/02/2026,22,4,HB_WEST,10.5,N
05/02/2026,23,1,HB_WEST,19.38,N
05/02/2026,23,2,HB_WEST,31.28,N
05/02/2026,23,3,HB_WEST,21.67,N
05/02/2026,23,4,HB_WEST,18.35,N
05/02/2026,24,1,HB_WEST,18.99,N
05/02/2026,24,2,HB_WEST,31.37,N
05/02/2026,24,3,HB_WEST,36.98,N
05/02/2026,24,4,HB_WEST,-10.37,N
05/03/2026,1,1,HB_WEST,34.85,N
05/03/2026,1,2,HB_WEST,18.2,N
05/03/2026,1,3,HB_WEST,27.19,N
05/03/2026,1,4,HB_WEST,45.58,N
05/03/2026,2,1,HB_WEST,42.86,N
05/03/2026,2,2,HB_WEST,21.58,N
05/03/2026,2,3,HB_WEST,33.44,N
05/03/2026,2,4,HB_WEST,36.79,N
05/03/2026,3,1,HB_WEST,31.4,N
05/03/2026,3,2,HB_WEST,19.03,N
05/03/2026,3,3,HB_WEST,38.29,N
05/03/2026,3,4,HB_WEST,31.2,N
05/03/2026,4,1,HB_WEST,34.34,N
05/03/2026,4,2,HB_WEST,37.77,N
05/03/2026,4,3,HB_WEST,39.54,N
05/03/2026,4,4,HB_WEST,40.53,N
05/03/2026,5,1,HB_WEST,-9.08,N
05/03/2026,5,2,HB_WEST,41.23,N
05/03/2026,5,3,HB_WEST,28.93,N
05/03/2026,5,4,HB_WEST,45.48,N
05/03/2026,6,1,HB_WEST,21.64,N
05/03/2026,6,2,HB_WEST,-2.83,N
05/03/2026,6,3,HB_WEST,51.84,N
05/03/2026,6,4,HB_WEST,36.01,N
05/03/2026,7,1,HB_WEST,300.73,N
05/03/2026,7,2,HB_WEST,54.25,N
05/03/2026,7,3,HB_WEST,18.54,N
05/03/2026,7,4,HB_WEST,43.79,N
05/03/2026,8,1,HB_WEST,21.48,N
05/03/2026,8,2,HB_WEST,43.54,N
05/03/2026,8,3,HB_WEST,44.43,N
05/03/2026,8,4,HB_WEST,24.63,N
05/03/2026,9,1,HB_WEST,58.39,N
05/03/2026,9,2,HB_WEST,45.28,N
05/03/2026,9,3,HB_WEST,-8.8,N
05/03/2026,9,4,HB_WEST,54.71,N
05/03/2026,10,1,HB_WEST,26.24,N
05/03/2026,10,2,HB_WEST,30.77,N
05/03/2026,10,3,HB_WEST,22.21,N
05/03/2026,10,4,HB_WEST,55.01,N
05/03/2026,11,1,HB_WEST,40.16,N
05/03/2026,11,2,HB_WEST,42.78,N
05/03/2026,11,3,HB_WEST,39.91,N
05/03/2026,11,4,HB_WEST,42.09,N
05/03/2026,12,1,HB_WEST,34.51,N
05/03/2026,12,2,HB_WEST,36.05,N
05/03/2026,12,3,HB_WEST,34.74,N
05/03/2026,12,4,HB_WEST,29.01,N
05/03/2026,13,1,HB_WEST,29.63,N
05/03/2026,13,2,HB_WEST,32.19,N
05/03/2026,13,3,HB_WEST,30.88,N
05/03/2026,13,4,HB_WEST,18.18,N
05/03/2026,14,1,HB_WEST,15.36,N
05/03/2026,14,2,HB_WEST,34.78,N
05/03/2026,14,3,HB_WEST,23.66,N
05/03/2026,14,4,HB_WEST,30.8,N
05/03/2026,15,1,HB_WEST,13.76,N
05/03/2026,15,2,HB_WEST,10.71,N
05/03/2026,15,3,HB_WEST,15.75,N
05/03/2026,15,4,HB_WEST,20.72,N
05/03/2026,16,1,HB_WEST,14.07,N
05/03/2026,16,2,HB_WEST,29.74,N
05/03/2026,16,3,HB_WEST,20.83,N
05/03/2026,16,4,HB_WEST,34.18,N
05/03/2026,17,1,HB_WEST,20.24,N
05/03/2026,17,2,HB_WEST,-2.29,N
05/03/2026,17,3,HB_WEST,25.46,N
05/03/2026,17,4,HB_WEST,1204.93,N
05/03/2026,18,1,HB_WEST,17.36,N
05/03/2026,18,2,HB_WEST,9.31,N
05/03/2026,18,3,HB_WEST,32.65,N
05/03/2026,18,4,HB_WEST,-17.97,N
05/03/2026,19,1,HB_WEST,9.07,N
05/03/2026,19,2,HB_WEST,13.98,N
05/03/2026,19,3,HB_WEST,16.96,N
05/03/2026,19,4,HB_WEST,21.91,N
05/03/2026,20,1,HB_WEST,15.74,N
05/03/2026,20,2,HB_WEST,7.31,N
05/03/2026,20,3,HB_WEST,259.77,N
05/03/2026,20,4,HB_WEST,15.48,N
05/03/2026,21,1,HB_WEST,26.89,N
05/03/2026,21,2,HB_WEST,20.43,N
05/03/2026,21,3,HB_WEST,10.82,N
05/03/2026,21,4,HB_WEST,22.2,N
05/03/2026,22,1,HB_WEST,16.3,N
05/03/2026,22,2,HB_WEST,26.52,N
05/03/2026,22,3,HB_WEST,39.61,N
05/03/2026,22,4,HB_WEST,16.52,N
05/03/2026,23,1,HB_WEST,28.91,N
05/03/2026,23,2,HB_WEST,16.54,N
05/03/2026,23,3,HB_WEST,271.6,N
05/03/2026,23,4,HB_WEST,22.74,N
05/03/2026,24,1,HB_WEST,24.57,N
05/03/2026,24,2,HB_WEST,45.82,N
05/03/2026,24,3,HB_WEST,23.66,N
05/03/2026,24,4,HB_WEST,30.81,N
05/04/2026,1,1,HB_WEST,14.56,N
05/04/2026,1,2,HB_WEST,33.46,N
05/04/2026,1,3,HB_WEST,39.14,N
05/04/2026,1,4,HB_WEST,25.78,N
05/04/2026,2,1,HB_WEST,13.8,N
05/04/2026,2,2,HB_WEST,33.57,N
05/04/2026,2,3,HB_WEST,34.02,N
05/04/2026,2,4,HB_WEST,39.67,N
05/04/2026,3,1,HB_WEST,53.59,N
05/04/2026,3,2,HB_WEST,34.46,N
05/04/2026,3,3,HB_WEST,30.65,N
05/04/2026,3,4,HB_WEST,28.16,N
05/04/2026,4,1,HB_WEST,42.19,N
05/04/2026,4,2,HB_WEST,44.44,N
05/04/2026,4,3,HB_WEST,36.24,N
05/04/2026,4,4,HB_WEST,296.84,N
05/04/2026,5,1,HB_WEST,46.71,N
05/04/2026,5,2,HB_WEST,43.34,N
05/04/2026,5,3,HB_WEST,35.77,N
05/04/2026,5,4,HB_WEST,39.14,N
05/04/2026,6,1,HB_WEST,25.05,N
05/04/2026,6,2,HB_WEST,46.38,N
05/04/2026,6,3,HB_WEST,44.7,N
05/04/2026,6,4,HB_WEST,46.0,N
05/04/2026,7,1,HB_WEST,49.03,N
05/04/2026,7,2,HB_WEST,48.09,N
05/04/2026,7,3,HB_WEST,44.12,N
05/04/2026,7,4,HB_WEST,45.39,N
05/04/2026,8,1,HB_WEST,33.25,N
05/04/2026,8,2,HB_WEST,39.82,N
05/04/2026,8,3,HB_WEST,44.89,N
05/04/2026,8,4,HB_WEST,38.6,N
05/04/2026,9,1,HB_WEST,4.87,N
05/04/2026,9,2,HB_WEST,37.72,N
05/04/2026,9,3,HB_WEST,44.72,N
05/04/2026,9,4,HB_WEST,43.92,N
05/04/2026,10,1,HB_WEST,46.58,N
05/04/2026,10,2,HB_WEST,47.81,N
05/04/2026,10,3,HB_WEST,46.16,N
05/04/2026,10,4,HB_WEST,23.76,N
05/04/2026,11,1,HB_WEST,47.05,N
05/04/2026,11,2,HB_WEST,49.72,N
05/04/2026,11,3,HB_WEST,33.64,N
05/04/2026,11,4,HB_WEST,39.39,N
05/04/2026,12,1,HB_WEST,26.76,N
05/04/2026,12,2,HB_WEST,18.3,N
05/04/2026,12,3,HB_WEST,27.97,N
05/04/2026,12,4,HB_WEST,29.56,N
05/04/2026,13,1,HB_WEST,27.16,N
05/04/2026,13,2,HB_WEST,22.33,N
05/04/2026,13,3,HB_WEST,24.13,N
05/04/2026,13,4,HB_WEST,29.91,N
05/04/2026,14,1,HB_WEST,19.96,N
05/04/2026,14,2,HB_WEST,30.47,N
05/04/2026,14,3,HB_WEST,31.57,N
05/04/2026,14,4,HB_WEST,45.16,N
05/04/2026,15,1,HB_WEST,31.51,N
05/04/2026,15,2,HB_WEST,24.44,N
05/04/2026,15,3,HB_WEST,17.54,N
05/04/2026,15,4,HB_WEST,24.85,N
05/04/2026,16,1,HB_WEST,-22.99,N
05/04/2026,16,2,HB_WEST,15.29,N
05/04/2026,16,3,HB_WEST,25.66,N
05/04/2026,16,4,HB_WEST,8.21,N
05/04/2026,17,1,HB_WEST,15.05,N
05/04/2026,17,2,HB_WEST,21.46,N
05/04/2026,17,3,HB_WEST,14.71,N
05/04/2026,17,4,HB_WEST,15.36,N
05/04/2026,18,1,HB_WEST,14.41,N
05/04/2026,18,2,HB_WEST,8.83,N
05/04/2026,18,3,HB_WEST,274.9,N
05/04/2026,18,4,HB_WEST,7.37,N
05/04/2026,19,1,HB_WEST,17.55,N
05/04/2026,19,2,HB_WEST,18.31,N
05/04/2026,19,3,HB_WEST,7.41,N
05/04/2026,19,4,HB_WEST,15.58,N
05/04/2026,20,1,HB_WEST,8.23,N
05/04/2026,20,2,HB_WEST,26.64,N
05/04/2026,20,3,HB_WEST,256.4,N
05/04/2026,20,4,HB_WEST,10.28,N
05/04/2026,21,1,HB_WEST,7.22,N
05/04/2026,21,2,HB_WEST,6.15,N
05/04/2026,21,3,HB_WEST,29.74,N
05/04/2026,21,4,HB_WEST,21.35,N
05/04/2026,22,1,HB_WEST,20.52,N
05/04/2026,22,2,HB_WEST,14.14,N
05/04/2026,22,3,HB_WEST,26.65,N
05/04/2026,22,4,HB_WEST,12.8,N
05/04/2026,23,1,HB_WEST,28.85,N
05/04/2026,23,2,HB_WEST,15.52,N
05/04/2026,23,3,HB_WEST,17.34,N
05/04/2026,23,4,HB_WEST,28.57,N
05/04/2026,24,1,HB_WEST,33.03,N
05/04/2026,24,2,HB_WEST,30.9,N
05/04/2026,24,3,HB_WEST,17.72,N
05/04/2026,24,4,HB_WEST,22.54,N
05/05/2026,1,1,HB_WEST,31.26,N
05/05/2026,1,2,HB_WEST,23.21,N
05/05/2026,1,3,HB_WEST,40.97,N
05/05/2026,1,4,HB_WEST,10.78,N
05/05/2026,2,1,HB_WEST,-17.35,N
05/05/2026,2,2,HB_WEST,29.81,N
05/05/2026,2,3,HB_WEST,11.13,N
05/05/2026,2,4,HB_WEST,22.71,N
05/05/2026,3,1,HB_WEST,42.5,N
05/05/2026,3,2,HB_WEST,37.74,N
05/05/2026,3,3,HB_WEST,50.09,N
05/05/2026,3,4,HB_WEST,299.86,N
05/05/2026,4,1,HB_WEST,44.07,N
05/05/2026,4,2,HB_WEST,43.11,N
05/05/2026,4,3,HB_WEST,41.13,N
05/05/2026,4,4,HB_WEST,19.37,N
05/05/2026,5,1,HB_WEST,31.83,N
05/05/2026,5,2,HB_WEST,43.8,N
05/05/2026,5,3,HB_WEST,47.92,N
05/05/2026,5,4,HB_WEST,295.31,N
05/05/2026,6,1,HB_WEST,37.35,N
05/05/2026,6,2,HB_WEST,51.99,N
05/05/2026,6,3,HB_WEST,11.35,N
05/05/2026,6,4,HB_WEST,51.99,N
05/05/2026,7,1,HB_WEST,52.92,N
05/05/2026,7,2,HB_WEST,40.53,N
05/05/2026,7,3,HB_WEST,53.61,N
05/05/2026,7,4,HB_WEST,46.17,N
05/05/2026,8,1,HB_WEST,48.58,N
05/05/2026,8,2,HB_WEST,47.41,N
05/05/2026,8,3,HB_WEST,43.52,N
05/05/2026,8,4,HB_WEST,37.61,N
05/05/2026,9,1,HB_WEST,42.33,N
05/05/2026,9,2,HB_WEST,50.88,N
05/05/2026,9,3,HB_WEST,39.46,N
05/05/2026,9,4,HB_WEST,50.14,N
05/05/2026,10,1,HB_WEST,1.5,N
05/05/2026,10,2,HB_WEST,38.22,N
05/05/2026,10,3,HB_WEST,51.72,N
05/05/2026,10,4,HB_WEST,37.76,N
05/05/2026,11,1,HB_WEST,49.58,N
05/05/2026,11,2,HB_WEST,40.97,N
05/05/2026,11,3,HB_WEST,37.37,N
05/05/2026,11,4,HB_WEST,30.4,N
05/05/2026,12,1,HB_WEST,33.18,N
05/05/2026,12,2,HB_WEST,32.25,N
05/05/2026,12,3,HB_WEST,23.82,N
05/05/2026,12,4,HB_WEST,32.14,N
05/05/2026,13,1,HB_WEST,-21.43,N
05/05/2026,13,2,HB_WEST,284.69,N
05/05/2026,13,3,HB_WEST,40.45,N
05/05/2026,13,4,HB_WEST,20.18,N
05/05/2026,14,1,HB_WEST,39.82,N
05/05/2026,14,2,HB_WEST,25.09,N
05/05/2026,14,3,HB_WEST,18.32,N
05/05/2026,14,4,HB_WEST,32.18,N
05/05/2026,15,1,HB_WEST,18.93,N
05/05/2026,15,2,HB_WEST,21.85,N
05/05/2026,15,3,HB_WEST,19.27,N
05/05/2026,15,4,HB_WEST,15.97,N
05/05/2026,16,1,HB_WEST,25.19,N
05/05/2026,16,2,HB_WEST,17.1,N
05/05/2026,16,3,HB_WEST,7.9,N
05/05/2026,16,4,HB_WEST,23.8,N
05/05/2026,17,1,HB_WEST,7.36,N
05/05/2026,17,2,HB_WEST,7.78,N
05/05/2026,17,3,HB_WEST,26.55,N
05/05/2026,17,4,HB_WEST,7.44,N
05/05/2026,18,1,HB_WEST,-3.02,N
05/05/2026,18,2,HB_WEST,20.49,N
05/05/2026,18,3,HB_WEST,13.08,N
05/05/2026,18,4,HB_WEST,13.77,N
05/05/2026,19,1,HB_WEST,12.48,N
05/05/2026,19,2,HB_WEST,16.85,N
05/05/2026,19,3,HB_WEST,8.98,N
05/05/2026,19,4,HB_WEST,26.81,N
05/05/2026,20,1,HB_WEST,3.7,N
05/05/2026,20,2,HB_WEST,19.07,N
05/05/2026,20,3,HB_WEST,20.65,N
05/05/2026,20,4,HB_WEST,9.43,N
05/05/2026,21,1,HB_WEST,8.82,N
05/05/2026,21,2,HB_WEST,25.15,N
05/05/2026,21,3,HB_WEST,9.08,N
05/05/2026,21,4,HB_WEST,12.16,N
05/05/2026,22,1,HB_WEST,26.49,N
05/05/2026,22,2,HB_WEST,19.67,N
05/05/2026,22,3,HB_WEST,5.02,N
05/05/2026,22,4,HB_WEST,33.37,N
05/05/2026,23,1,HB_WEST,18.26,N
05/05/2026,23,2,HB_WEST,19.28,N
05/05/2026,23,3,HB_WEST,24.55,N
05/05/2026,23,4,HB_WEST,-17.5,N
05/05/2026,24,1,HB_WEST,41.81,N
05/05/2026,24,2,HB_WEST,12.84,N
05/05/2026,24,3,HB_WEST,32.73,N
05/05/2026,24,4,HB_WEST,32.06,N
05/06/2026,1,1,HB_WEST,28.9,N
05/06/2026,1,2,HB_WEST,36.3,N
05/06/2026,1,3,HB_WEST,-7.53,N
05/06/2026,1,4,HB_WEST,18.94,N
05/06/2026,2,1,HB_WEST,297.88,N
05/06/2026,2,2,HB_WEST,21.41,N
05/06/2026,2,3,HB_WEST,24.8,N
05/06/2026,2,4,HB_WEST,31.79,N
05/06/2026,3,1,HB_WEST,52.9,N
05/06/2026,3,2,HB_WEST,35.03,N
05/06/2026,3,3,HB_WEST,37.24,N
05/06/2026,3,4,HB_WEST,48.96,N
05/06/2026,4,1,HB_WEST,38.2,N
05/06/2026,4,2,HB_WEST,-13.82,N
05/06/2026,4,3,HB_WEST,37.27,N
05/06/2026,4,4,HB_WEST,51.57,N
05/06/2026,5,1,HB_WEST,43.56,N
05/06/2026,5,2,HB_WEST,58.44,N
05/06/2026,5,3,HB_WEST,48.89,N
05/06/2026,5,4,HB_WEST,37.83,N
05/06/2026,6,1,HB_WEST,44.9,N
05/06/2026,6,2,HB_WEST,37.66,N
05/06/2026,6,3,HB_WEST,39.14,N
05/06/2026,6,4,HB_WEST,80.32,N
05/06/2026,7,1,HB_WEST,53.15,N
05/06/2026,7,2,HB_WEST,51.89,N
05/06/2026,7,3,HB_WEST,40.01,N
05/06/2026,7,4,HB_WEST,57.56,N
05/06/2026,8,1,HB_WEST,53.28,N
05/06/2026,8,2,HB_WEST,59.54,N
05/06/2026,8,3,HB_WEST,59.15,N
05/06/2026,8,4,HB_WEST,32.66,N
05/06/2026,9,1,HB_WEST,34.11,N
05/06/2026,9,2,HB_WEST,34.96,N
05/06/2026,9,3,HB_WEST,35.44,N
05/06/2026,9,4,HB_WEST,45.58,N
05/06/2026,10,1,HB_WEST,36.07,N
05/06/2026,10,2,HB_WEST,57.19,N
05/06/2026,10,3,HB_WEST,55.84,N
05/06/2026,10,4,HB_WEST,40.55,N
05/06/2026,11,1,HB_WEST,53.14,N
05/06/2026,11,2,HB_WEST,49.41,N
05/06/2026,11,3,HB_WEST,33.89,N
05/06/2026,11,4,HB_WEST,21.43,N
05/06/2026,12,1,HB_WEST,32.14,N
05/06/2026,12,2,HB_WEST,28.73,N
05/06/2026,12,3,HB_WEST,35.53,N
05/06/2026,12,4,HB_WEST,34.6,N
05/06/2026,13,1,HB_WEST,30.5,N
05/06/2026,13,2,HB_WEST,34.19,N
05/06/2026,13,3,HB_WEST,20.3,N
05/06/2026,13,4,HB_WEST,33.29,N
05/06/2026,14,1,HB_WEST,22.6,N
05/06/2026,14,2,HB_WEST,27.72,N
05/06/2026,14,3,HB_WEST,33.78,N
05/06/2026,14,4,HB_WEST,16.32,N
05/06/2026,15,1,HB_WEST,20.25,N
05/06/2026,15,2,HB_WEST,21.55,N
05/06/2026,15,3,HB_WEST,18.39,N
05/06/2026,15,4,HB_WEST,29.7,N
05/06/2026,16,1,HB_WEST,13.63,N
05/06/2026,16,2,HB_WEST,14.95,N
05/06/2026,16,3,HB_WEST,13.71,N
05/06/2026,16,4,HB_WEST,28.13,N
05/06/2026,17,1,HB_WEST,-31.93,N
05/06/2026,17,2,HB_WEST,20.69,N
05/06/2026,17,3,HB_WEST,32.82,N
05/06/2026,17,4,HB_WEST,16.41,N
05/06/2026,18,1,HB_WEST,-20.59,N
05/06/2026,18,2,HB_WEST,28.88,N
05/06/2026,18,3,HB_WEST,23.73,N
05/06/2026,18,4,HB_WEST,15.38,N
05/06/2026,19,1,HB_WEST,20.14,N
05/06/2026,19,2,HB_WEST,4.7,N
05/06/2026,19,3,HB_WEST,8.76,N
05/06/2026,19,4,HB_WEST,10.16,N
05/06/2026,20,1,HB_WEST,33.44,N
05/06/2026,20,2,HB_WEST,9.01,N
05/06/2026,20,3,HB_WEST,8.89,N
05/06/2026,20,4,HB_WEST,7.16,N
05/06/2026,21,1,HB_WEST,21.49,N
05/06/2026,21,2,HB_WEST,18.15,N
05/06/2026,21,3,HB_WEST,25.7,N
05/06/2026,21,4,HB_WEST,22.38,N
05/06/2026,22,1,HB_WEST,8.35,N
05/06/2026,22,2,HB_WEST,12.94,N
05/06/2026,22,3,HB_WEST,30.32,N
05/06/2026,22,4,HB_WEST,17.77,N
05/06/2026,23,1,HB_WEST,32.0,N
05/06/2026,23,2,HB_WEST,21.3,N
05/06/2026,23,3,HB_WEST,14.76,N
05/06/2026,23,4,HB_WEST,20.07,N
05/06/2026,24,1,HB_WEST,18.37,N
05/06/2026,24,2,HB_WEST,21.59,N
05/06/2026,24,3,HB_WEST,-17.27,N
05/06/2026,24,4,HB_WEST,1230.21,N
05/07/2026,1,1,HB_WEST,17.28,N
05/07/2026,1,2,HB_WEST,-15.14,N
05/07/2026,1,3,HB_WEST,25.31,N
05/07/2026,1,4,HB_WEST,24.81,N
05/07/2026,2,1,HB_WEST,34.94,N
05/07/2026,2,2,HB_WEST,29.48,N
05/07/2026,2,3,HB_WEST,44.94,N
05/07/2026,2,4,HB_WEST,43.39,N
05/07/2026,3,1,HB_WEST,46.95,N
05/07/2026,3,2,HB_WEST,33.54,N
05/07/2026,3,3,HB_WEST,29.8,N
05/07/2026,3,4,HB_WEST,38.16,N
05/07/2026,4,1,HB_WEST,39.4,N
05/07/2026,4,2,HB_WEST,35.74,N
05/07/2026,4,3,HB_WEST,31.2,N
05/07/2026,4,4,HB_WEST,40.27,N
05/07/2026,5,1,HB_WEST,39.76,N
05/07/2026,5,2,HB_WEST,48.5,N
05/07/2026,5,3,HB_WEST,48.31,N
05/07/2026,5,4,HB_WEST,51.8,N
05/07/2026,6,1,HB_WEST,34.41,N
05/07/2026,6,2,HB_WEST,47.7,N
05/07/2026,6,3,HB_WEST,38.67,N
05/07/2026,6,4,HB_WEST,34.73,N
05/07/2026,7,1,HB_WEST,41.57,N
05/07/2026,7,2,HB_WEST,53.55,N
05/07/2026,7,3,HB_WEST,42.02,N
05/07/2026,7,4,HB_WEST,57.52,N
05/07/2026,8,1,HB_WEST,48.88,N
05/07/2026,8,2,HB_WEST,41.34,N
05/07/2026,8,3,HB_WEST,53.77,N
05/07/2026,8,4,HB_WEST,48.05,N
05/07/2026,9,1,HB_WEST,35.53,N
05/07/2026,9,2,HB_WEST,57.86,N
05/07/2026,9,3,HB_WEST,45.07,N
05/07/2026,9,4,HB_WEST,43.14,N
05/07/2026,10,1,HB_WEST,33.76,N
05/07/2026,10,2,HB_WEST,50.04,N
05/07/2026,10,3,HB_WEST,44.74,N
05/07/2026,10,4,HB_WEST,45.64,N
05/07/2026,11,1,HB_WEST,33.44,N
05/07/2026,11,2,HB_WEST,44.17,N
05/07/2026,11,3,HB_WEST,44.79,N
05/07/2026,11,4,HB_WEST,32.15,N
05/07/2026,12,1,HB_WEST,22.55,N
05/07/2026,12,2,HB_WEST,288.53,N
05/07/2026,12,3,HB_WEST,21.3,N
05/07/2026,12,4,HB_WEST,35.1,N
05/07/2026,13,1,HB_WEST,26.42,N
05/07/2026,13,2,HB_WEST,39.75,N
05/07/2026,13,3,HB_WEST,26.86,N
05/07/2026,13,4,HB_WEST,38.86,N
05/07/2026,14,1,HB_WEST,22.0,N
05/07/2026,14,2,HB_WEST,34.12,N
05/07/2026,14,3,HB_WEST,42.6,N
05/07/2026,14,4,HB_WEST,17.57,N
05/07/2026,15,1,HB_WEST,24.84,N
05/07/2026,15,2,HB_WEST,44.49,N
05/07/2026,15,3,HB_WEST,23.03,N
05/07/2026,15,4,HB_WEST,22.99,N
05/07/2026,16,1,HB_WEST,25.7,N
05/07/2026,16,2,HB_WEST,19.72,N
05/07/2026,16,3,HB_WEST,5.74,N
05/07/2026,16,4,HB_WEST,28.45,N
05/07/2026,17,1,HB_WEST,0.99,N
05/07/2026,17,2,HB_WEST,13.68,N
05/07/2026,17,3,HB_WEST,26.67,N
05/07/2026,17,4,HB_WEST,14.16,N
05/07/2026,18,1,HB_WEST,9.96,N
05/07/2026,18,2,HB_WEST,22.55,N
05/07/2026,18,3,HB_WEST,8.7,N
05/07/2026,18,4,HB_WEST,5.73,N
05/07/2026,19,1,HB_WEST,17.2,N
05/07/2026,19,2,HB_WEST,13.54,N
05/07/2026,19,3,HB_WEST,5.05,N
05/07/2026,19,4,HB_WEST,20.1,N
05/07/2026,20,1,HB_WEST,19.23,N
05/07/2026,20,2,HB_WEST,12.63,N
05/07/2026,20,3,HB_WEST,13.18,N
05/07/2026,20,4,HB_WEST,19.27,N
05/07/2026,21,1,HB_WEST,26.53,N
05/07/2026,21,2,HB_WEST,14.75,N
05/07/2026,21,3,HB_WEST,22.25,N
05/07/2026,21,4,HB_WEST,21.53,N
05/07/2026,22,1,HB_WEST,26.43,N
05/07/2026,22,2,HB_WEST,19.71,N
05/07/2026,22,3,HB_WEST,12.09,N
05/07/2026,22,4,HB_WEST,15.69,N
05/07/2026,23,1,HB_WEST,25.24,N
05/07/2026,23,2,HB_WEST,37.05,N
05/07/2026,23,3,HB_WEST,18.63,N
05/07/2026,23,4,HB_WEST,28.94,N
05/07/2026,24,1,HB_WEST,23.49,N
05/07/2026,24,2,HB_WEST,27.0,N
05/07/2026,24,3,HB_WEST,38.24,N
05/07/2026,24,4,HB_WEST,32.23,N
05/08/2026,1,1,HB_WEST,20.07,N
05/08/2026,1,2,HB_WEST,25.42,N
05/08/2026,1,3,HB_WEST,40.05,N
05/08/2026,1,4,HB_WEST,31.14,N
05/08/2026,2,1,HB_WEST,24.69,N
05/08/2026,2,2,HB_WEST,27.33,N
05/08/2026,2,3,HB_WEST,39.51,N
05/08/2026,2,4,HB_WEST,41.84,N
05/08/2026,3,1,HB_WEST,37.64,N
05/08/2026,3,2,HB_WEST,57.3,N
05/08/2026,3,3,HB_WEST,44.09,N
05/08/2026,3,4,HB_WEST,35.55,N
05/08/2026,4,1,HB_WEST,34.08,N
05/08/2026,4,2,HB_WEST,32.81,N
05/08/2026,4,3,HB_WEST,43.29,N
05/08/2026,4,4,HB_WEST,36.7,N
05/08/2026,5,1,HB_WEST,56.38,N
05/08/2026,5,2,HB_WEST,54.72,N
05/08/2026,5,3,HB_WEST,48.05,N
05/08/2026,5,4,HB_WEST,33.56,N
05/08/2026,6,1,HB_WEST,289.11,N
05/08/2026,6,2,HB_WEST,54.53,N
05/08/2026,6,3,HB_WEST,39.98,N
05/08/2026,6,4,HB_WEST,53.47,N
05/08/2026,7,1,HB_WEST,48.8,N
05/08/2026,7,2,HB_WEST,45.41,N
05/08/2026,7,3,HB_WEST,39.38,N
05/08/2026,7,4,HB_WEST,294.25,N
05/08/2026,8,1,HB_WEST,46.01,N
05/08/2026,8,2,HB_WEST,52.75,N
05/08/2026,8,3,HB_WEST,37.4,N
05/08/2026,8,4,HB_WEST,42.39,N
05/08/2026,9,1,HB_WEST,43.35,N
05/08/2026,9,2,HB_WEST,48.29,N
05/08/2026,9,3,HB_WEST,-9.28,N
05/08/2026,9,4,HB_WEST,32.46,N
05/08/2026,10,1,HB_WEST,46.0,N
05/08/2026,10,2,HB_WEST,28.46,N
05/08/2026,10,3,HB_WEST,50.89,N
05/08/2026,10,4,HB_WEST,39.36,N
05/08/2026,11,1,HB_WEST,25.12,N
05/08/2026,11,2,HB_WEST,33.66,N
05/08/2026,11,3,HB_WEST,40.53,N
05/08/2026,11,4,HB_WEST,33.24,N
05/08/2026,12,1,HB_WEST,34.04,N
05/08/2026,12,2,HB_WEST,39.8,N
05/08/2026,12,3,HB_WEST,32.26,N
05/08/2026,12,4,HB_WEST,26.39,N
05/08/2026,13,1,HB_WEST,27.61,N
05/08/2026,13,2,HB_WEST,41.32,N
05/08/2026,13,3,HB_WEST,43.48,N
05/08/2026,13,4,HB_WEST,-31.16,N
05/08/2026,14,1,HB_WEST,34.85,N
05/08/2026,14,2,HB_WEST,28.12,N
05/08/2026,14,3,HB_WEST,283.51,N
05/08/2026,14,4,HB_WEST,21.71,N
05/08/2026,15,1,HB_WEST,8.35,N
05/08/2026,15,2,HB_WEST,27.18,N
05/08/2026,15,3,HB_WEST,14.97,N
05/08/2026,15,4,HB_WEST,11.39,N
05/08/2026,16,1,HB_WEST,8.85,N
05/08/2026,16,2,HB_WEST,24.2,N
05/08/2026,16,3,HB_WEST,20.51,N
05/08/2026,16,4,HB_WEST,25.65,N
05/08/2026,17,1,HB_WEST,22.36,N
05/08/2026,17,2,HB_WEST,13.64,N
05/08/2026,17,3,HB_WEST,16.45,N
05/08/2026,17,4,HB_WEST,12.92,N
05/08/2026,18,1,HB_WEST,13.83,N
05/08/2026,18,2,HB_WEST,7.77,N
05/08/2026,18,3,HB_WEST,18.63,N
05/08/2026,18,4,HB_WEST,24.11,N
05/08/2026,19,1,HB_WEST,8.47,N
05/08/2026,19,2,HB_WEST,25.25,N
05/08/2026,19,3,HB_WEST,15.91,N
05/08/2026,19,4,HB_WEST,16.93,N
05/08/2026,20,1,HB_WEST,1.92,N
05/08/2026,20,2,HB_WEST,1.05,N
05/08/2026,20,3,HB_WEST,16.66,N
05/08/2026,20,4,HB_WEST,21.83,N
05/08/2026,21,1,HB_WEST,11.64,N
05/08/2026,21,2,HB_WEST,30.37,N
05/08/2026,21,3,HB_WEST,22.89,N
05/08/2026,21,4,HB_WEST,9.74,N
05/08/2026,22,1,HB_WEST,19.64,N
05/08/2026,22,2,HB_WEST,39.21,N
05/08/2026,22,3,HB_WEST,9.45,N
05/08/2026,22,4,HB_WEST,23.62,N
05/08/2026,23,1,HB_WEST,19.92,N
05/08/2026,23,2,HB_WEST,28.16,N
05/08/2026,23,3,HB_WEST,32.64,N
05/08/2026,23,4,HB_WEST,-25.59,N
05/08/2026,24,1,HB_WEST,1235.07,N
05/08/2026,24,2,HB_WEST,43.89,N
05/08/2026,24,3,HB_WEST,26.65,N
05/08/2026,24,4,HB_WEST,32.4,N
05/09/2026,1,1,HB_WEST,25.28,N
05/09/2026,1,2,HB_WEST,30.15,N
05/09/2026,1,3,HB_WEST,28.59,N
05/09/2026,1,4,HB_WEST,-8.62,N
05/09/2026,2,1,HB_WEST,43.52,N
05/09/2026,2,2,HB_WEST,33.01,N
05/09/2026,2,3,HB_WEST,1.15,N
05/09/2026,2,4,HB_WEST,46.12,N
05/09/2026,3,1,HB_WEST,44.27,N
05/09/2026,3,2,HB_WEST,33.37,N
05/09/2026,3,3,HB_WEST,32.61,N
05/09/2026,3,4,HB_WEST,31.0,N
05/09/2026,4,1,HB_WEST,48.2,N
05/09/2026,4,2,HB_WEST,30.91,N
05/09/2026,4,3,HB_WEST,46.02,N
05/09/2026,4,4,HB_WEST,31.96,N
05/09/2026,5,1,HB_WEST,49.58,N
05/09/2026,5,2,HB_WEST,-1.87,N
05/09/2026,5,3,HB_WEST,53.66,N
05/09/2026,5,4,HB_WEST,52.12,N
05/09/2026,6,1,HB_WEST,55.97,N
05/09/2026,6,2,HB_WEST,56.18,N
05/09/2026,6,3,HB_WEST,45.64,N
05/09/2026,6,4,HB_WEST,35.22,N
05/09/2026,7,1,HB_WEST,36.58,N
05/09/2026,7,2,HB_WEST,28.31,N
05/09/2026,7,3,HB_WEST,36.33,N
05/09/2026,7,4,HB_WEST,45.55,N
05/09/2026,8,1,HB_WEST,40.01,N
05/09/2026,8,2,HB_WEST,43.05,N
05/09/2026,8,3,HB_WEST,48.43,N
05/09/2026,8,4,HB_WEST,42.06,N
05/09/2026,9,1,HB_WEST,34.02,N
05/09/2026,9,2,HB_WEST,42.56,N
05/09/2026,9,3,HB_WEST,35.8,N
05/09/2026,9,4,HB_WEST,40.82,N
05/09/2026,10,1,HB_WEST,51.35,N
05/09/2026,10,2,HB_WEST,38.44,N
05/09/2026,10,3,HB_WEST,54.77,N
05/09/2026,10,4,HB_WEST,52.06,N
05/09/2026,11,1,HB_WEST,32.87,N
05/09/2026,11,2,HB_WEST,28.61,N
05/09/2026,11,3,HB_WEST,37.08,N
05/09/2026,11,4,HB_WEST,46.73,N
05/09/2026,12,1,HB_WEST,29.96,N
05/09/2026,12,2,HB_WEST,41.15,N
05/09/2026,12,3,HB_WEST,43.55,N
05/09/2026,12,4,HB_WEST,27.69,N
05/09/2026,13,1,HB_WEST,24.59,N
05/09/2026,13,2,HB_WEST,35.7,N
05/09/2026,13,3,HB_WEST,31.21,N
05/09/2026,13,4,HB_WEST,24.51,N
05/09/2026,14,1,HB_WEST,23.3,N
05/09/2026,14,2,HB_WEST,25.55,N
05/09/2026,14,3,HB_WEST,13.6,N
05/09/2026,14,4,HB_WEST,32.24,N
05/09/2026,15,1,HB_WEST,18.67,N
05/09/2026,15,2,HB_WEST,0.23,N
05/09/2026,15,3,HB_WEST,-22.69,N
05/09/2026,15,4,HB_WEST,16.57,N
05/09/2026,16,1,HB_WEST,32.9,N
05/09/2026,16,2,HB_WEST,14.71,N
05/09/2026,16,3,HB_WEST,10.61,N
05/09/2026,16,4,HB_WEST,23.46,N
05/09/2026,17,1,HB_WEST,11.73,N
05/09/2026,17,2,HB_WEST,10.77,N
05/09/2026,17,3,HB_WEST,21.09,N
05/09/2026,17,4,HB_WEST,8.69,N
05/09/2026,18,1,HB_WEST,3.85,N
05/09/2026,18,2,HB_WEST,29.32,N
05/09/2026,18,3,HB_WEST,20.15,N
05/09/2026,18,4,HB_WEST,13.4,N
05/09/2026,19,1,HB_WEST,14.97,N
05/09/2026,19,2,HB_WEST,19.05,N
05/09/2026,19,3,HB_WEST,22.79,N
05/09/2026,19,4,HB_WEST,8.95,N
05/09/2026,20,1,HB_WEST,18.44,N
05/09/2026,20,2,HB_WEST,11.46,N
05/09/2026,20,3,HB_WEST,14.0,N
05/09/2026,20,4,HB_WEST,16.8,N
05/09/2026,21,1,HB_WEST,16.96,N
05/09/2026,21,2,HB_WEST,22.89,N
05/09/2026,21,3,HB_WEST,20.91,N
05/09/2026,21,4,HB_WEST,254.94,N
05/09/2026,22,1,HB_WEST,8.53,N
05/09/2026,22,2,HB_WEST,16.44,N
05/09/2026,22,3,HB_WEST,34.02,N
05/09/2026,22,4,HB_WEST,12.58,N
05/09/2026,23,1,HB_WEST,20.83,N
05/09/2026,23,2,HB_WEST,-26.79,N
05/09/2026,23,3,HB_WEST,-26.93,N
05/09/2026,23,4,HB_WEST,23.93,N
05/09/2026,24,1,HB_WEST,37.32,N
05/09/2026,24,2,HB_WEST,29.77,N
05/09/2026,24,3,HB_WEST,19.69,N
05/09/2026,24,4,HB_WEST,48.14,N
05/10/2026,1,1,HB_WEST,30.63,N
05/10/2026,1,2,HB_WEST,25.38,N
05/10/2026,1,3,HB_WEST,41.3,N
05/10/2026,1,4,HB_WEST,26.25,N
05/10/2026,2,1,HB_WEST,47.19,N
05/10/2026,2,2,HB_WEST,26.92,N
05/10/2026,2,3,HB_WEST,45.32,N
05/10/2026,2,4,HB_WEST,35.49,N
05/10/2026,3,1,HB_WEST,47.83,N
05/10/2026,3,2,HB_WEST,52.71,N
05/10/2026,3,3,HB_WEST,28.44,N
05/10/2026,3,4,HB_WEST,47.71,N
05/10/2026,4,1,HB_WEST,29.34,N
05/10/2026,4,2,HB_WEST,32.23,N
05/10/2026,4,3,HB_WEST,34.18,N
05/10/2026,4,4,HB_WEST,44.64,N
05/10/2026,5,1,HB_WEST,43.25,N
05/10/2026,5,2,HB_WEST,41.65,N
05/10/2026,5,3,HB_WEST,1244.16,N
05/10/2026,5,4,HB_WEST,47.72,N
05/10/2026,6,1,HB_WEST,49.83,N
05/10/2026,6,2,HB_WEST,53.24,N
05/10/2026,6,3,HB_WEST,59.05,N
05/10/2026,6,4,HB_WEST,44.32,N
05/10/2026,7,1,HB_WEST,40.83,N
05/10/2026,7,2,HB_WEST,49.91,N
05/10/2026,7,3,HB_WEST,35.85,N
05/10/2026,7,4,HB_WEST,39.57,N
05/10/2026,8,1,HB_WEST,52.48,N
05/10/2026,8,2,HB_WEST,43.5,N
05/10/2026,8,3,HB_WEST,34.82,N
05/10/2026,8,4,HB_WEST,32.57,N
05/10/2026,9,1,HB_WEST,43.38,N
05/10/2026,9,2,HB_WEST,52.13,N
05/10/2026,9,3,HB_WEST,52.02,N
05/10/2026,9,4,HB_WEST,43.88,N
05/10/2026,10,1,HB_WEST,56.68,N
05/10/2026,10,2,HB_WEST,39.77,N
05/10/2026,10,3,HB_WEST,39.5,N
05/10/2026,10,4,HB_WEST,20.07,N
05/10/2026,11,1,HB_WEST,-11.08,N
05/10/2026,11,2,HB_WEST,44.32,N
05/10/2026,11,3,HB_WEST,50.01,N
05/10/2026,11,4,HB_WEST,280.86,N
05/10/2026,12,1,HB_WEST,37.58,N
05/10/2026,12,2,HB_WEST,42.26,N
05/10/2026,12,3,HB_WEST,33.97,N
05/10/2026,12,4,HB_WEST,-29.38,N
05/10/2026,13,1,HB_WEST,31.98,N
05/10/2026,13,2,HB_WEST,36.09,N
05/10/2026,13,3,HB_WEST,22.42,N
05/10/2026,13,4,HB_WEST,27.97,N
05/10/2026,14,1,HB_WEST,16.87,N
05/10/2026,14,2,HB_WEST,5.56,N
05/10/2026,14,3,HB_WEST,34.33,N
05/10/2026,14,4,HB_WEST,26.09,N
05/10/2026,15,1,HB_WEST,35.28,N
05/10/2026,15,2,HB_WEST,29.36,N
05/10/2026,15,3,HB_WEST,19.67,N
05/10/2026,15,4,HB_WEST,21.83,N
05/10/2026,16,1,HB_WEST,273.92,N
05/10/2026,16,2,HB_WEST,27.13,N
05/10/2026,16,3,HB_WEST,-23.03,N
05/10/2026,16,4,HB_WEST,28.24,N
05/10/2026,17,1,HB_WEST,14.64,N
05/10/2026,17,2,HB_WEST,9.03,N
05/10/2026,17,3,HB_WEST,16.49,N
05/10/2026,17,4,HB_WEST,18.65,N
05/10/2026,18,1,HB_WEST,5.9,N
05/10/2026,18,2,HB_WEST,4.82,N
05/10/2026,18,3,HB_WEST,19.09,N
05/10/2026,18,4,HB_WEST,12.26,N
05/10/2026,19,1,HB_WEST,13.67,N
05/10/2026,19,2,HB_WEST,12.12,N
05/10/2026,19,3,HB_WEST,27.16,N
05/10/2026,19,4,HB_WEST,25.09,N
05/10/2026,20,1,HB_WEST,5.61,N
05/10/2026,20,2,HB_WEST,11.25,N
05/10/2026,20,3,HB_WEST,22.31,N
05/10/2026,20,4,HB_WEST,20.33,N
05/10/2026,21,1,HB_WEST,16.68,N
05/10/2026,21,2,HB_WEST,7.91,N
05/10/2026,21,3,HB_WEST,11.55,N
05/10/2026,21,4,HB_WEST,12.88,N
05/10/2026,22,1,HB_WEST,21.61,N
05/10/2026,22,2,HB_WEST,33.02,N
05/10/2026,22,3,HB_WEST,13.9,N
05/10/2026,22,4,HB_WEST,11.19,N
05/10/2026,23,1,HB_WEST,21.63,N
05/10/2026,23,2,HB_WEST,30.75,N
05/10/2026,23,3,HB_WEST,10.92,N
05/10/2026,23,4,HB_WEST,34.13,N
05/10/2026,24,1,HB_WEST,24.74,N
05/10/2026,24,2,HB_WEST,20.24,N
05/10/2026,24,3,HB_WEST,13.32,N
05/10/2026,24,4,HB_WEST,31.77,N
05/11/2026,1,1,HB_WEST,28.63,N
05/11/2026,1,2,HB_WEST,31.37,N
05/11/2026,1,3,HB_WEST,22.79,N
05/11/2026,1,4,HB_WEST,27.45,N
05/11/2026,2,1,HB_WEST,29.99,N
05/11/2026,2,2,HB_WEST,-11.92,N
05/11/2026,2,3,HB_WEST,28.53,N
05/11/2026,2,4,HB_WEST,21.61,N
05/11/2026,3,1,HB_WEST,59.33,N
05/11/2026,3,2,HB_WEST,26.59,N
05/11/2026,3,3,HB_WEST,38.95,N
05/11/2026,3,4,HB_WEST,23.32,N
05/11/2026,4,1,HB_WEST,24.63,N
05/11/2026,4,2,HB_WEST,41.39,N
05/11/2026,4,3,HB_WEST,42.0,N
05/11/2026,4,4,HB_WEST,5.7,N
05/11/2026,5,1,HB_WEST,46.19,N
05/11/2026,5,2,HB_WEST,41.79,N
05/11/2026,5,3,HB_WEST,35.39,N
05/11/2026,5,4,HB_WEST,54.98,N
05/11/2026,6,1,HB_WEST,51.92,N
05/11/2026,6,2,HB_WEST,34.52,N
05/11/2026,6,3,HB_WEST,44.79,N
05/11/2026,6,4,HB_WEST,45.64,N
05/11/2026,7,1,HB_WEST,42.23,N
05/11/2026,7,2,HB_WEST,51.17,N
05/11/2026,7,3,HB_WEST,51.65,N
05/11/2026,7,4,HB_WEST,43.48,N
05/11/2026,8,1,HB_WEST,292.24,N
05/11/2026,8,2,HB_WEST,11.48,N
05/11/2026,8,3,HB_WEST,51.95,N
05/11/2026,8,4,HB_WEST,45.07,N
05/11/2026,9,1,HB_WEST,-15.04,N
05/11/2026,9,2,HB_WEST,45.74,N
05/11/2026,9,3,HB_WEST,48.58,N
05/11/2026,9,4,HB_WEST,20.95,N
05/11/2026,10,1,HB_WEST,42.62,N
05/11/2026,10,2,HB_WEST,37.27,N
05/11/2026,10,3,HB_WEST,38.84,N
05/11/2026,10,4,HB_WEST,33.35,N
05/11/2026,11,1,HB_WEST,36.31,N
05/11/2026,11,2,HB_WEST,48.64,N
05/11/2026,11,3,HB_WEST,33.93,N
05/11/2026,11,4,HB_WEST,45.22,N
05/11/2026,12,1,HB_WEST,27.43,N
05/11/2026,12,2,HB_WEST,39.95,N
05/11/2026,12,3,HB_WEST,33.9,N
05/11/2026,12,4,HB_WEST,36.7,N
05/11/2026,13,1,HB_WEST,30.06,N
05/11/2026,13,2,HB_WEST,35.13,N
05/11/2026,13,3,HB_WEST,9.46,N
05/11/2026,13,4,HB_WEST,18.64,N
05/11/2026,14,1,HB_WEST,29.45,N
05/11/2026,14,2,HB_WEST,9.77,N
05/11/2026,14,3,HB_WEST,21.87,N
05/11/2026,14,4,HB_WEST,25.68,N
05/11/2026,15,1,HB_WEST,15.87,N
05/11/2026,15,2,HB_WEST,16.97,N
05/11/2026,15,3,HB_WEST,-20.33,N
05/11/2026,15,4,HB_WEST,30.57,N
05/11/2026,16,1,HB_WEST,11.73,N
05/11/2026,16,2,HB_WEST,14.79,N
05/11/2026,16,3,HB_WEST,13.54,N
05/11/2026,16,4,HB_WEST,0.02,N
05/11/2026,17,1,HB_WEST,18.14,N
05/11/2026,17,2,HB_WEST,24.49,N
05/11/2026,17,3,HB_WEST,25.14,N
05/11/2026,17,4,HB_WEST,10.04,N
05/11/2026,18,1,HB_WEST,5.5,N
05/11/2026,18,2,HB_WEST,15.68,N
05/11/2026,18,3,HB_WEST,22.15,N
05/11/2026,18,4,HB_WEST,16.75,N
05/11/2026,19,1,HB_WEST,17.31,N
05/11/2026,19,2,HB_WEST,24.13,N
05/11/2026,19,3,HB_WEST,9.09,N
05/11/2026,19,4,HB_WEST,13.24,N
05/11/2026,20,1,HB_WEST,28.59,N
05/11/2026,20,2,HB_WEST,13.94,N
05/11/2026,20,3,HB_WEST,-39.63,N
05/11/2026,20,4,HB_WEST,10.16,N
05/11/2026,21,1,HB_WEST,9.5,N
05/11/2026,21,2,HB_WEST,19.87,N
05/11/2026,21,3,HB_WEST,9.84,N
05/11/2026,21,4,HB_WEST,19.18,N
05/11/2026,22,1,HB_WEST,13.5,N
05/11/2026,22,2,HB_WEST,2.41,N
05/11/2026,22,3,HB_WEST,21.85,N
05/11/2026,22,4,HB_WEST,20.58,N
05/11/2026,23,1,HB_WEST,26.64,N
05/11/2026,23,2,HB_WEST,17.12,N
05/11/2026,23,3,HB_WEST,-28.74,N
05/11/2026,23,4,HB_WEST,25.71,N
05/11/2026,24,1,HB_WEST,38.27,N
05/11/2026,24,2,HB_WEST,26.21,N
05/11/2026,24,3,HB_WEST,29.51,N
05/11/2026,24,4,HB_WEST,23.55,N
05/12/2026,1,1,HB_WEST,17.65,N
05/12/2026,1,2,HB_WEST,37.74,N
05/12/2026,1,3,HB_WEST,37.27,N
05/12/2026,1,4,HB_WEST,35.69,N
05/12/2026,2,1,HB_WEST,32.43,N
05/12/2026,2,2,HB_WEST,38.66,N
05/12/2026,2,3,HB_WEST,41.03,N
05/12/2026,2,4,HB_WEST,46.84,N
05/12/2026,3,1,HB_WEST,45.41,N
05/12/2026,3,2,HB_WEST,38.01,N
05/12/2026,3,3,HB_WEST,27.03,N
05/12/2026,3,4,HB_WEST,38.75,N
05/12/2026,4,1,HB_WEST,42.66,N
05/12/2026,4,2,HB_WEST,46.28,N
05/12/2026,4,3,HB_WEST,51.44,N
05/12/2026,4,4,HB_WEST,39.85,N
05/12/2026,5,1,HB_WEST,59.8,N
05/12/2026,5,2,HB_WEST,28.92,N
05/12/2026,5,3,HB_WEST,46.35,N
05/12/2026,5,4,HB_WEST,-8.4,N
05/12/2026,6,1,HB_WEST,29.23,N
05/12/2026,6,2,HB_WEST,42.87,N
05/12/2026,6,3,HB_WEST,32.83,N
05/12/2026,6,4,HB_WEST,43.2,N
05/12/2026,7,1,HB_WEST,45.28,N
05/12/2026,7,2,HB_WEST,53.95,N
05/12/2026,7,3,HB_WEST,32.94,N
05/12/2026,7,4,HB_WEST,52.27,N
05/12/2026,8,1,HB_WEST,45.27,N
05/12/2026,8,2,HB_WEST,52.72,N
05/12/2026,8,3,HB_WEST,41.03,N
05/12/2026,8,4,HB_WEST,33.83,N
05/12/2026,9,1,HB_WEST,33.25,N
05/12/2026,9,2,HB_WEST,32.66,N
05/12/2026,9,3,HB_WEST,46.81,N
05/12/2026,9,4,HB_WEST,54.81,N
05/12/2026,10,1,HB_WEST,36.09,N
05/12/2026,10,2,HB_WEST,45.64,N
05/12/2026,10,3,HB_WEST,28.42,N
05/12/2026,10,4,HB_WEST,42.05,N
05/12/2026,11,1,HB_WEST,42.85,N
05/12/2026,11,2,HB_WEST,25.92,N
05/12/2026,11,3,HB_WEST,35.87,N
05/12/2026,11,4,HB_WEST,43.23,N
05/12/2026,12,1,HB_WEST,10.41,N
05/12/2026,12,2,HB_WEST,44.57,N
05/12/2026,12,3,HB_WEST,36.71,N
05/12/2026,12,4,HB_WEST,39.62,N
05/12/2026,13,1,HB_WEST,26.7,N
05/12/2026,13,2,HB_WEST,16.22,N
05/12/2026,13,3,HB_WEST,34.27,N
05/12/2026,13,4,HB_WEST,29.34,N
05/12/2026,14,1,HB_WEST,26.37,N
05/12/2026,14,2,HB_WEST,34.82,N
05/12/2026,14,3,HB_WEST,282.21,N
05/12/2026,14,4,HB_WEST,41.49,N
05/12/2026,15,1,HB_WEST,23.73,N
05/12/2026,15,2,HB_WEST,16.97,N
05/12/2026,15,3,HB_WEST,20.99,N
05/12/2026,15,4,HB_WEST,25.83,N
05/12/2026,16,1,HB_WEST,27.52,N
05/12/2026,16,2,HB_WEST,7.66,N
05/12/2026,16,3,HB_WEST,19.46,N
05/12/2026,16,4,HB_WEST,32.27,N
05/12/2026,17,1,HB_WEST,15.09,N
05/12/2026,17,2,HB_WEST,24.46,N
05/12/2026,17,3,HB_WEST,20.95,N
05/12/2026,17,4,HB_WEST,24.66,N
05/12/2026,18,1,HB_WEST,9.03,N
05/12/2026,18,2,HB_WEST,9.07,N
05/12/2026,18,3,HB_WEST,15.67,N
05/12/2026,18,4,HB_WEST,3.25,N
05/12/2026,19,1,HB_WEST,1212.84,N
05/12/2026,19,2,HB_WEST,17.02,N
05/12/2026,19,3,HB_WEST,29.28,N
05/12/2026,19,4,HB_WEST,18.22,N
05/12/2026,20,1,HB_WEST,20.51,N
05/12/2026,20,2,HB_WEST,24.83,N
05/12/2026,20,3,HB_WEST,7.79,N
05/12/2026,20,4,HB_WEST,14.19,N
05/12/2026,21,1,HB_WEST,36.41,N
05/12/2026,21,2,HB_WEST,16.38,N
05/12/2026,21,3,HB_WEST,25.94,N
05/12/2026,21,4,HB_WEST,24.72,N
05/12/2026,22,1,HB_WEST,7.57,N
05/12/2026,22,2,HB_WEST,21.88,N
05/12/2026,22,3,HB_WEST,20.57,N
05/12/2026,22,4,HB_WEST,22.03,N
05/12/2026,23,1,HB_WEST,16.47,N
05/12/2026,23,2,HB_WEST,13.56,N
05/12/2026,23,3,HB_WEST,18.69,N
05/12/2026,23,4,HB_WEST,21.72,N
05/12/2026,24,1,HB_WEST,35.6,N
05/12/2026,24,2,HB_WEST,40.66,N
05/12/2026,24,3,HB_WEST,37.29,N
05/12/2026,24,4,HB_WEST,33.0,N
05/13/2026,1,1,HB_WEST,21.97,N
05/13/2026,1,2,HB_WEST,26.73,N
05/13/2026,1,3,HB_WEST,31.68,N
05/13/2026,1,4,HB_WEST,24.94,N
05/13/2026,2,1,HB_WEST,38.5,N
05/13/2026,2,2,HB_WEST,39.65,N
05/13/2026,2,3,HB_WEST,38.17,N
05/13/2026,2,4,HB_WEST,42.08,N
05/13/2026,3,1,HB_WEST,30.26,N
05/13/2026,3,2,HB_WEST,44.96,N
05/13/2026,3,3,HB_WEST,31.93,N
05/13/2026,3,4,HB_WEST,29.97,N
05/13/2026,4,1,HB_WEST,44.86,N
05/13/2026,4,2,HB_WEST,5.33,N
05/13/2026,4,3,HB_WEST,44.51,N
05/13/2026,4,4,HB_WEST,40.77,N
05/13/2026,5,1,HB_WEST,45.47,N
05/13/2026,5,2,HB_WEST,44.08,N
05/13/2026,5,3,HB_WEST,33.98,N
05/13/2026,5,4,HB_WEST,33.05,N
05/13/2026,6,1,HB_WEST,43.86,N
05/13/2026,6,2,HB_WEST,45.13,N
05/13/2026,6,3,HB_WEST,44.58,N
05/13/2026,6,4,HB_WEST,49.9,N
05/13/2026,7,1,HB_WEST,43.28,N
05/13/2026,7,2,HB_WEST,49.5,N
05/13/2026,7,3,HB_WEST,43.84,N
05/13/2026,7,4,HB_WEST,59.59,N
05/13/2026,8,1,HB_WEST,45.13,N
05/13/2026,8,2,HB_WEST,63.21,N
05/13/2026,8,3,HB_WEST,47.3,N
05/13/2026,8,4,HB_WEST,42.78,N
05/13/2026,9,1,HB_WEST,35.79,N
05/13/2026,9,2,HB_WEST,31.45,N
05/13/2026,9,3,HB_WEST,35.06,N
05/13/2026,9,4,HB_WEST,35.95,N
05/13/2026,10,1,HB_WEST,-1.23,N
05/13/2026,10,2,HB_WEST,36.4,N
05/13/2026,10,3,HB_WEST,42.1,N
05/13/2026,10,4,HB_WEST,50.86,N
05/13/2026,11,1,HB_WEST,36.8,N
05/13/2026,11,2,HB_WEST,54.13,N
05/13/2026,11,3,HB_WEST,28.09,N
05/13/2026,11,4,HB_WEST,36.3,N
05/13/2026,12,1,HB_WEST,29.57,N
05/13/2026,12,2,HB_WEST,41.37,N
05/13/2026,12,3,HB_WEST,15.96,N
05/13/2026,12,4,HB_WEST,22.34,N
05/13/2026,13,1,HB_WEST,29.14,N
05/13/2026,13,2,HB_WEST,42.41,N
05/13/2026,13,3,HB_WEST,31.81,N
05/13/2026,13,4,HB_WEST,19.19,N
05/13/2026,14,1,HB_WEST,16.54,N
05/13/2026,14,2,HB_WEST,39.5,N
05/13/2026,14,3,HB_WEST,21.15,N
05/13/2026,14,4,HB_WEST,18.57,N
05/13/2026,15,1,HB_WEST,34.32,N
05/13/2026,15,2,HB_WEST,30.59,N
05/13/2026,15,3,HB_WEST,32.69,N
05/13/2026,15,4,HB_WEST,14.9,N
05/13/2026,16,1,HB_WEST,7.19,N
05/13/2026,16,2,HB_WEST,20.46,N
05/13/2026,16,3,HB_WEST,22.07,N
05/13/2026,16,4,HB_WEST,22.31,N
05/13/2026,17,1,HB_WEST,28.84,N
05/13/2026,17,2,HB_WEST,-41.86,N
05/13/2026,17,3,HB_WEST,23.89,N
05/13/2026,17,4,HB_WEST,8.24,N
05/13/2026,18,1,HB_WEST,22.36,N
05/13/2026,18,2,HB_WEST,11.71,N
05/13/2026,18,3,HB_WEST,9.0,N
05/13/2026,18,4,HB_WEST,10.63,N
05/13/2026,19,1,HB_WEST,3.44,N
05/13/2026,19,2,HB_WEST,15.32,N
05/13/2026,19,3,HB_WEST,8.82,N
05/13/2026,19,4,HB_WEST,21.29,N
05/13/2026,20,1,HB_WEST,20.63,N
05/13/2026,20,2,HB_WEST,29.02,N
05/13/2026,20,3,HB_WEST,18.44,N
05/13/2026,20,4,HB_WEST,19.68,N
05/13/2026,21,1,HB_WEST,28.21,N
05/13/2026,21,2,HB_WEST,11.99,N
05/13/2026,21,3,HB_WEST,5.1,N
05/13/2026,21,4,HB_WEST,18.61,N
05/13/2026,22,1,HB_WEST,8.01,N
05/13/2026,22,2,HB_WEST,39.02,N
05/13/2026,22,3,HB_WEST,31.04,N
05/13/2026,22,4,HB_WEST,36.71,N
05/13/2026,23,1,HB_WEST,23.0,N
05/13/2026,23,2,HB_WEST,26.9,N
05/13/2026,23,3,HB_WEST,18.82,N
05/13/2026,23,4,HB_WEST,29.56,N
05/13/2026,24,1,HB_WEST,-28.61,N
05/13/2026,24,2,HB_WEST,5.77,N
05/13/2026,24,3,HB_WEST,-25.21,N
05/13/2026,24,4,HB_WEST,14.47,N
05/14/2026,1,1,HB_WEST,41.82,N
05/14/2026,1,2,HB_WEST,44.53,N
05/14/2026,1,3,HB_WEST,18.78,N
05/14/2026,1,4,HB_WEST,40.33,N
05/14/2026,2,1,HB_WEST,41.49,N
05/14/2026,2,2,HB_WEST,21.32,N
05/14/2026,2,3,HB_WEST,30.76,N
05/14/2026,2,4,HB_WEST,29.24,N
05/14/2026,3,1,HB_WEST,43.48,N
05/14/2026,3,2,HB_WEST,27.67,N
05/14/2026,3,3,HB_WEST,36.71,N
05/14/2026,3,4,HB_WEST,32.01,N
05/14/2026,4,1,HB_WEST,44.39,N
05/14/2026,4,2,HB_WEST,38.87,N
05/14/2026,4,3,HB_WEST,36.32,N
05/14/2026,4,4,HB_WEST,38.9,N
05/14/2026,5,1,HB_WEST,59.28,N
05/14/2026,5,2,HB_WEST,39.66,N
05/14/2026,5,3,HB_WEST,34.66,N
05/14/2026,5,4,HB_WEST,47.66,N
05/14/2026,6,1,HB_WEST,43.34,N
05/14/2026,6,2,HB_WEST,33.17,N
05/14/2026,6,3,HB_WEST,62.34,N
05/14/2026,6,4,HB_WEST,41.67,N
05/14/2026,7,1,HB_WEST,41.98,N
05/14/2026,7,2,HB_WEST,46.28,N
05/14/2026,7,3,HB_WEST,58.84,N
05/14/2026,7,4,HB_WEST,31.56,N
05/14/2026,8,1,HB_WEST,46.7,N
05/14/2026,8,2,HB_WEST,61.19,N
05/14/2026,8,3,HB_WEST,45.52,N
05/14/2026,8,4,HB_WEST,34.61,N
05/14/2026,9,1,HB_WEST,38.04,N
05/14/2026,9,2,HB_WEST,44.65,N
05/14/2026,9,3,HB_WEST,53.64,N
05/14/2026,9,4,HB_WEST,40.28,N
05/14/2026,10,1,HB_WEST,47.22,N
05/14/2026,10,2,HB_WEST,29.12,N
05/14/2026,10,3,HB_WEST,29.06,N
05/14/2026,10,4,HB_WEST,36.74,N
05/14/2026,11,1,HB_WEST,49.0,N
05/14/2026,11,2,HB_WEST,38.05,N
05/14/2026,11,3,HB_WEST,289.82,N
05/14/2026,11,4,HB_WEST,39.72,N
05/14/2026,12,1,HB_WEST,42.76,N
05/14/2026,12,2,HB_WEST,29.0,N
05/14/2026,12,3,HB_WEST,39.39,N
05/14/2026,12,4,HB_WEST,27.24,N
05/14/2026,13,1,HB_WEST,45.87,N
05/14/2026,13,2,HB_WEST,23.6,N
05/14/2026,13,3,HB_WEST,22.94,N
05/14/2026,13,4,HB_WEST,34.4,N
05/14/2026,14,1,HB_WEST,26.76,N
05/14/2026,14,2,HB_WEST,28.73,N
05/14/2026,14,3,HB_WEST,27.94,N
05/14/2026,14,4,HB_WEST,17.39,N
05/14/2026,15,1,HB_WEST,35.41,N
05/14/2026,15,2,HB_WEST,29.65,N
05/14/2026,15,3,HB_WEST,33.37,N
05/14/2026,15,4,HB_WEST,18.27,N
05/14/2026,16,1,HB_WEST,22.73,N
05/14/2026,16,2,HB_WEST,20.97,N
05/14/2026,16,3,HB_WEST,28.42,N
05/14/2026,16,4,HB_WEST,28.68,N
05/14/2026,17,1,HB_WEST,18.55,N
05/14/2026,17,2,HB_WEST,4.87,N
05/14/2026,17,3,HB_WEST,31.25,N
05/14/2026,17,4,HB_WEST,21.46,N
05/14/2026,18,1,HB_WEST,10.64,N
05/14/2026,18,2,HB_WEST,18.76,N
05/14/2026,18,3,HB_WEST,3.42,N
05/14/2026,18,4,HB_WEST,23.95,N
05/14/2026,19,1,HB_WEST,3.23,N
05/14/2026,19,2,HB_WEST,13.23,N
05/14/2026,19,3,HB_WEST,-28.04,N
05/14/2026,19,4,HB_WEST,23.31,N
05/14/2026,20,1,HB_WEST,16.36,N
05/14/2026,20,2,HB_WEST,20.59,N
05/14/2026,20,3,HB_WEST,15.29,N
05/14/2026,20,4,HB_WEST,15.25,N
05/14/2026,21,1,HB_WEST,17.69,N
05/14/2026,21,2,HB_WEST,15.5,N
05/14/2026,21,3,HB_WEST,3.52,N
05/14/2026,21,4,HB_WEST,10.86,N
05/14/2026,22,1,HB_WEST,21.35,N
05/14/2026,22,2,HB_WEST,17.4,N
05/14/2026,22,3,HB_WEST,18.15,N
05/14/2026,22,4,HB_WEST,16.81,N
05/14/2026,23,1,HB_WEST,-29.41,N
05/14/2026,23,2,HB_WEST,18.56,N
05/14/2026,23,3,HB_WEST,20.05,N
05/14/2026,23,4,HB_WEST,22.54,N
05/14/2026,24,1,HB_WEST,29.26,N
05/14/2026,24,2,HB_WEST,24.67,N
05/14/2026,24,3,HB_WEST,17.88,N
05/14/2026,24,4,HB_WEST,14.93,N
05/15/2026,1,1,HB_WEST,5.78,N
05/15/2026,1,2,HB_WEST,20.96,N
05/15/2026,1,3,HB_WEST,25.85,N
05/15/2026,1,4,HB_WEST,34.14,N
05/15/2026,2,1,HB_WEST,36.77,N
05/15/2026,2,2,HB_WEST,38.05,N
05/15/2026,2,3,HB_WEST,30.34,N
05/15/2026,2,4,HB_WEST,35.79,N
05/15/2026,3,1,HB_WEST,37.99,N
05/15/2026,3,2,HB_WEST,35.0,N
05/15/2026,3,3,HB_WEST,39.46,N
05/15/2026,3,4,HB_WEST,45.94,N
05/15/2026,4,1,HB_WEST,40.43,N
05/15/2026,4,2,HB_WEST,40.48,N
05/15/2026,4,3,HB_WEST,49.15,N
05/15/2026,4,4,HB_WEST,48.3,N
05/15/2026,5,1,HB_WEST,55.66,N
05/15/2026,5,2,HB_WEST,28.94,N
05/15/2026,5,3,HB_WEST,50.23,N
05/15/2026,5,4,HB_WEST,47.8,N
05/15/2026,6,1,HB_WEST,37.4,N
05/15/2026,6,2,HB_WEST,46.5,N
05/15/2026,6,3,HB_WEST,52.9,N
05/15/2026,6,4,HB_WEST,37.86,N
05/15/2026,7,1,HB_WEST,48.54,N
05/15/2026,7,2,HB_WEST,51.97,N
05/15/2026,7,3,HB_WEST,36.43,N
05/15/2026,7,4,HB_WEST,43.86,N
05/15/2026,8,1,HB_WEST,46.9,N
05/15/2026,8,2,HB_WEST,38.12,N
05/15/2026,8,3,HB_WEST,37.46,N
05/15/2026,8,4,HB_WEST,43.41,N
05/15/2026,9,1,HB_WEST,49.4,N
05/15/2026,9,2,HB_WEST,48.14,N
05/15/2026,9,3,HB_WEST,286.1,N
05/15/2026,9,4,HB_WEST,48.21,N
05/15/2026,10,1,HB_WEST,33.92,N
05/15/2026,10,2,HB_WEST,27.73,N
05/15/2026,10,3,HB_WEST,37.67,N
05/15/2026,10,4,HB_WEST,49.59,N
05/15/2026,11,1,HB_WEST,42.75,N
05/15/2026,11,2,HB_WEST,37.49,N
05/15/2026,11,3,HB_WEST,34.17,N
05/15/2026,11,4,HB_WEST,34.38,N
05/15/2026,12,1,HB_WEST,34.75,N
05/15/2026,12,2,HB_WEST,25.33,N
05/15/2026,12,3,HB_WEST,31.1,N
05/15/2026,12,4,HB_WEST,32.16,N
05/15/2026,13,1,HB_WEST,19.19,N
05/15/2026,13,2,HB_WEST,23.29,N
05/15/2026,13,3,HB_WEST,33.28,N
05/15/2026,13,4,HB_WEST,30.08,N
05/15/2026,14,1,HB_WEST,23.65,N
05/15/2026,14,2,HB_WEST,18.83,N
05/15/2026,14,3,HB_WEST,38.73,N
05/15/2026,14,4,HB_WEST,19.41,N
05/15/2026,15,1,HB_WEST,24.51,N
05/15/2026,15,2,HB_WEST,18.6,N
05/15/2026,15,3,HB_WEST,22.79,N
05/15/2026,15,4,HB_WEST,1226.16,N
05/15/2026,16,1,HB_WEST,8.43,N
05/15/2026,16,2,HB_WEST,19.34,N
05/15/2026,16,3,HB_WEST,28.92,N
05/15/2026,16,4,HB_WEST,33.49,N
05/15/2026,17,1,HB_WEST,15.97,N
05/15/2026,17,2,HB_WEST,17.34,N
05/15/2026,17,3,HB_WEST,34.7,N
05/15/2026,17,4,HB_WEST,26.09,N
05/15/2026,18,1,HB_WEST,10.57,N
05/15/2026,18,2,HB_WEST,10.56,N
05/15/2026,18,3,HB_WEST,23.16,N
05/15/2026,18,4,HB_WEST,7.42,N
05/15/2026,19,1,HB_WEST,23.7,N
05/15/2026,19,2,HB_WEST,17.67,N
05/15/2026,19,3,HB_WEST,19.14,N
05/15/2026,19,4,HB_WEST,12.95,N
05/15/2026,20,1,HB_WEST,10.47,N
05/15/2026,20,2,HB_WEST,27.21,N
05/15/2026,20,3,HB_WEST,13.54,N
05/15/2026,20,4,HB_WEST,1212.22,N
05/15/2026,21,1,HB_WEST,16.37,N
05/15/2026,21,2,HB_WEST,18.55,N
05/15/2026,21,3,HB_WEST,8.76,N
05/15/2026,21,4,HB_WEST,12.49,N
05/15/2026,22,1,HB_WEST,14.45,N
05/15/2026,22,2,HB_WEST,26.16,N
05/15/2026,22,3,HB_WEST,12.31,N
05/15/2026,22,4,HB_WEST,5.35,N
05/15/2026,23,1,HB_WEST,6.76,N
05/15/2026,23,2,HB_WEST,10.74,N
05/15/2026,23,3,HB_WEST,33.39,N
05/15/2026,23,4,HB_WEST,22.63,N
05/15/2026,24,1,HB_WEST,30.13,N
05/15/2026,24,2,HB_WEST,30.41,N
05/15/2026,24,3,HB_WEST,26.57,N
05/15/2026,24,4,HB_WEST,25.52,N
05/16/2026,1,1,HB_WEST,38.36,N
05/16/2026,1,2,HB_WEST,31.17,N
05/16/2026,1,3,HB_WEST,41.19,N
05/16/2026,1,4,HB_WEST,34.97,N
05/16/2026,2,1,HB_WEST,28.94,N
05/16/2026,2,2,HB_WEST,29.91,N
05/16/2026,2,3,HB_WEST,28.06,N
05/16/2026,2,4,HB_WEST,-1.38,N
05/16/2026,3,1,HB_WEST,34.26,N
05/16/2026,3,2,HB_WEST,31.11,N
05/16/2026,3,3,HB_WEST,40.06,N
05/16/2026,3,4,HB_WEST,36.72,N
05/16/2026,4,1,HB_WEST,42.96,N
05/16/2026,4,2,HB_WEST,55.73,N
05/16/2026,4,3,HB_WEST,47.91,N
05/16/2026,4,4,HB_WEST,40.82,N
05/16/2026,5,1,HB_WEST,31.72,N
05/16/2026,5,2,HB_WEST,38.99,N
05/16/2026,5,3,HB_WEST,48.68,N
05/16/2026,5,4,HB_WEST,33.62,N
05/16/2026,6,1,HB_WEST,61.62,N
05/16/2026,6,2,HB_WEST,44.6,N
05/16/2026,6,3,HB_WEST,44.88,N
05/16/2026,6,4,HB_WEST,39.16,N
05/16/2026,7,1,HB_WEST,48.97,N
05/16/2026,7,2,HB_WEST,35.74,N
05/16/2026,7,3,HB_WEST,62.32,N
05/16/2026,7,4,HB_WEST,55.54,N
05/16/2026,8,1,HB_WEST,52.36,N
05/16/2026,8,2,HB_WEST,33.37,N
05/16/2026,8,3,HB_WEST,46.13,N
05/16/2026,8,4,HB_WEST,54.16,N
05/16/2026,9,1,HB_WEST,47.74,N
05/16/2026,9,2,HB_WEST,34.97,N
05/16/2026,9,3,HB_WEST,37.79,N
05/16/2026,9,4,HB_WEST,39.37,N
05/16/2026,10,1,HB_WEST,35.78,N
05/16/2026,10,2,HB_WEST,52.84,N
05/16/2026,10,3,HB_WEST,25.24,N
05/16/2026,10,4,HB_WEST,45.85,N
05/16/2026,11,1,HB_WEST,27.16,N
05/16/2026,11,2,HB_WEST,29.81,N
05/16/2026,11,3,HB_WEST,21.42,N
05/16/2026,11,4,HB_WEST,33.11,N
05/16/2026,12,1,HB_WEST,45.97,N
05/16/2026,12,2,HB_WEST,36.0,N
05/16/2026,12,3,HB_WEST,24.3,N
05/16/2026,12,4,HB_WEST,42.02,N
05/16/2026,13,1,HB_WEST,39.85,N
05/16/2026,13,2,HB_WEST,30.83,N
05/16/2026,13,3,HB_WEST,46.28,N
05/16/2026,13,4,HB_WEST,286.57,N
05/16/2026,14,1,HB_WEST,31.58,N
05/16/2026,14,2,HB_WEST,19.69,N
05/16/2026,14,3,HB_WEST,31.14,N
05/16/2026,14,4,HB_WEST,27.85,N
05/16/2026,15,1,HB_WEST,26.66,N
05/16/2026,15,2,HB_WEST,17.02,N
05/16/2026,15,3,HB_WEST,23.52,N
05/16/2026,15,4,HB_WEST,15.97,N
05/16/2026,16,1,HB_WEST,2.22,N
05/16/2026,16,2,HB_WEST,27.38,N
05/16/2026,16,3,HB_WEST,7.37,N
05/16/2026,16,4,HB_WEST,20.25,N
05/16/2026,17,1,HB_WEST,19.67,N
05/16/2026,17,2,HB_WEST,19.62,N
05/16/2026,17,3,HB_WEST,14.74,N
05/16/2026,17,4,HB_WEST,19.18,N
05/16/2026,18,1,HB_WEST,19.28,N
05/16/2026,18,2,HB_WEST,21.39,N
05/16/2026,18,3,HB_WEST,29.38,N
05/16/2026,18,4,HB_WEST,17.38,N
05/16/2026,19,1,HB_WEST,15.51,N
05/16/2026,19,2,HB_WEST,7.75,N
05/16/2026,19,3,HB_WEST,18.49,N
05/16/2026,19,4,HB_WEST,20.34,N
05/16/2026,20,1,HB_WEST,13.97,N
05/16/2026,20,2,HB_WEST,19.87,N
05/16/2026,20,3,HB_WEST,13.17,N
05/16/2026,20,4,HB_WEST,270.88,N
05/16/2026,21,1,HB_WEST,24.31,N
05/16/2026,21,2,HB_WEST,24.2,N
05/16/2026,21,3,HB_WEST,17.95,N
05/16/2026,21,4,HB_WEST,8.69,N
05/16/2026,22,1,HB_WEST,14.5,N
05/16/2026,22,2,HB_WEST,274.15,N
05/16/2026,22,3,HB_WEST,38.98,N
05/16/2026,22,4,HB_WEST,16.67,N
05/16/2026,23,1,HB_WEST,26.15,N
05/16/2026,23,2,HB_WEST,18.05,N
05/16/2026,23,3,HB_WEST,14.71,N
05/16/2026,23,4,HB_WEST,17.09,N
05/16/2026,24,1,HB_WEST,9.46,N
05/16/2026,24,2,HB_WEST,36.95,N
05/16/2026,24,3,HB_WEST,8.28,N
05/16/2026,24,4,HB_WEST,24.01,N
05/17/2026,1,1,HB_WEST,20.57,N
05/17/2026,1,2,HB_WEST,22.92,N
05/17/2026,1,3,HB_WEST,41.01,N
05/17/2026,1,4,HB_WEST,31.61,N
05/17/2026,2,1,HB_WEST,26.16,N
05/17/2026,2,2,HB_WEST,29.17,N
05/17/2026,2,3,HB_WEST,27.76,N
05/17/2026,2,4,HB_WEST,33.53,N
05/17/2026,3,1,HB_WEST,38.88,N
05/17/2026,3,2,HB_WEST,52.66,N
05/17/2026,3,3,HB_WEST,22.17,N
05/17/2026,3,4,HB_WEST,37.22,N
05/17/2026,4,1,HB_WEST,38.08,N
05/17/2026,4,2,HB_WEST,48.18,N
05/17/2026,4,3,HB_WEST,293.45,N
05/17/2026,4,4,HB_WEST,45.33,N
05/17/2026,5,1,HB_WEST,45.75,N
05/17/2026,5,2,HB_WEST,35.53,N
05/17/2026,5,3,HB_WEST,52.68,N
05/17/2026,5,4,HB_WEST,49.38,N
05/17/2026,6,1,HB_WEST,51.81,N
05/17/2026,6,2,HB_WEST,54.6,N
05/17/2026,6,3,HB_WEST,47.83,N
05/17/2026,6,4,HB_WEST,56.34,N
05/17/2026,7,1,HB_WEST,48.02,N
05/17/2026,7,2,HB_WEST,43.25,N
05/17/2026,7,3,HB_WEST,44.95,N
05/17/2026,7,4,HB_WEST,44.81,N
05/17/2026,8,1,HB_WEST,40.33,N
05/17/2026,8,2,HB_WEST,57.54,N
05/17/2026,8,3,HB_WEST,46.86,N
05/17/2026,8,4,HB_WEST,45.25,N
05/17/2026,9,1,HB_WEST,46.1,N
05/17/2026,9,2,HB_WEST,66.83,N
05/17/2026,9,3,HB_WEST,33.94,N
05/17/2026,9,4,HB_WEST,36.23,N
05/17/2026,10,1,HB_WEST,29.56,N
05/17/2026,10,2,HB_WEST,38.75,N
05/17/2026,10,3,HB_WEST,42.57,N
05/17/2026,10,4,HB_WEST,36.88,N
05/17/2026,11,1,HB_WEST,33.18,N
05/17/2026,11,2,HB_WEST,38.64,N
05/17/2026,11,3,HB_WEST,33.48,N
05/17/2026,11,4,HB_WEST,39.98,N
05/17/2026,12,1,HB_WEST,42.8,N
05/17/2026,12,2,HB_WEST,39.3,N
05/17/2026,12,3,HB_WEST,40.93,N
05/17/2026,12,4,HB_WEST,42.57,N
05/17/2026,13,1,HB_WEST,32.26,N
05/17/2026,13,2,HB_WEST,28.73,N
05/17/2026,13,3,HB_WEST,23.82,N
05/17/2026,13,4,HB_WEST,26.87,N
05/17/2026,14,1,HB_WEST,21.93,N
05/17/2026,14,2,HB_WEST,281.97,N
05/17/2026,14,3,HB_WEST,28.89,N
05/17/2026,14,4,HB_WEST,281.69,N
05/17/2026,15,1,HB_WEST,13.22,N
05/17/2026,15,2,HB_WEST,33.95,N
05/17/2026,15,3,HB_WEST,19.08,N
05/17/2026,15,4,HB_WEST,13.7,N
05/17/2026,16,1,HB_WEST,15.88,N
05/17/2026,16,2,HB_WEST,39.26,N
05/17/2026,16,3,HB_WEST,266.29,N
05/17/2026,16,4,HB_WEST,16.79,N
05/17/2026,17,1,HB_WEST,-29.53,N
05/17/2026,17,2,HB_WEST,15.82,N
05/17/2026,17,3,HB_WEST,10.76,N
05/17/2026,17,4,HB_WEST,18.16,N
05/17/2026,18,1,HB_WEST,24.12,N
05/17/2026,18,2,HB_WEST,18.03,N
05/17/2026,18,3,HB_WEST,6.62,N
05/17/2026,18,4,HB_WEST,12.76,N
05/17/2026,19,1,HB_WEST,10.59,N
05/17/2026,19,2,HB_WEST,15.42,N
05/17/2026,19,3,HB_WEST,25.64,N
05/17/2026,19,4,HB_WEST,13.81,N
05/17/2026,20,1,HB_WEST,14.81,N
05/17/2026,20,2,HB_WEST,29.73,N
05/17/2026,20,3,HB_WEST,22.52,N
05/17/2026,20,4,HB_WEST,20.1,N
05/17/2026,21,1,HB_WEST,32.67,N
05/17/2026,21,2,HB_WEST,20.93,N
05/17/2026,21,3,HB_WEST,1.12,N
05/17/2026,21,4,HB_WEST,-21.33,N
05/17/2026,22,1,HB_WEST,6.66,N
05/17/2026,22,2,HB_WEST,23.01,N
05/17/2026,22,3,HB_WEST,-39.32,N
05/17/2026,22,4,HB_WEST,15.66,N
05/17/2026,23,1,HB_WEST,19.59,N
05/17/2026,23,2,HB_WEST,16.34,N
05/17/2026,23,3,HB_WEST,19.71,N
05/17/2026,23,4,HB_WEST,30.76,N
05/17/2026,24,1,HB_WEST,1220.41,N
05/17/2026,24,2,HB_WEST,30.48,N
05/17/2026,24,3,HB_WEST,18.39,N
05/17/2026,24,4,HB_WEST,24.6,N
05/18/2026,1,1,HB_WEST,32.59,N
05/18/2026,1,2,HB_WEST,22.03,N
05/18/2026,1,3,HB_WEST,19.51,N
05/18/2026,1,4,HB_WEST,33.94,N
05/18/2026,2,1,HB_WEST,42.87,N
05/18/2026,2,2,HB_WEST,33.25,N
05/18/2026,2,3,HB_WEST,30.22,N
05/18/2026,2,4,HB_WEST,35.13,N
05/18/2026,3,1,HB_WEST,37.94,N
05/18/2026,3,2,HB_WEST,39.44,N
05/18/2026,3,3,HB_WEST,267.27,N
05/18/2026,3,4,HB_WEST,28.95,N
05/18/2026,4,1,HB_WEST,33.84,N
05/18/2026,4,2,HB_WEST,291.81,N
05/18/2026,4,3,HB_WEST,42.09,N
05/18/2026,4,4,HB_WEST,45.7,N
05/18/2026,5,1,HB_WEST,45.05,N
05/18/2026,5,2,HB_WEST,32.58,N
05/18/2026,5,3,HB_WEST,54.57,N
05/18/2026,5,4,HB_WEST,53.17,N
05/18/2026,6,1,HB_WEST,34.42,N
05/18/2026,6,2,HB_WEST,47.15,N
05/18/2026,6,3,HB_WEST,39.73,N
05/18/2026,6,4,HB_WEST,0.6,N
05/18/2026,7,1,HB_WEST,53.43,N
05/18/2026,7,2,HB_WEST,62.04,N
05/18/2026,7,3,HB_WEST,51.01,N
05/18/2026,7,4,HB_WEST,47.36,N
05/18/2026,8,1,HB_WEST,41.77,N
05/18/2026,8,2,HB_WEST,45.95,N
05/18/2026,8,3,HB_WEST,55.37,N
05/18/2026,8,4,HB_WEST,44.13,N
05/18/2026,9,1,HB_WEST,35.9,N
05/18/2026,9,2,HB_WEST,30.03,N
05/18/2026,9,3,HB_WEST,47.09,N
05/18/2026,9,4,HB_WEST,44.97,N
05/18/2026,10,1,HB_WEST,35.44,N
05/18/2026,10,2,HB_WEST,48.81,N
05/18/2026,10,3,HB_WEST,-7.77,N
05/18/2026,10,4,HB_WEST,39.53,N
05/18/2026,11,1,HB_WEST,37.37,N
05/18/2026,11,2,HB_WEST,34.69,N
05/18/2026,11,3,HB_WEST,39.39,N
05/18/2026,11,4,HB_WEST,46.71,N
05/18/2026,12,1,HB_WEST,24.74,N
05/18/2026,12,2,HB_WEST,37.79,N
05/18/2026,12,3,HB_WEST,35.26,N
05/18/2026,12,4,HB_WEST,35.11,N
05/18/2026,13,1,HB_WEST,36.97,N
05/18/2026,13,2,HB_WEST,30.39,N
05/18/2026,13,3,HB_WEST,33.84,N
05/18/2026,13,4,HB_WEST,35.73,N
05/18/2026,14,1,HB_WEST,22.08,N
05/18/2026,14,2,HB_WEST,28.51,N
05/18/2026,14,3,HB_WEST,24.11,N
05/18/2026,14,4,HB_WEST,25.06,N
05/18/2026,15,1,HB_WEST,19.92,N
05/18/2026,15,2,HB_WEST,26.27,N
05/18/2026,15,3,HB_WEST,23.15,N
05/18/2026,15,4,HB_WEST,25.66,N
05/18/2026,16,1,HB_WEST,19.25,N
05/18/2026,16,2,HB_WEST,6.56,N
05/18/2026,16,3,HB_WEST,19.64,N
05/18/2026,16,4,HB_WEST,19.9,N
05/18/2026,17,1,HB_WEST,18.95,N
05/18/2026,17,2,HB_WEST,12.26,N
05/18/2026,17,3,HB_WEST,7.45,N
05/18/2026,17,4,HB_WEST,22.01,N
05/18/2026,18,1,HB_WEST,13.32,N
05/18/2026,18,2,HB_WEST,16.88,N
05/18/2026,18,3,HB_WEST,13.26,N
05/18/2026,18,4,HB_WEST,15.46,N
05/18/2026,19,1,HB_WEST,11.41,N
05/18/2026,19,2,HB_WEST,7.26,N
05/18/2026,19,3,HB_WEST,18.79,N
05/18/2026,19,4,HB_WEST,10.18,N
05/18/2026,20,1,HB_WEST,16.82,N
05/18/2026,20,2,HB_WEST,18.79,N
05/18/2026,20,3,HB_WEST,10.82,N
05/18/2026,20,4,HB_WEST,5.88,N
05/18/2026,21,1,HB_WEST,36.42,N
05/18/2026,21,2,HB_WEST,12.79,N
05/18/2026,21,3,HB_WEST,22.0,N
05/18/2026,21,4,HB_WEST,32.53,N
05/18/2026,22,1,HB_WEST,25.71,N
05/18/2026,22,2,HB_WEST,16.99,N
05/18/2026,22,3,HB_WEST,18.86,N
05/18/2026,22,4,HB_WEST,12.73,N
05/18/2026,23,1,HB_WEST,29.55,N
05/18/2026,23,2,HB_WEST,27.03,N
05/18/2026,23,3,HB_WEST,18.38,N
05/18/2026,23,4,HB_WEST,14.16,N
05/18/2026,24,1,HB_WEST,15.55,N
05/18/2026,24,2,HB_WEST,34.01,N
05/18/2026,24,3,HB_WEST,27.08,N
05/18/2026,24,4,HB_WEST,27.84,N
05/19/2026,1,1,HB_WEST,23.42,N
05/19/2026,1,2,HB_WEST,18.29,N
05/19/2026,1,3,HB_WEST,37.7,N
05/19/2026,1,4,HB_WEST,30.34,N
05/19/2026,2,1,HB_WEST,41.14,N
05/19/2026,2,2,HB_WEST,30.79,N
05/19/2026,2,3,HB_WEST,31.99,N
05/19/2026,2,4,HB_WEST,39.59,N
05/19/2026,3,1,HB_WEST,43.36,N
05/19/2026,3,2,HB_WEST,43.88,N
05/19/2026,3,3,HB_WEST,35.14,N
05/19/2026,3,4,HB_WEST,42.42,N
05/19/2026,4,1,HB_WEST,49.48,N
05/19/2026,4,2,HB_WEST,39.77,N
05/19/2026,4,3,HB_WEST,36.5,N
05/19/2026,4,4,HB_WEST,51.35,N
05/19/2026,5,1,HB_WEST,37.75,N
05/19/2026,5,2,HB_WEST,48.03,N
05/19/2026,5,3,HB_WEST,42.52,N
05/19/2026,5,4,HB_WEST,28.26,N
05/19/2026,6,1,HB_WEST,53.52,N
05/19/2026,6,2,HB_WEST,22.43,N
05/19/2026,6,3,HB_WEST,28.62,N
05/19/2026,6,4,HB_WEST,48.71,N
05/19/2026,7,1,HB_WEST,49.22,N
05/19/2026,7,2,HB_WEST,39.9,N
05/19/2026,7,3,HB_WEST,46.18,N
05/19/2026,7,4,HB_WEST,24.75,N
05/19/2026,8,1,HB_WEST,50.14,N
05/19/2026,8,2,HB_WEST,46.49,N
05/19/2026,8,3,HB_WEST,44.12,N
05/19/2026,8,4,HB_WEST,44.66,N
05/19/2026,9,1,HB_WEST,46.94,N
05/19/2026,9,2,HB_WEST,42.76,N
05/19/2026,9,3,HB_WEST,28.0,N
05/19/2026,9,4,HB_WEST,60.56,N
05/19/2026,10,1,HB_WEST,50.21,N
05/19/2026,10,2,HB_WEST,30.33,N
05/19/2026,10,3,HB_WEST,37.85,N
05/19/2026,10,4,HB_WEST,38.72,N
05/19/2026,11,1,HB_WEST,46.13,N
05/19/2026,11,2,HB_WEST,20.23,N
05/19/2026,11,3,HB_WEST,33.51,N
05/19/2026,11,4,HB_WEST,23.41,N
05/19/2026,12,1,HB_WEST,31.6,N
05/19/2026,12,2,HB_WEST,30.1,N
05/19/2026,12,3,HB_WEST,34.52,N
05/19/2026,12,4,HB_WEST,29.04,N
05/19/2026,13,1,HB_WEST,-21.01,N
05/19/2026,13,2,HB_WEST,34.96,N
05/19/2026,13,3,HB_WEST,33.64,N
05/19/2026,13,4,HB_WEST,34.41,N
05/19/2026,14,1,HB_WEST,24.7,N
05/19/2026,14,2,HB_WEST,21.54,N
05/19/2026,14,3,HB_WEST,25.17,N
05/19/2026,14,4,HB_WEST,30.13,N
05/19/2026,15,1,HB_WEST,5.09,N
05/19/2026,15,2,HB_WEST,25.65,N
05/19/2026,15,3,HB_WEST,24.97,N
05/19/2026,15,4,HB_WEST,23.0,N
05/19/2026,16,1,HB_WEST,18.2,N
05/19/2026,16,2,HB_WEST,-1.14,N
05/19/2026,16,3,HB_WEST,15.87,N
05/19/2026,16,4,HB_WEST,33.71,N
05/19/2026,17,1,HB_WEST,17.11,N
05/19/2026,17,2,HB_WEST,14.55,N
05/19/2026,17,3,HB_WEST,17.14,N
05/19/2026,17,4,HB_WEST,19.85,N
05/19/2026,18,1,HB_WEST,20.78,N
05/19/2026,18,2,HB_WEST,13.68,N
05/19/2026,18,3,HB_WEST,268.91,N
05/19/2026,18,4,HB_WEST,28.92,N
05/19/2026,19,1,HB_WEST,23.05,N
05/19/2026,19,2,HB_WEST,33.72,N
05/19/2026,19,3,HB_WEST,9.75,N
05/19/2026,19,4,HB_WEST,28.41,N
05/19/2026,20,1,HB_WEST,9.19,N
05/19/2026,20,2,HB_WEST,18.34,N
05/19/2026,20,3,HB_WEST,21.37,N
05/19/2026,20,4,HB_WEST,11.42,N
05/19/2026,21,1,HB_WEST,17.71,N
05/19/2026,21,2,HB_WEST,24.29,N
05/19/2026,21,3,HB_WEST,11.33,N
05/19/2026,21,4,HB_WEST,30.36,N
05/19/2026,22,1,HB_WEST,8.32,N
05/19/2026,22,2,HB_WEST,34.91,N
05/19/2026,22,3,HB_WEST,27.4,N
05/19/2026,22,4,HB_WEST,18.68,N
05/19/2026,23,1,HB_WEST,19.28,N
05/19/2026,23,2,HB_WEST,18.44,N
05/19/2026,23,3,HB_WEST,21.41,N
05/19/2026,23,4,HB_WEST,22.11,N
05/19/2026,24,1,HB_WEST,36.16,N
05/19/2026,24,2,HB_WEST,41.87,N
05/19/2026,24,3,HB_WEST,27.71,N
05/19/2026,24,4,HB_WEST,19.35,N
05/20/2026,1,1,HB_WEST,25.63,N
05/20/2026,1,2,HB_WEST,-16.46,N
05/20/2026,1,3,HB_WEST,21.76,N
05/20/2026,1,4,HB_WEST,20.57,N
05/20/2026,2,1,HB_WEST,50.66,N
05/20/2026,2,2,HB_WEST,36.3,N
05/20/2026,2,3,HB_WEST,27.22,N
05/20/2026,2,4,HB_WEST,40.42,N
05/20/2026,3,1,HB_WEST,28.07,N
05/20/2026,3,2,HB_WEST,28.73,N
05/20/2026,3,3,HB_WEST,31.08,N
05/20/2026,3,4,HB_WEST,50.74,N
05/20/2026,4,1,HB_WEST,38.58,N
05/20/2026,4,2,HB_WEST,21.07,N
05/20/2026,4,3,HB_WEST,50.29,N
05/20/2026,4,4,HB_WEST,38.16,N
05/20/2026,5,1,HB_WEST,28.2,N
05/20/2026,5,2,HB_WEST,40.46,N
05/20/2026,5,3,HB_WEST,47.16,N
05/20/2026,5,4,HB_WEST,46.22,N
05/20/2026,6,1,HB_WEST,58.88,N
05/20/2026,6,2,HB_WEST,37.67,N
05/20/2026,6,3,HB_WEST,44.86,N
05/20/2026,6,4,HB_WEST,38.89,N
05/20/2026,7,1,HB_WEST,32.66,N
05/20/2026,7,2,HB_WEST,52.08,N
05/20/2026,7,3,HB_WEST,48.71,N
05/20/2026,7,4,HB_WEST,47.27,N
05/20/2026,8,1,HB_WEST,47.9,N
05/20/2026,8,2,HB_WEST,39.01,N
05/20/2026,8,3,HB_WEST,36.44,N
05/20/2026,8,4,HB_WEST,44.79,N
05/20/2026,9,1,HB_WEST,52.28,N
05/20/2026,9,2,HB_WEST,55.85,N
05/20/2026,9,3,HB_WEST,49.35,N
05/20/2026,9,4,HB_WEST,43.22,N
05/20/2026,10,1,HB_WEST,42.76,N
05/20/2026,10,2,HB_WEST,40.7,N
05/20/2026,10,3,HB_WEST,32.4,N
05/20/2026,10,4,HB_WEST,40.8,N
05/20/2026,11,1,HB_WEST,26.82,N
05/20/2026,11,2,HB_WEST,36.51,N
05/20/2026,11,3,HB_WEST,50.59,N
05/20/2026,11,4,HB_WEST,44.08,N
05/20/2026,12,1,HB_WEST,26.5,N
05/20/2026,12,2,HB_WEST,33.3,N
05/20/2026,12,3,HB_WEST,27.21,N
05/20/2026,12,4,HB_WEST,33.38,N
05/20/2026,13,1,HB_WEST,38.33,N
05/20/2026,13,2,HB_WEST,35.22,N
05/20/2026,13,3,HB_WEST,49.87,N
05/20/2026,13,4,HB_WEST,39.54,N
05/20/2026,14,1,HB_WEST,27.75,N
05/20/2026,14,2,HB_WEST,31.53,N
05/20/2026,14,3,HB_WEST,24.5,N
05/20/2026,14,4,HB_WEST,-27.9,N
05/20/2026,15,1,HB_WEST,32.95,N
05/20/2026,15,2,HB_WEST,30.57,N
05/20/2026,15,3,HB_WEST,20.57,N
05/20/2026,15,4,HB_WEST,24.69,N
05/20/2026,16,1,HB_WEST,29.32,N
05/20/2026,16,2,HB_WEST,26.16,N
05/20/2026,16,3,HB_WEST,7.69,N
05/20/2026,16,4,HB_WEST,21.34,N
05/20/2026,17,1,HB_WEST,15.67,N
05/20/2026,17,2,HB_WEST,25.91,N
05/20/2026,17,3,HB_WEST,25.26,N
05/20/2026,17,4,HB_WEST,27.56,N
05/20/2026,18,1,HB_WEST,6.57,N
05/20/2026,18,2,HB_WEST,9.24,N
05/20/2026,18,3,HB_WEST,24.42,N
05/20/2026,18,4,HB_WEST,-34.22,N
05/20/2026,19,1,HB_WEST,2.83,N
05/20/2026,19,2,HB_WEST,19.26,N
05/20/2026,19,3,HB_WEST,260.62,N
05/20/2026,19,4,HB_WEST,29.32,N
05/20/2026,20,1,HB_WEST,17.88,N
05/20/2026,20,2,HB_WEST,16.79,N
05/20/2026,20,3,HB_WEST,12.56,N
05/20/2026,20,4,HB_WEST,28.24,N
05/20/2026,21,1,HB_WEST,19.88,N
05/20/2026,21,2,HB_WEST,13.74,N
05/20/2026,21,3,HB_WEST,10.66,N
05/20/2026,21,4,HB_WEST,16.42,N
05/20/2026,22,1,HB_WEST,11.57,N
05/20/2026,22,2,HB_WEST,27.62,N
05/20/2026,22,3,HB_WEST,4.93,N
05/20/2026,22,4,HB_WEST,18.28,N
05/20/2026,23,1,HB_WEST,27.38,N
05/20/2026,23,2,HB_WEST,25.24,N
05/20/2026,23,3,HB_WEST,16.76,N
05/20/2026,23,4,HB_WEST,27.78,N
05/20/2026,24,1,HB_WEST,19.03,N
05/20/2026,24,2,HB_WEST,25.94,N
05/20/2026,24,3,HB_WEST,31.33,N
05/20/2026,24,4,HB_WEST,-15.18,N
05/21/2026,1,1,HB_WEST,24.6,N
05/21/2026,1,2,HB_WEST,39.58,N
05/21/2026,1,3,HB_WEST,30.69,N
05/21/2026,1,4,HB_WEST,35.94,N
05/21/2026,2,1,HB_WEST,46.12,N
05/21/2026,2,2,HB_WEST,42.82,N
05/21/2026,2,3,HB_WEST,42.84,N
05/21/2026,2,4,HB_WEST,35.42,N
05/21/2026,3,1,HB_WEST,43.85,N
05/21/2026,3,2,HB_WEST,39.21,N
05/21/2026,3,3,HB_WEST,27.83,N
05/21/2026,3,4,HB_WEST,39.92,N
05/21/2026,4,1,HB_WEST,42.66,N
05/21/2026,4,2,HB_WEST,45.28,N
05/21/2026,4,3,HB_WEST,39.58,N
05/21/2026,4,4,HB_WEST,34.51,N
05/21/2026,5,1,HB_WEST,48.24,N
05/21/2026,5,2,HB_WEST,32.48,N
05/21/2026,5,3,HB_WEST,9.66,N
05/21/2026,5,4,HB_WEST,41.14,N
05/21/2026,6,1,HB_WEST,46.45,N
05/21/2026,6,2,HB_WEST,48.96,N
05/21/2026,6,3,HB_WEST,49.21,N
05/21/2026,6,4,HB_WEST,33.22,N
05/21/2026,7,1,HB_WEST,51.59,N
05/21/2026,7,2,HB_WEST,47.43,N
05/21/2026,7,3,HB_WEST,39.92,N
05/21/2026,7,4,HB_WEST,39.0,N
05/21/2026,8,1,HB_WEST,41.82,N
05/21/2026,8,2,HB_WEST,34.1,N
05/21/2026,8,3,HB_WEST,58.27,N
05/21/2026,8,4,HB_WEST,56.38,N
05/21/2026,9,1,HB_WEST,46.6,N
05/21/2026,9,2,HB_WEST,41.2,N
05/21/2026,9,3,HB_WEST,41.41,N
05/21/2026,9,4,HB_WEST,4.05,N
05/21/2026,10,1,HB_WEST,54.67,N
05/21/2026,10,2,HB_WEST,36.04,N
05/21/2026,10,3,HB_WEST,31.67,N
05/21/2026,10,4,HB_WEST,52.99,N
05/21/2026,11,1,HB_WEST,23.2,N
05/21/2026,11,2,HB_WEST,29.43,N
05/21/2026,11,3,HB_WEST,35.53,N
05/21/2026,11,4,HB_WEST,25.02,N
05/21/2026,12,1,HB_WEST,42.78,N
05/21/2026,12,2,HB_WEST,40.74,N
05/21/2026,12,3,HB_WEST,29.28,N
05/21/2026,12,4,HB_WEST,44.12,N
05/21/2026,13,1,HB_WEST,41.59,N
05/21/2026,13,2,HB_WEST,29.09,N
05/21/2026,13,3,HB_WEST,26.39,N
05/21/2026,13,4,HB_WEST,48.08,N
05/21/2026,14,1,HB_WEST,31.89,N
05/21/2026,14,2,HB_WEST,28.17,N
05/21/2026,14,3,HB_WEST,37.03,N
05/21/2026,14,4,HB_WEST,28.53,N
05/21/2026,15,1,HB_WEST,18.46,N
05/21/2026,15,2,HB_WEST,23.14,N
05/21/2026,15,3,HB_WEST,30.81,N
05/21/2026,15,4,HB_WEST,6.56,N
05/21/2026,16,1,HB_WEST,17.09,N
05/21/2026,16,2,HB_WEST,30.46,N
05/21/2026,16,3,HB_WEST,-29.7,N
05/21/2026,16,4,HB_WEST,31.76,N
05/21/2026,17,1,HB_WEST,28.33,N
05/21/2026,17,2,HB_WEST,16.49,N
05/21/2026,17,3,HB_WEST,12.46,N
05/21/2026,17,4,HB_WEST,14.71,N
05/21/2026,18,1,HB_WEST,36.83,N
05/21/2026,18,2,HB_WEST,30.51,N
05/21/2026,18,3,HB_WEST,-28.49,N
05/21/2026,18,4,HB_WEST,-34.35,N
05/21/2026,19,1,HB_WEST,15.94,N
05/21/2026,19,2,HB_WEST,16.95,N
05/21/2026,19,3,HB_WEST,5.05,N
05/21/2026,19,4,HB_WEST,15.64,N
05/21/2026,20,1,HB_WEST,26.09,N
05/21/2026,20,2,HB_WEST,-43.88,N
05/21/2026,20,3,HB_WEST,22.12,N
05/21/2026,20,4,HB_WEST,26.51,N
05/21/2026,21,1,HB_WEST,12.53,N
05/21/2026,21,2,HB_WEST,30.56,N
05/21/2026,21,3,HB_WEST,11.49,N
05/21/2026,21,4,HB_WEST,20.54,N
05/21/2026,22,1,HB_WEST,16.94,N
05/21/2026,22,2,HB_WEST,16.94,N
05/21/2026,22,3,HB_WEST,14.46,N
05/21/2026,22,4,HB_WEST,24.98,N
05/21/2026,23,1,HB_WEST,29.29,N
05/21/2026,23,2,HB_WEST,21.98,N
05/21/2026,23,3,HB_WEST,11.62,N
05/21/2026,23,4,HB_WEST,25.73,N
05/21/2026,24,1,HB_WEST,29.49,N
05/21/2026,24,2,HB_WEST,24.38,N
05/21/2026,24,3,HB_WEST,41.06,N
05/21/2026,24,4,HB_WEST,13.61,N
05/22/2026,1,1,HB_WEST,12.26,N
05/22/2026,1,2,HB_WEST,24.15,N
05/22/2026,1,3,HB_WEST,35.68,N
05/22/2026,1,4,HB_WEST,21.55,N
05/22/2026,2,1,HB_WEST,26.03,N
05/22/2026,2,2,HB_WEST,41.49,N
05/22/2026,2,3,HB_WEST,37.58,N
05/22/2026,2,4,HB_WEST,36.9,N
05/22/2026,3,1,HB_WEST,43.75,N
05/22/2026,3,2,HB_WEST,34.1,N
05/22/2026,3,3,HB_WEST,34.47,N
05/22/2026,3,4,HB_WEST,43.98,N
05/22/2026,4,1,HB_WEST,29.85,N
05/22/2026,4,2,HB_WEST,23.46,N
05/22/2026,4,3,HB_WEST,37.14,N
05/22/2026,4,4,HB_WEST,48.05,N
05/22/2026,5,1,HB_WEST,45.03,N
05/22/2026,5,2,HB_WEST,49.85,N
05/22/2026,5,3,HB_WEST,26.86,N
05/22/2026,5,4,HB_WEST,45.51,N
05/22/2026,6,1,HB_WEST,49.72,N
05/22/2026,6,2,HB_WEST,33.68,N
05/22/2026,6,3,HB_WEST,51.39,N
05/22/2026,6,4,HB_WEST,43.6,N
05/22/2026,7,1,HB_WEST,69.57,N
05/22/2026,7,2,HB_WEST,27.58,N
05/22/2026,7,3,HB_WEST,55.95,N
05/22/2026,7,4,HB_WEST,41.85,N
05/22/2026,8,1,HB_WEST,31.55,N
05/22/2026,8,2,HB_WEST,40.27,N
05/22/2026,8,3,HB_WEST,46.71,N
05/22/2026,8,4,HB_WEST,52.79,N
05/22/2026,9,1,HB_WEST,56.77,N
05/22/2026,9,2,HB_WEST,54.37,N
05/22/2026,9,3,HB_WEST,35.27,N
05/22/2026,9,4,HB_WEST,52.03,N
05/22/2026,10,1,HB_WEST,43.74,N
05/22/2026,10,2,HB_WEST,35.37,N
05/22/2026,10,3,HB_WEST,38.91,N
05/22/2026,10,4,HB_WEST,34.93,N
05/22/2026,11,1,HB_WEST,37.8,N
05/22/2026,11,2,HB_WEST,31.66,N
05/22/2026,11,3,HB_WEST,29.28,N
05/22/2026,11,4,HB_WEST,41.33,N
05/22/2026,12,1,HB_WEST,38.91,N
05/22/2026,12,2,HB_WEST,32.38,N
05/22/2026,12,3,HB_WEST,44.82,N
05/22/2026,12,4,HB_WEST,31.8,N
05/22/2026,13,1,HB_WEST,27.58,N
05/22/2026,13,2,HB_WEST,35.28,N
05/22/2026,13,3,HB_WEST,28.94,N
05/22/2026,13,4,HB_WEST,-14.32,N
05/22/2026,14,1,HB_WEST,5.95,N
05/22/2026,14,2,HB_WEST,26.25,N
05/22/2026,14,3,HB_WEST,-33.5,N
05/22/2026,14,4,HB_WEST,16.35,N
05/22/2026,15,1,HB_WEST,11.82,N
05/22/2026,15,2,HB_WEST,14.16,N
05/22/2026,15,3,HB_WEST,18.11,N
05/22/2026,15,4,HB_WEST,18.61,N
05/22/2026,16,1,HB_WEST,24.71,N
05/22/2026,16,2,HB_WEST,21.17,N
05/22/2026,16,3,HB_WEST,4.18,N
05/22/2026,16,4,HB_WEST,20.06,N
05/22/2026,17,1,HB_WEST,19.56,N
05/22/2026,17,2,HB_WEST,14.38,N
05/22/2026,17,3,HB_WEST,16.52,N
05/22/2026,17,4,HB_WEST,18.53,N
05/22/2026,18,1,HB_WEST,21.63,N
05/22/2026,18,2,HB_WEST,2.91,N
05/22/2026,18,3,HB_WEST,13.56,N
05/22/2026,18,4,HB_WEST,27.58,N
05/22/2026,19,1,HB_WEST,276.33,N
05/22/2026,19,2,HB_WEST,21.81,N
05/22/2026,19,3,HB_WEST,19.29,N
05/22/2026,19,4,HB_WEST,28.24,N
05/22/2026,20,1,HB_WEST,30.85,N
05/22/2026,20,2,HB_WEST,14.48,N
05/22/2026,20,3,HB_WEST,7.76,N
05/22/2026,20,4,HB_WEST,13.35,N
05/22/2026,21,1,HB_WEST,41.78,N
05/22/2026,21,2,HB_WEST,254.45,N
05/22/2026,21,3,HB_WEST,13.25,N
05/22/2026,21,4,HB_WEST,5.71,N
05/22/2026,22,1,HB_WEST,20.39,N
05/22/2026,22,2,HB_WEST,9.77,N
05/22/2026,22,3,HB_WEST,18.52,N
05/22/2026,22,4,HB_WEST,3.79,N
05/22/2026,23,1,HB_WEST,27.44,N
05/22/2026,23,2,HB_WEST,32.28,N
05/22/2026,23,3,HB_WEST,19.43,N
05/22/2026,23,4,HB_WEST,21.42,N
05/22/2026,24,1,HB_WEST,24.81,N
05/22/2026,24,2,HB_WEST,27.56,N
05/22/2026,24,3,HB_WEST,25.81,N
05/22/2026,24,4,HB_WEST,32.26,N
05/23/2026,1,1,HB_WEST,39.86,N
05/23/2026,1,2,HB_WEST,23.49,N
05/23/2026,1,3,HB_WEST,27.53,N
05/23/2026,1,4,HB_WEST,37.21,N
05/23/2026,2,1,HB_WEST,22.51,N
05/23/2026,2,2,HB_WEST,18.12,N
05/23/2026,2,3,HB_WEST,35.69,N
05/23/2026,2,4,HB_WEST,37.85,N
05/23/2026,3,1,HB_WEST,31.72,N
05/23/2026,3,2,HB_WEST,32.87,N
05/23/2026,3,3,HB_WEST,-13.58,N
05/23/2026,3,4,HB_WEST,30.56,N
05/23/2026,4,1,HB_WEST,46.15,N
05/23/2026,4,2,HB_WEST,-13.84,N
05/23/2026,4,3,HB_WEST,-6.52,N
05/23/2026,4,4,HB_WEST,33.36,N
05/23/2026,5,1,HB_WEST,31.35,N
05/23/2026,5,2,HB_WEST,49.95,N
05/23/2026,5,3,HB_WEST,38.83,N
05/23/2026,5,4,HB_WEST,44.5,N
05/23/2026,6,1,HB_WEST,32.42,N
05/23/2026,6,2,HB_WEST,38.55,N
05/23/2026,6,3,HB_WEST,50.54,N
05/23/2026,6,4,HB_WEST,65.19,N
05/23/2026,7,1,HB_WEST,29.19,N
05/23/2026,7,2,HB_WEST,43.39,N
05/23/2026,7,3,HB_WEST,48.3,N
05/23/2026,7,4,HB_WEST,40.07,N
05/23/2026,8,1,HB_WEST,51.29,N
05/23/2026,8,2,HB_WEST,37.56,N
05/23/2026,8,3,HB_WEST,45.72,N
05/23/2026,8,4,HB_WEST,-4.69,N
05/23/2026,9,1,HB_WEST,52.75,N
05/23/2026,9,2,HB_WEST,37.58,N
05/23/2026,9,3,HB_WEST,40.18,N
05/23/2026,9,4,HB_WEST,50.56,N
05/23/2026,10,1,HB_WEST,32.38,N
05/23/2026,10,2,HB_WEST,41.16,N
05/23/2026,10,3,HB_WEST,26.03,N
05/23/2026,10,4,HB_WEST,31.9,N
05/23/2026,11,1,HB_WEST,40.56,N
05/23/2026,11,2,HB_WEST,29.57,N
05/23/2026,11,3,HB_WEST,33.14,N
05/23/2026,11,4,HB_WEST,41.44,N
05/23/2026,12,1,HB_WEST,29.25,N
05/23/2026,12,2,HB_WEST,40.47,N
05/23/2026,12,3,HB_WEST,-9.39,N
05/23/2026,12,4,HB_WEST,37.37,N
05/23/2026,13,1,HB_WEST,39.93,N
05/23/2026,13,2,HB_WEST,32.56,N
05/23/2026,13,3,HB_WEST,42.31,N
05/23/2026,13,4,HB_WEST,37.29,N
05/23/2026,14,1,HB_WEST,21.93,N
05/23/2026,14,2,HB_WEST,36.46,N
05/23/2026,14,3,HB_WEST,28.23,N
05/23/2026,14,4,HB_WEST,22.96,N
05/23/2026,15,1,HB_WEST,24.73,N
05/23/2026,15,2,HB_WEST,31.4,N
05/23/2026,15,3,HB_WEST,26.14,N
05/23/2026,15,4,HB_WEST,287.08,N
05/23/2026,16,1,HB_WEST,28.09,N
05/23/2026,16,2,HB_WEST,23.58,N
05/23/2026,16,3,HB_WEST,11.18,N
05/23/2026,16,4,HB_WEST,17.96,N
05/23/2026,17,1,HB_WEST,17.58,N
05/23/2026,17,2,HB_WEST,22.58,N
05/23/2026,17,3,HB_WEST,22.11,N
05/23/2026,17,4,HB_WEST,18.37,N
05/23/2026,18,1,HB_WEST,16.47,N
05/23/2026,18,2,HB_WEST,-23.73,N
05/23/2026,18,3,HB_WEST,8.64,N
05/23/2026,18,4,HB_WEST,29.08,N
05/23/2026,19,1,HB_WEST,-1.38,N
05/23/2026,19,2,HB_WEST,26.64,N
05/23/2026,19,3,HB_WEST,14.64,N
05/23/2026,19,4,HB_WEST,23.02,N
05/23/2026,20,1,HB_WEST,18.42,N
05/23/2026,20,2,HB_WEST,18.28,N
05/23/2026,20,3,HB_WEST,19.95,N
05/23/2026,20,4,HB_WEST,21.98,N
05/23/2026,21,1,HB_WEST,14.38,N
05/23/2026,21,2,HB_WEST,25.29,N
05/23/2026,21,3,HB_WEST,8.33,N
05/23/2026,21,4,HB_WEST,16.97,N
05/23/2026,22,1,HB_WEST,26.08,N
05/23/2026,22,2,HB_WEST,27.35,N
05/23/2026,22,3,HB_WEST,23.08,N
05/23/2026,22,4,HB_WEST,16.25,N
05/23/2026,23,1,HB_WEST,29.67,N
05/23/2026,23,2,HB_WEST,17.15,N
05/23/2026,23,3,HB_WEST,36.51,N
05/23/2026,23,4,HB_WEST,21.82,N
05/23/2026,24,1,HB_WEST,13.8,N
05/23/2026,24,2,HB_WEST,16.56,N
05/23/2026,24,3,HB_WEST,26.47,N
05/23/2026,24,4,HB_WEST,27.24,N
05/24/2026,1,1,HB_WEST,45.76,N
05/24/2026,1,2,HB_WEST,21.69,N
05/24/2026,1,3,HB_WEST,30.32,N
05/24/2026,1,4,HB_WEST,21.52,N
05/24/2026,2,1,HB_WEST,29.94,N
05/24/2026,2,2,HB_WEST,2.35,N
05/24/2026,2,3,HB_WEST,24.79,N
05/24/2026,2,4,HB_WEST,38.58,N
05/24/2026,3,1,HB_WEST,40.64,N
05/24/2026,3,2,HB_WEST,37.31,N
05/24/2026,3,3,HB_WEST,41.66,N
05/24/2026,3,4,HB_WEST,28.22,N
05/24/2026,4,1,HB_WEST,53.86,N
05/24/2026,4,2,HB_WEST,56.01,N
05/24/2026,4,3,HB_WEST,40.98,N
05/24/2026,4,4,HB_WEST,59.99,N
05/24/2026,5,1,HB_WEST,39.8,N
05/24/2026,5,2,HB_WEST,46.19,N
05/24/2026,5,3,HB_WEST,54.45,N
05/24/2026,5,4,HB_WEST,-5.68,N
05/24/2026,6,1,HB_WEST,33.44,N
05/24/2026,6,2,HB_WEST,31.6,N
05/24/2026,6,3,HB_WEST,60.98,N
05/24/2026,6,4,HB_WEST,40.26,N
05/24/2026,7,1,HB_WEST,43.51,N
05/24/2026,7,2,HB_WEST,36.1,N
05/24/2026,7,3,HB_WEST,52.59,N
05/24/2026,7,4,HB_WEST,38.75,N
05/24/2026,8,1,HB_WEST,40.56,N
05/24/2026,8,2,HB_WEST,46.89,N
05/24/2026,8,3,HB_WEST,35.98,N
05/24/2026,8,4,HB_WEST,43.06,N
05/24/2026,9,1,HB_WEST,54.21,N
05/24/2026,9,2,HB_WEST,46.42,N
05/24/2026,9,3,HB_WEST,44.03,N
05/24/2026,9,4,HB_WEST,44.71,N
05/24/2026,10,1,HB_WEST,37.49,N
05/24/2026,10,2,HB_WEST,56.58,N
05/24/2026,10,3,HB_WEST,34.11,N
05/24/2026,10,4,HB_WEST,42.29,N
05/24/2026,11,1,HB_WEST,38.42,N
05/24/2026,11,2,HB_WEST,45.57,N
05/24/2026,11,3,HB_WEST,46.33,N
05/24/2026,11,4,HB_WEST,37.24,N
05/24/2026,12,1,HB_WEST,36.21,N
05/24/2026,12,2,HB_WEST,36.51,N
05/24/2026,12,3,HB_WEST,15.71,N
05/24/2026,12,4,HB_WEST,21.17,N
05/24/2026,13,1,HB_WEST,25.16,N
05/24/2026,13,2,HB_WEST,25.51,N
05/24/2026,13,3,HB_WEST,20.41,N
05/24/2026,13,4,HB_WEST,36.0,N
05/24/2026,14,1,HB_WEST,26.13,N
05/24/2026,14,2,HB_WEST,24.4,N
05/24/2026,14,3,HB_WEST,16.07,N
05/24/2026,14,4,HB_WEST,25.76,N
05/24/2026,15,1,HB_WEST,1.49,N
05/24/2026,15,2,HB_WEST,21.2,N
05/24/2026,15,3,HB_WEST,23.01,N
05/24/2026,15,4,HB_WEST,24.44,N
05/24/2026,16,1,HB_WEST,6.88,N
05/24/2026,16,2,HB_WEST,21.19,N
05/24/2026,16,3,HB_WEST,11.06,N
05/24/2026,16,4,HB_WEST,12.89,N
05/24/2026,17,1,HB_WEST,22.75,N
05/24/2026,17,2,HB_WEST,33.12,N
05/24/2026,17,3,HB_WEST,17.42,N
05/24/2026,17,4,HB_WEST,10.47,N
05/24/2026,18,1,HB_WEST,17.02,N
05/24/2026,18,2,HB_WEST,23.02,N
05/24/2026,18,3,HB_WEST,-24.52,N
05/24/2026,18,4,HB_WEST,37.46,N
05/24/2026,19,1,HB_WEST,9.28,N
05/24/2026,19,2,HB_WEST,17.02,N
05/24/2026,19,3,HB_WEST,27.39,N
05/24/2026,19,4,HB_WEST,26.89,N
05/24/2026,20,1,HB_WEST,-0.09,N
05/24/2026,20,2,HB_WEST,15.48,N
05/24/2026,20,3,HB_WEST,27.39,N
05/24/2026,20,4,HB_WEST,38.64,N
05/24/2026,21,1,HB_WEST,22.64,N
05/24/2026,21,2,HB_WEST,14.07,N
05/24/2026,21,3,HB_WEST,8.94,N
05/24/2026,21,4,HB_WEST,34.76,N
05/24/2026,22,1,HB_WEST,25.22,N
05/24/2026,22,2,HB_WEST,12.61,N
05/24/2026,22,3,HB_WEST,17.77,N
05/24/2026,22,4,HB_WEST,21.87,N
05/24/2026,23,1,HB_WEST,26.85,N
05/24/2026,23,2,HB_WEST,15.3,N
05/24/2026,23,3,HB_WEST,17.59,N
05/24/2026,23,4,HB_WEST,9.28,N
05/24/2026,24,1,HB_WEST,34.44,N
05/24/2026,24,2,HB_WEST,1223.38,N
05/24/2026,24,3,HB_WEST,29.85,N
05/24/2026,24,4,HB_WEST,37.5,N
05/25/2026,1,1,HB_WEST,31.76,N
05/25/2026,1,2,HB_WEST,29.1,N
05/25/2026,1,3,HB_WEST,31.55,N
05/25/2026,1,4,HB_WEST,30.51,N
05/25/2026,2,1,HB_WEST,43.85,N
05/25/2026,2,2,HB_WEST,36.37,N
05/25/2026,2,3,HB_WEST,29.53,N
05/25/2026,2,4,HB_WEST,-2.73,N
05/25/2026,3,1,HB_WEST,47.34,N
05/25/2026,3,2,HB_WEST,26.79,N
05/25/2026,3,3,HB_WEST,49.76,N
05/25/2026,3,4,HB_WEST,40.42,N
05/25/2026,4,1,HB_WEST,42.87,N
05/25/2026,4,2,HB_WEST,48.66,N
05/25/2026,4,3,HB_WEST,36.07,N
05/25/2026,4,4,HB_WEST,48.24,N
05/25/2026,5,1,HB_WEST,39.98,N
05/25/2026,5,2,HB_WEST,31.19,N
05/25/2026,5,3,HB_WEST,35.01,N
05/25/2026,5,4,HB_WEST,47.53,N
05/25/2026,6,1,HB_WEST,36.93,N
05/25/2026,6,2,HB_WEST,57.37,N
05/25/2026,6,3,HB_WEST,54.0,N
05/25/2026,6,4,HB_WEST,55.16,N
05/25/2026,7,1,HB_WEST,46.0,N
05/25/2026,7,2,HB_WEST,47.06,N
05/25/2026,7,3,HB_WEST,35.45,N
05/25/2026,7,4,HB_WEST,52.97,N
05/25/2026,8,1,HB_WEST,47.53,N
05/25/2026,8,2,HB_WEST,49.03,N
05/25/2026,8,3,HB_WEST,58.0,N
05/25/2026,8,4,HB_WEST,39.64,N
05/25/2026,9,1,HB_WEST,41.98,N
05/25/2026,9,2,HB_WEST,45.6,N
05/25/2026,9,3,HB_WEST,35.51,N
05/25/2026,9,4,HB_WEST,41.49,N
05/25/2026,10,1,HB_WEST,44.55,N
05/25/2026,10,2,HB_WEST,38.0,N
05/25/2026,10,3,HB_WEST,51.08,N
05/25/2026,10,4,HB_WEST,28.52,N
05/25/2026,11,1,HB_WEST,46.48,N
05/25/2026,11,2,HB_WEST,42.79,N
05/25/2026,11,3,HB_WEST,32.95,N
05/25/2026,11,4,HB_WEST,30.1,N
05/25/2026,12,1,HB_WEST,17.24,N
05/25/2026,12,2,HB_WEST,27.52,N
05/25/2026,12,3,HB_WEST,42.26,N
05/25/2026,12,4,HB_WEST,-11.57,N
05/25/2026,13,1,HB_WEST,39.3,N
05/25/2026,13,2,HB_WEST,25.04,N
05/25/2026,13,3,HB_WEST,35.66,N
05/25/2026,13,4,HB_WEST,24.26,N
05/25/2026,14,1,HB_WEST,18.39,N
05/25/2026,14,2,HB_WEST,275.26,N
05/25/2026,14,3,HB_WEST,20.8,N
05/25/2026,14,4,HB_WEST,13.78,N
05/25/2026,15,1,HB_WEST,21.04,N
05/25/2026,15,2,HB_WEST,23.35,N
05/25/2026,15,3,HB_WEST,32.65,N
05/25/2026,15,4,HB_WEST,29.99,N
05/25/2026,16,1,HB_WEST,29.15,N
05/25/2026,16,2,HB_WEST,25.16,N
05/25/2026,16,3,HB_WEST,22.05,N
05/25/2026,16,4,HB_WEST,9.56,N
05/25/2026,17,1,HB_WEST,18.21,N
05/25/2026,17,2,HB_WEST,21.78,N
05/25/2026,17,3,HB_WEST,28.67,N
05/25/2026,17,4,HB_WEST,22.5,N
05/25/2026,18,1,HB_WEST,25.43,N
05/25/2026,18,2,HB_WEST,7.26,N
05/25/2026,18,3,HB_WEST,12.9,N
05/25/2026,18,4,HB_WEST,18.95,N
05/25/2026,19,1,HB_WEST,24.29,N
05/25/2026,19,2,HB_WEST,13.84,N
05/25/2026,19,3,HB_WEST,264.34,N
05/25/2026,19,4,HB_WEST,20.5,N
05/25/2026,20,1,HB_WEST,6.5,N
05/25/2026,20,2,HB_WEST,28.37,N
05/25/2026,20,3,HB_WEST,8.48,N
05/25/2026,20,4,HB_WEST,0.16,N
05/25/2026,21,1,HB_WEST,17.09,N
05/25/2026,21,2,HB_WEST,30.6,N
05/25/2026,21,3,HB_WEST,21.7,N
05/25/2026,21,4,HB_WEST,23.02,N
05/25/2026,22,1,HB_WEST,19.72,N
05/25/2026,22,2,HB_WEST,18.17,N
05/25/2026,22,3,HB_WEST,7.03,N
05/25/2026,22,4,HB_WEST,1.32,N
05/25/2026,23,1,HB_WEST,24.07,N
05/25/2026,23,2,HB_WEST,33.0,N
05/25/2026,23,3,HB_WEST,25.25,N
05/25/2026,23,4,HB_WEST,27.49,N
05/25/2026,24,1,HB_WEST,38.79,N
05/25/2026,24,2,HB_WEST,28.75,N
05/25/2026,24,3,HB_WEST,25.14,N
05/25/2026,24,4,HB_WEST,19.57,N
05/26/2026,1,1,HB_WEST,46.18,N
05/26/2026,1,2,HB_WEST,34.21,N
05/26/2026,1,3,HB_WEST,22.45,N
05/26/2026,1,4,HB_WEST,20.63,N
05/26/2026,2,1,HB_WEST,43.91,N
05/26/2026,2,2,HB_WEST,25.58,N
05/26/2026,2,3,HB_WEST,48.71,N
05/26/2026,2,4,HB_WEST,11.83,N
05/26/2026,3,1,HB_WEST,48.88,N
05/26/2026,3,2,HB_WEST,41.4,N
05/26/2026,3,3,HB_WEST,38.45,N
05/26/2026,3,4,HB_WEST,36.1,N
05/26/2026,4,1,HB_WEST,55.73,N
05/26/2026,4,2,HB_WEST,1.26,N
05/26/2026,4,3,HB_WEST,33.38,N
05/26/2026,4,4,HB_WEST,26.86,N
05/26/2026,5,1,HB_WEST,44.41,N
05/26/2026,5,2,HB_WEST,42.98,N
05/26/2026,5,3,HB_WEST,30.83,N
05/26/2026,5,4,HB_WEST,42.55,N
05/26/2026,6,1,HB_WEST,-5.1,N
05/26/2026,6,2,HB_WEST,44.56,N
05/26/2026,6,3,HB_WEST,50.3,N
05/26/2026,6,4,HB_WEST,56.43,N
05/26/2026,7,1,HB_WEST,52.27,N
05/26/2026,7,2,HB_WEST,39.23,N
05/26/2026,7,3,HB_WEST,47.95,N
05/26/2026,7,4,HB_WEST,45.5,N
05/26/2026,8,1,HB_WEST,33.83,N
05/26/2026,8,2,HB_WEST,47.67,N
05/26/2026,8,3,HB_WEST,59.34,N
05/26/2026,8,4,HB_WEST,44.75,N
05/26/2026,9,1,HB_WEST,30.24,N
05/26/2026,9,2,HB_WEST,43.23,N
05/26/2026,9,3,HB_WEST,33.28,N
05/26/2026,9,4,HB_WEST,49.9,N
05/26/2026,10,1,HB_WEST,44.81,N
05/26/2026,10,2,HB_WEST,39.24,N
05/26/2026,10,3,HB_WEST,37.96,N
05/26/2026,10,4,HB_WEST,38.91,N
05/26/2026,11,1,HB_WEST,37.57,N
05/26/2026,11,2,HB_WEST,31.32,N
05/26/2026,11,3,HB_WEST,26.4,N
05/26/2026,11,4,HB_WEST,1.61,N
05/26/2026,12,1,HB_WEST,-14.2,N
05/26/2026,12,2,HB_WEST,285.22,N
05/26/2026,12,3,HB_WEST,36.16,N
05/26/2026,12,4,HB_WEST,36.46,N
05/26/2026,13,1,HB_WEST,20.61,N
05/26/2026,13,2,HB_WEST,16.59,N
05/26/2026,13,3,HB_WEST,25.29,N
05/26/2026,13,4,HB_WEST,33.17,N
05/26/2026,14,1,HB_WEST,20.29,N
05/26/2026,14,2,HB_WEST,23.28,N
05/26/2026,14,3,HB_WEST,43.14,N
05/26/2026,14,4,HB_WEST,11.35,N
05/26/2026,15,1,HB_WEST,16.46,N
05/26/2026,15,2,HB_WEST,37.67,N
05/26/2026,15,3,HB_WEST,22.14,N
05/26/2026,15,4,HB_WEST,16.85,N
05/26/2026,16,1,HB_WEST,28.74,N
05/26/2026,16,2,HB_WEST,19.84,N
05/26/2026,16,3,HB_WEST,16.61,N
05/26/2026,16,4,HB_WEST,-24.07,N
05/26/2026,17,1,HB_WEST,11.74,N
05/26/2026,17,2,HB_WEST,8.87,N
05/26/2026,17,3,HB_WEST,16.1,N
05/26/2026,17,4,HB_WEST,8.92,N
05/26/2026,18,1,HB_WEST,15.6,N
05/26/2026,18,2,HB_WEST,18.35,N
05/26/2026,18,3,HB_WEST,22.34,N
05/26/2026,18,4,HB_WEST,24.53,N
05/26/2026,19,1,HB_WEST,11.75,N
05/26/2026,19,2,HB_WEST,19.0,N
05/26/2026,19,3,HB_WEST,18.94,N
05/26/2026,19,4,HB_WEST,17.62,N
05/26/2026,20,1,HB_WEST,11.68,N
05/26/2026,20,2,HB_WEST,7.29,N
05/26/2026,20,3,HB_WEST,19.53,N
05/26/2026,20,4,HB_WEST,1.86,N
05/26/2026,21,1,HB_WEST,14.87,N
05/26/2026,21,2,HB_WEST,-3.42,N
05/26/2026,21,3,HB_WEST,6.32,N
05/26/2026,21,4,HB_WEST,9.99,N
05/26/2026,22,1,HB_WEST,28.17,N
05/26/2026,22,2,HB_WEST,24.9,N
05/26/2026,22,3,HB_WEST,14.96,N
05/26/2026,22,4,HB_WEST,25.23,N
05/26/2026,23,1,HB_WEST,29.6,N
05/26/2026,23,2,HB_WEST,21.21,N
05/26/2026,23,3,HB_WEST,11.42,N
05/26/2026,23,4,HB_WEST,20.84,N
05/26/2026,24,1,HB_WEST,25.33,N
05/26/2026,24,2,HB_WEST,16.26,N
05/26/2026,24,3,HB_WEST,29.05,N
05/26/2026,24,4,HB_WEST,28.36,N
05/27/2026,1,1,HB_WEST,33.56,N
05/27/2026,1,2,HB_WEST,32.23,N
05/27/2026,1,3,HB_WEST,-9.16,N
05/27/2026,1,4,HB_WEST,28.57,N
05/27/2026,2,1,HB_WEST,35.5,N
05/27/2026,2,2,HB_WEST,30.7,N
05/27/2026,2,3,HB_WEST,29.21,N
05/27/2026,2,4,HB_WEST,44.59,N
05/27/2026,3,1,HB_WEST,21.15,N
05/27/2026,3,2,HB_WEST,44.51,N
05/27/2026,3,3,HB_WEST,32.54,N
05/27/2026,3,4,HB_WEST,31.5,N
05/27/2026,4,1,HB_WEST,42.7,N
05/27/2026,4,2,HB_WEST,28.69,N
05/27/2026,4,3,HB_WEST,34.08,N
05/27/2026,4,4,HB_WEST,33.81,N
05/27/2026,5,1,HB_WEST,41.22,N
05/27/2026,5,2,HB_WEST,36.56,N
05/27/2026,5,3,HB_WEST,55.8,N
05/27/2026,5,4,HB_WEST,57.37,N
05/27/2026,6,1,HB_WEST,28.31,N
05/27/2026,6,2,HB_WEST,48.84,N
05/27/2026,6,3,HB_WEST,51.36,N
05/27/2026,6,4,HB_WEST,48.83,N
05/27/2026,7,1,HB_WEST,39.74,N
05/27/2026,7,2,HB_WEST,43.05,N
05/27/2026,7,3,HB_WEST,39.01,N
05/27/2026,7,4,HB_WEST,41.64,N
05/27/2026,8,1,HB_WEST,34.81,N
05/27/2026,8,2,HB_WEST,43.57,N
05/27/2026,8,3,HB_WEST,32.47,N
05/27/2026,8,4,HB_WEST,42.89,N
05/27/2026,9,1,HB_WEST,283.0,N
05/27/2026,9,2,HB_WEST,44.64,N
05/27/2026,9,3,HB_WEST,37.56,N
05/27/2026,9,4,HB_WEST,45.32,N
05/27/2026,10,1,HB_WEST,49.26,N
05/27/2026,10,2,HB_WEST,53.32,N
05/27/2026,10,3,HB_WEST,20.38,N
05/27/2026,10,4,HB_WEST,33.93,N
05/27/2026,11,1,HB_WEST,35.08,N
05/27/2026,11,2,HB_WEST,41.18,N
05/27/2026,11,3,HB_WEST,24.3,N
05/27/2026,11,4,HB_WEST,29.64,N
05/27/2026,12,1,HB_WEST,34.93,N
05/27/2026,12,2,HB_WEST,34.56,N
05/27/2026,12,3,HB_WEST,36.9,N
05/27/2026,12,4,HB_WEST,-7.57,N
05/27/2026,13,1,HB_WEST,32.71,N
05/27/2026,13,2,HB_WEST,31.55,N
05/27/2026,13,3,HB_WEST,30.45,N
05/27/2026,13,4,HB_WEST,35.32,N
05/27/2026,14,1,HB_WEST,8.2,N
05/27/2026,14,2,HB_WEST,38.47,N
05/27/2026,14,3,HB_WEST,8.48,N
05/27/2026,14,4,HB_WEST,17.48,N
05/27/2026,15,1,HB_WEST,20.69,N
05/27/2026,15,2,HB_WEST,27.88,N
05/27/2026,15,3,HB_WEST,-46.46,N
05/27/2026,15,4,HB_WEST,-22.72,N
05/27/2026,16,1,HB_WEST,25.73,N
05/27/2026,16,2,HB_WEST,27.35,N
05/27/2026,16,3,HB_WEST,13.81,N
05/27/2026,16,4,HB_WEST,16.99,N
05/27/2026,17,1,HB_WEST,12.08,N
05/27/2026,17,2,HB_WEST,13.87,N
05/27/2026,17,3,HB_WEST,8.76,N
05/27/2026,17,4,HB_WEST,9.9,N
05/27/2026,18,1,HB_WEST,18.99,N
05/27/2026,18,2,HB_WEST,16.56,N
05/27/2026,18,3,HB_WEST,19.44,N
05/27/2026,18,4,HB_WEST,17.22,N
05/27/2026,19,1,HB_WEST,20.63,N
05/27/2026,19,2,HB_WEST,22.03,N
05/27/2026,19,3,HB_WEST,1.07,N
05/27/2026,19,4,HB_WEST,8.17,N
05/27/2026,20,1,HB_WEST,13.66,N
05/27/2026,20,2,HB_WEST,15.33,N
05/27/2026,20,3,HB_WEST,10.15,N
05/27/2026,20,4,HB_WEST,22.81,N
05/27/2026,21,1,HB_WEST,32.85,N
05/27/2026,21,2,HB_WEST,18.5,N
05/27/2026,21,3,HB_WEST,17.68,N
05/27/2026,21,4,HB_WEST,23.81,N
05/27/2026,22,1,HB_WEST,4.47,N
05/27/2026,22,2,HB_WEST,19.62,N
05/27/2026,22,3,HB_WEST,27.23,N
05/27/2026,22,4,HB_WEST,14.25,N
05/27/2026,23,1,HB_WEST,12.69,N
05/27/2026,23,2,HB_WEST,21.01,N
05/27/2026,23,3,HB_WEST,22.01,N
05/27/2026,23,4,HB_WEST,15.23,N
05/27/2026,24,1,HB_WEST,42.89,N
05/27/2026,24,2,HB_WEST,22.29,N
05/27/2026,24,3,HB_WEST,16.89,N
05/27/2026,24,4,HB_WEST,25.37,N
05/28/2026,1,1,HB_WEST,37.26,N
05/28/2026,1,2,HB_WEST,30.14,N
05/28/2026,1,3,HB_WEST,33.88,N
05/28/2026,1,4,HB_WEST,23.03,N
05/28/2026,2,1,HB_WEST,45.78,N
05/28/2026,2,2,HB_WEST,38.38,N
05/28/2026,2,3,HB_WEST,42.26,N
05/28/2026,2,4,HB_WEST,36.8,N
05/28/2026,3,1,HB_WEST,44.1,N
05/28/2026,3,2,HB_WEST,30.52,N
05/28/2026,3,3,HB_WEST,33.57,N
05/28/2026,3,4,HB_WEST,48.27,N
05/28/2026,4,1,HB_WEST,53.08,N
05/28/2026,4,2,HB_WEST,31.43,N
05/28/2026,4,3,HB_WEST,42.6,N
05/28/2026,4,4,HB_WEST,37.16,N
05/28/2026,5,1,HB_WEST,37.41,N
05/28/2026,5,2,HB_WEST,45.27,N
05/28/2026,5,3,HB_WEST,52.12,N
05/28/2026,5,4,HB_WEST,46.6,N
05/28/2026,6,1,HB_WEST,291.93,N
05/28/2026,6,2,HB_WEST,48.61,N
05/28/2026,6,3,HB_WEST,41.61,N
05/28/2026,6,4,HB_WEST,2.79,N
05/28/2026,7,1,HB_WEST,56.17,N
05/28/2026,7,2,HB_WEST,28.38,N
05/28/2026,7,3,HB_WEST,51.38,N
05/28/2026,7,4,HB_WEST,32.69,N
05/28/2026,8,1,HB_WEST,54.32,N
05/28/2026,8,2,HB_WEST,39.39,N
05/28/2026,8,3,HB_WEST,34.75,N
05/28/2026,8,4,HB_WEST,50.05,N
05/28/2026,9,1,HB_WEST,45.9,N
05/28/2026,9,2,HB_WEST,35.0,N
05/28/2026,9,3,HB_WEST,32.97,N
05/28/2026,9,4,HB_WEST,41.49,N
05/28/2026,10,1,HB_WEST,30.97,N
05/28/2026,10,2,HB_WEST,32.11,N
05/28/2026,10,3,HB_WEST,41.53,N
05/28/2026,10,4,HB_WEST,32.88,N
05/28/2026,11,1,HB_WEST,40.91,N
05/28/2026,11,2,HB_WEST,49.42,N
05/28/2026,11,3,HB_WEST,36.31,N
05/28/2026,11,4,HB_WEST,38.54,N
05/28/2026,12,1,HB_WEST,300.03,N
05/28/2026,12,2,HB_WEST,24.38,N
05/28/2026,12,3,HB_WEST,43.41,N
05/28/2026,12,4,HB_WEST,42.45,N
05/28/2026,13,1,HB_WEST,1236.83,N
05/28/2026,13,2,HB_WEST,40.33,N
05/28/2026,13,3,HB_WEST,32.24,N
05/28/2026,13,4,HB_WEST,25.34,N
05/28/2026,14,1,HB_WEST,34.87,N
05/28/2026,14,2,HB_WEST,35.18,N
05/28/2026,14,3,HB_WEST,34.96,N
05/28/2026,14,4,HB_WEST,26.47,N
05/28/2026,15,1,HB_WEST,16.77,N
05/28/2026,15,2,HB_WEST,24.03,N
05/28/2026,15,3,HB_WEST,30.04,N
05/28/2026,15,4,HB_WEST,280.69,N
05/28/2026,16,1,HB_WEST,-29.04,N
05/28/2026,16,2,HB_WEST,21.92,N
05/28/2026,16,3,HB_WEST,8.92,N
05/28/2026,16,4,HB_WEST,27.27,N
05/28/2026,17,1,HB_WEST,10.74,N
05/28/2026,17,2,HB_WEST,23.29,N
05/28/2026,17,3,HB_WEST,7.82,N
05/28/2026,17,4,HB_WEST,25.26,N
05/28/2026,18,1,HB_WEST,18.09,N
05/28/2026,18,2,HB_WEST,9.26,N
05/28/2026,18,3,HB_WEST,21.04,N
05/28/2026,18,4,HB_WEST,10.79,N
05/28/2026,19,1,HB_WEST,271.0,N
05/28/2026,19,2,HB_WEST,12.81,N
05/28/2026,19,3,HB_WEST,1.23,N
05/28/2026,19,4,HB_WEST,7.14,N
05/28/2026,20,1,HB_WEST,12.07,N
05/28/2026,20,2,HB_WEST,26.46,N
05/28/2026,20,3,HB_WEST,22.72,N
05/28/2026,20,4,HB_WEST,28.5,N
05/28/2026,21,1,HB_WEST,30.24,N
05/28/2026,21,2,HB_WEST,12.73,N
05/28/2026,21,3,HB_WEST,15.5,N
05/28/2026,21,4,HB_WEST,13.72,N
05/28/2026,22,1,HB_WEST,14.02,N
05/28/2026,22,2,HB_WEST,4.66,N
05/28/2026,22,3,HB_WEST,19.28,N
05/28/2026,22,4,HB_WEST,9.11,N
05/28/2026,23,1,HB_WEST,22.23,N
05/28/2026,23,2,HB_WEST,39.43,N
05/28/2026,23,3,HB_WEST,18.43,N
05/28/2026,23,4,HB_WEST,24.06,N
05/28/2026,24,1,HB_WEST,33.37,N
05/28/2026,24,2,HB_WEST,28.36,N
05/28/2026,24,3,HB_WEST,28.46,N
05/28/2026,24,4,HB_WEST,23.22,N
05/29/2026,1,1,HB_WEST,28.14,N
05/29/2026,1,2,HB_WEST,22.32,N
05/29/2026,1,3,HB_WEST,36.77,N
05/29/2026,1,4,HB_WEST,16.07,N
05/29/2026,2,1,HB_WEST,41.65,N
05/29/2026,2,2,HB_WEST,22.65,N
05/29/2026,2,3,HB_WEST,41.58,N
05/29/2026,2,4,HB_WEST,31.05,N
05/29/2026,3,1,HB_WEST,27.65,N
05/29/2026,3,2,HB_WEST,1242.13,N
05/29/2026,3,3,HB_WEST,44.93,N
05/29/2026,3,4,HB_WEST,34.0,N
05/29/2026,4,1,HB_WEST,46.37,N
05/29/2026,4,2,HB_WEST,22.33,N
05/29/2026,4,3,HB_WEST,30.04,N
05/29/2026,4,4,HB_WEST,50.95,N
05/29/2026,5,1,HB_WEST,41.2,N
05/29/2026,5,2,HB_WEST,28.09,N
05/29/2026,5,3,HB_WEST,37.4,N
05/29/2026,5,4,HB_WEST,35.6,N
05/29/2026,6,1,HB_WEST,43.16,N
05/29/2026,6,2,HB_WEST,41.52,N
05/29/2026,6,3,HB_WEST,295.92,N
05/29/2026,6,4,HB_WEST,43.93,N
05/29/2026,7,1,HB_WEST,55.88,N
05/29/2026,7,2,HB_WEST,3.4,N
05/29/2026,7,3,HB_WEST,48.66,N
05/29/2026,7,4,HB_WEST,54.32,N
05/29/2026,8,1,HB_WEST,41.38,N
05/29/2026,8,2,HB_WEST,34.39,N
05/29/2026,8,3,HB_WEST,54.14,N
05/29/2026,8,4,HB_WEST,45.58,N
05/29/2026,9,1,HB_WEST,44.11,N
05/29/2026,9,2,HB_WEST,37.92,N
05/29/2026,9,3,HB_WEST,38.06,N
05/29/2026,9,4,HB_WEST,49.76,N
05/29/2026,10,1,HB_WEST,48.48,N
05/29/2026,10,2,HB_WEST,46.88,N
05/29/2026,10,3,HB_WEST,46.95,N
05/29/2026,10,4,HB_WEST,45.16,N
05/29/2026,11,1,HB_WEST,38.55,N
05/29/2026,11,2,HB_WEST,36.1,N
05/29/2026,11,3,HB_WEST,47.18,N
05/29/2026,11,4,HB_WEST,34.51,N
05/29/2026,12,1,HB_WEST,-8.16,N
05/29/2026,12,2,HB_WEST,27.45,N
05/29/2026,12,3,HB_WEST,28.61,N
05/29/2026,12,4,HB_WEST,31.99,N
05/29/2026,13,1,HB_WEST,23.57,N
05/29/2026,13,2,HB_WEST,-8.62,N
05/29/2026,13,3,HB_WEST,19.22,N
05/29/2026,13,4,HB_WEST,30.79,N
05/29/2026,14,1,HB_WEST,27.18,N
05/29/2026,14,2,HB_WEST,11.63,N
05/29/2026,14,3,HB_WEST,22.59,N
05/29/2026,14,4,HB_WEST,28.16,N
05/29/2026,15,1,HB_WEST,25.93,N
05/29/2026,15,2,HB_WEST,20.87,N
05/29/2026,15,3,HB_WEST,27.92,N
05/29/2026,15,4,HB_WEST,21.63,N
05/29/2026,16,1,HB_WEST,19.5,N
05/29/2026,16,2,HB_WEST,21.41,N
05/29/2026,16,3,HB_WEST,26.81,N
05/29/2026,16,4,HB_WEST,13.99,N
05/29/2026,17,1,HB_WEST,13.12,N
05/29/2026,17,2,HB_WEST,11.66,N
05/29/2026,17,3,HB_WEST,14.35,N
05/29/2026,17,4,HB_WEST,28.42,N
05/29/2026,18,1,HB_WEST,-24.91,N
05/29/2026,18,2,HB_WEST,6.46,N
05/29/2026,18,3,HB_WEST,10.71,N
05/29/2026,18,4,HB_WEST,18.49,N
05/29/2026,19,1,HB_WEST,7.75,N
05/29/2026,19,2,HB_WEST,9.2,N
05/29/2026,19,3,HB_WEST,25.76,N
05/29/2026,19,4,HB_WEST,10.09,N
05/29/2026,20,1,HB_WEST,23.15,N
05/29/2026,20,2,HB_WEST,25.55,N
05/29/2026,20,3,HB_WEST,9.64,N
05/29/2026,20,4,HB_WEST,8.39,N
05/29/2026,21,1,HB_WEST,14.8,N
05/29/2026,21,2,HB_WEST,8.3,N
05/29/2026,21,3,HB_WEST,17.98,N
05/29/2026,21,4,HB_WEST,15.36,N
05/29/2026,22,1,HB_WEST,22.28,N
05/29/2026,22,2,HB_WEST,30.57,N
05/29/2026,22,3,HB_WEST,25.93,N
05/29/2026,22,4,HB_WEST,23.31,N
05/29/2026,23,1,HB_WEST,6.77,N
05/29/2026,23,2,HB_WEST,26.05,N
05/29/2026,23,3,HB_WEST,36.28,N
05/29/2026,23,4,HB_WEST,-1.58,N
05/29/2026,24,1,HB_WEST,31.63,N
05/29/2026,24,2,HB_WEST,24.84,N
05/29/2026,24,3,HB_WEST,19.32,N
05/29/2026,24,4,HB_WEST,32.53,N
05/30/2026,1,1,HB_WEST,43.68,N
05/30/2026,1,2,HB_WEST,36.2,N
05/30/2026,1,3,HB_WEST,27.03,N
05/30/2026,1,4,HB_WEST,22.45,N
05/30/2026,2,1,HB_WEST,35.04,N
05/30/2026,2,2,HB_WEST,-4.13,N
05/30/2026,2,3,HB_WEST,30.79,N
05/30/2026,2,4,HB_WEST,31.56,N
05/30/2026,3,1,HB_WEST,60.08,N
05/30/2026,3,2,HB_WEST,46.13,N
05/30/2026,3,3,HB_WEST,46.7,N
05/30/2026,3,4,HB_WEST,25.82,N
05/30/2026,4,1,HB_WEST,34.95,N
05/30/2026,4,2,HB_WEST,41.2,N
05/30/2026,4,3,HB_WEST,32.6,N
05/30/2026,4,4,HB_WEST,53.41,N
05/30/2026,5,1,HB_WEST,54.27,N
05/30/2026,5,2,HB_WEST,38.72,N
05/30/2026,5,3,HB_WEST,57.26,N
05/30/2026,5,4,HB_WEST,42.96,N
05/30/2026,6,1,HB_WEST,65.2,N
05/30/2026,6,2,HB_WEST,45.65,N
05/30/2026,6,3,HB_WEST,49.1,N
05/30/2026,6,4,HB_WEST,55.69,N
05/30/2026,7,1,HB_WEST,55.22,N
05/30/2026,7,2,HB_WEST,49.09,N
05/30/2026,7,3,HB_WEST,43.87,N
05/30/2026,7,4,HB_WEST,49.11,N
05/30/2026,8,1,HB_WEST,37.96,N
05/30/2026,8,2,HB_WEST,45.71,N
05/30/2026,8,3,HB_WEST,35.61,N
05/30/2026,8,4,HB_WEST,30.24,N
05/30/2026,9,1,HB_WEST,43.39,N
05/30/2026,9,2,HB_WEST,53.09,N
05/30/2026,9,3,HB_WEST,50.4,N
05/30/2026,9,4,HB_WEST,42.34,N
05/30/2026,10,1,HB_WEST,54.58,N
05/30/2026,10,2,HB_WEST,36.05,N
05/30/2026,10,3,HB_WEST,25.26,N
05/30/2026,10,4,HB_WEST,23.15,N
05/30/2026,11,1,HB_WEST,28.05,N
05/30/2026,11,2,HB_WEST,-0.97,N
05/30/2026,11,3,HB_WEST,32.42,N
05/30/2026,11,4,HB_WEST,41.19,N
05/30/2026,12,1,HB_WEST,47.05,N
05/30/2026,12,2,HB_WEST,25.08,N
05/30/2026,12,3,HB_WEST,37.71,N
05/30/2026,12,4,HB_WEST,38.19,N
05/30/2026,13,1,HB_WEST,23.11,N
05/30/2026,13,2,HB_WEST,40.83,N
05/30/2026,13,3,HB_WEST,27.7,N
05/30/2026,13,4,HB_WEST,26.93,N
05/30/2026,14,1,HB_WEST,43.01,N
05/30/2026,14,2,HB_WEST,30.3,N
05/30/2026,14,3,HB_WEST,33.52,N
05/30/2026,14,4,HB_WEST,36.96,N
05/30/2026,15,1,HB_WEST,17.3,N
05/30/2026,15,2,HB_WEST,32.5,N
05/30/2026,15,3,HB_WEST,18.48,N
05/30/2026,15,4,HB_WEST,18.14,N
05/30/2026,16,1,HB_WEST,17.22,N
05/30/2026,16,2,HB_WEST,14.42,N
05/30/2026,16,3,HB_WEST,25.97,N
05/30/2026,16,4,HB_WEST,21.53,N
05/30/2026,17,1,HB_WEST,13.08,N
05/30/2026,17,2,HB_WEST,22.41,N
05/30/2026,17,3,HB_WEST,14.81,N
05/30/2026,17,4,HB_WEST,14.39,N
05/30/2026,18,1,HB_WEST,15.9,N
05/30/2026,18,2,HB_WEST,19.22,N
05/30/2026,18,3,HB_WEST,18.63,N
05/30/2026,18,4,HB_WEST,12.61,N
05/30/2026,19,1,HB_WEST,21.78,N
05/30/2026,19,2,HB_WEST,13.22,N
05/30/2026,19,3,HB_WEST,9.76,N
05/30/2026,19,4,HB_WEST,3.26,N
05/30/2026,20,1,HB_WEST,23.38,N
05/30/2026,20,2,HB_WEST,15.61,N
05/30/2026,20,3,HB_WEST,17.2,N
05/30/2026,20,4,HB_WEST,23.88,N
05/30/2026,21,1,HB_WEST,13.19,N
05/30/2026,21,2,HB_WEST,6.01,N
05/30/2026,21,3,HB_WEST,17.57,N
05/30/2026,21,4,HB_WEST,19.47,N
05/30/2026,22,1,HB_WEST,17.29,N
05/30/2026,22,2,HB_WEST,31.18,N
05/30/2026,22,3,HB_WEST,-0.5,N
05/30/2026,22,4,HB_WEST,28.35,N
05/30/2026,23,1,HB_WEST,28.83,N
05/30/2026,23,2,HB_WEST,26.15,N
05/30/2026,23,3,HB_WEST,-4.19,N
05/30/2026,23,4,HB_WEST,32.77,N
05/30/2026,24,1,HB_WEST,17.91,N
05/30/2026,24,2,HB_WEST,-22.94,N
05/30/2026,24,3,HB_WEST,24.75,N
05/30/2026,24,4,HB_WEST,29.38,N
05/31/2026,1,1,HB_WEST,1235.12,N
05/31/2026,1,2,HB_WEST,37.14,N
05/31/2026,1,3,HB_WEST,36.53,N
05/31/2026,1,4,HB_WEST,32.02,N
05/31/2026,2,1,HB_WEST,37.21,N
05/31/2026,2,2,HB_WEST,25.16,N
05/31/2026,2,3,HB_WEST,27.87,N
05/31/2026,2,4,HB_WEST,41.05,N
05/31/2026,3,1,HB_WEST,44.2,N
05/31/2026,3,2,HB_WEST,43.29,N
05/31/2026,3,3,HB_WEST,33.38,N
05/31/2026,3,4,HB_WEST,-0.22,N
05/31/2026,4,1,HB_WEST,31.32,N
05/31/2026,4,2,HB_WEST,49.23,N
05/31/2026,4,3,HB_WEST,38.52,N
05/31/2026,4,4,HB_WEST,54.08,N
05/31/2026,5,1,HB_WEST,30.82,N
05/31/2026,5,2,HB_WEST,57.1,N
05/31/2026,5,3,HB_WEST,40.1,N
05/31/2026,5,4,HB_WEST,39.95,N
05/31/2026,6,1,HB_WEST,46.05,N
05/31/2026,6,2,HB_WEST,38.91,N
05/31/2026,6,3,HB_WEST,43.91,N
05/31/2026,6,4,HB_WEST,38.59,N
05/31/2026,7,1,HB_WEST,39.39,N
05/31/2026,7,2,HB_WEST,48.9,N
05/31/2026,7,3,HB_WEST,37.79,N
05/31/2026,7,4,HB_WEST,38.85,N
05/31/2026,8,1,HB_WEST,33.51,N
05/31/2026,8,2,HB_WEST,40.46,N
05/31/2026,8,3,HB_WEST,54.98,N
05/31/2026,8,4,HB_WEST,37.72,N
05/31/2026,9,1,HB_WEST,37.14,N
05/31/2026,9,2,HB_WEST,44.54,N
05/31/2026,9,3,HB_WEST,40.02,N
05/31/2026,9,4,HB_WEST,60.82,N
05/31/2026,10,1,HB_WEST,39.31,N
05/31/2026,10,2,HB_WEST,43.29,N
05/31/2026,10,3,HB_WEST,48.16,N
05/31/2026,10,4,HB_WEST,48.0,N
05/31/2026,11,1,HB_WEST,39.37,N
05/31/2026,11,2,HB_WEST,36.21,N
05/31/2026,11,3,HB_WEST,53.69,N
05/31/2026,11,4,HB_WEST,36.7,N
05/31/2026,12,1,HB_WEST,30.35,N
05/31/2026,12,2,HB_WEST,28.72,N
05/31/2026,12,3,HB_WEST,20.07,N
05/31/2026,12,4,HB_WEST,40.46,N
05/31/2026,13,1,HB_WEST,11.22,N
05/31/2026,13,2,HB_WEST,29.95,N
05/31/2026,13,3,HB_WEST,28.36,N
05/31/2026,13,4,HB_WEST,47.92,N
05/31/2026,14,1,HB_WEST,11.46,N
05/31/2026,14,2,HB_WEST,18.91,N
05/31/2026,14,3,HB_WEST,25.03,N
05/31/2026,14,4,HB_WEST,24.54,N
05/31/2026,15,1,HB_WEST,18.1,N
05/31/2026,15,2,HB_WEST,21.85,N
05/31/2026,15,3,HB_WEST,12.42,N
05/31/2026,15,4,HB_WEST,25.36,N
05/31/2026,16,1,HB_WEST,0.82,N
05/31/2026,16,2,HB_WEST,19.19,N
05/31/2026,16,3,HB_WEST,14.59,N
05/31/2026,16,4,HB_WEST,27.52,N
05/31/2026,17,1,HB_WEST,31.05,N
05/31/2026,17,2,HB_WEST,14.36,N
05/31/2026,17,3,HB_WEST,28.14,N
05/31/2026,17,4,HB_WEST,14.48,N
05/31/2026,18,1,HB_WEST,7.78,N
05/31/2026,18,2,HB_WEST,29.48,N
05/31/2026,18,3,HB_WEST,19.68,N
05/31/2026,18,4,HB_WEST,15.55,N
05/31/2026,19,1,HB_WEST,20.5,N
05/31/2026,19,2,HB_WEST,17.19,N
05/31/2026,19,3,HB_WEST,14.45,N
05/31/2026,19,4,HB_WEST,4.39,N
05/31/2026,20,1,HB_WEST,13.35,N
05/31/2026,20,2,HB_WEST,20.5,N
05/31/2026,20,3,HB_WEST,14.53,N
05/31/2026,20,4,HB_WEST,-22.27,N
05/31/2026,21,1,HB_WEST,20.08,N
05/31/2026,21,2,HB_WEST,9.98,N
05/31/2026,21,3,HB_WEST,6.46,N
05/31/2026,21,4,HB_WEST,15.75,N
05/31/2026,22,1,HB_WEST,15.2,N
05/31/2026,22,2,HB_WEST,22.08,N
05/31/2026,22,3,HB_WEST,13.65,N
05/31/2026,22,4,HB_WEST,14.47,N
05/31/2026,23,1,HB_WEST,30.92,N
05/31/2026,23,2,HB_WEST,23.69,N
05/31/2026,23,3,HB_WEST,16.88,N
05/31/2026,23,4,HB_WEST,22.64,N
05/31/2026,24,1,HB_WEST,37.15,N
05/31/2026,24,2,HB_WEST,28.47,N
05/31/2026,24,3,HB_WEST,30.86,N
05/31/2026,24,4,HB_WEST,20.1,N
05/01/2026,1,1,HB_HOUSTON,29.59,N
05/01/2026,1,2,HB_HOUSTON,26.56,N
05/01/2026,1,3,HB_HOUSTON,34.22,N
05/01/2026,1,4,HB_HOUSTON,30.81,N
05/01/2026,2,1,HB_HOUSTON,24.51,N
05/01/2026,2,2,HB_HOUSTON,35.91,N
05/01/2026,2,3,HB_HOUSTON,14.21,N
05/01/2026,2,4,HB_HOUSTON,37.19,N
05/01/2026,3,1,HB_HOUSTON,26.23,N
05/01/2026,3,2,HB_HOUSTON,36.73,N
05/01/2026,3,3,HB_HOUSTON,27.94,N
05/01/2026,3,4,HB_HOUSTON,37.52,N
05/01/2026,4,1,HB_HOUSTON,45.23,N
05/01/2026,4,2,HB_HOUSTON,52.63,N
05/01/2026,4,3,HB_HOUSTON,28.28,N
05/01/2026,4,4,HB_HOUSTON,48.41,N
05/01/2026,5,1,HB_HOUSTON,44.04,N
05/01/2026,5,2,HB_HOUSTON,39.39,N
05/01/2026,5,3,HB_HOUSTON,49.07,N
05/01/2026,5,4,HB_HOUSTON,41.1,N
05/01/2026,6,1,HB_HOUSTON,50.23,N
05/01/2026,6,2,HB_HOUSTON,36.55,N
05/01/2026,6,3,HB_HOUSTON,39.42,N
05/01/2026,6,4,HB_HOUSTON,52.04,N
05/01/2026,7,1,HB_HOUSTON,56.88,N
05/01/2026,7,2,HB_HOUSTON,44.72,N
05/01/2026,7,3,HB_HOUSTON,22.7,N
05/01/2026,7,4,HB_HOUSTON,43.41,N
05/01/2026,8,1,HB_HOUSTON,44.75,N
05/01/2026,8,2,HB_HOUSTON,42.63,N
05/01/2026,8,3,HB_HOUSTON,47.18,N
05/01/2026,8,4,HB_HOUSTON,40.67,N
05/01/2026,9,1,HB_HOUSTON,49.7,N
05/01/2026,9,2,HB_HOUSTON,33.66,N
05/01/2026,9,3,HB_HOUSTON,52.89,N
05/01/2026,9,4,HB_HOUSTON,55.39,N
05/01/2026,10,1,HB_HOUSTON,-11.7,N
05/01/2026,10,2,HB_HOUSTON,33.3,N
05/01/2026,10,3,HB_HOUSTON,43.89,N
05/01/2026,10,4,HB_HOUSTON,31.11,N
05/01/2026,11,1,HB_HOUSTON,33.56,N
05/01/2026,11,2,HB_HOUSTON,46.32,N
05/01/2026,11,3,HB_HOUSTON,43.4,N
05/01/2026,11,4,HB_HOUSTON,53.34,N
05/01/2026,12,1,HB_HOUSTON,35.25,N
05/01/2026,12,2,HB_HOUSTON,29.0,N
05/01/2026,12,3,HB_HOUSTON,34.29,N
05/01/2026,12,4,HB_HOUSTON,32.68,N
05/01/2026,13,1,HB_HOUSTON,28.91,N
05/01/2026,13,2,HB_HOUSTON,29.81,N
05/01/2026,13,3,HB_HOUSTON,22.55,N
05/01/2026,13,4,HB_HOUSTON,32.26,N
05/01/2026,14,1,HB_HOUSTON,14.85,N
05/01/2026,14,2,HB_HOUSTON,20.38,N
05/01/2026,14,3,HB_HOUSTON,25.17,N
05/01/2026,14,4,HB_HOUSTON,8.04,N
05/01/2026,15,1,HB_HOUSTON,28.65,N
05/01/2026,15,2,HB_HOUSTON,6.07,N
05/01/2026,15,3,HB_HOUSTON,27.86,N
05/01/2026,15,4,HB_HOUSTON,12.16,N
05/01/2026,16,1,HB_HOUSTON,16.15,N
05/01/2026,16,2,HB_HOUSTON,23.55,N
05/01/2026,16,3,HB_HOUSTON,36.98,N
05/01/2026,16,4,HB_HOUSTON,20.33,N
05/01/2026,17,1,HB_HOUSTON,1.15,N
05/01/2026,17,2,HB_HOUSTON,24.64,N
05/01/2026,17,3,HB_HOUSTON,15.15,N
05/01/2026,17,4,HB_HOUSTON,17.57,N
05/01/2026,18,1,HB_HOUSTON,19.97,N
05/01/2026,18,2,HB_HOUSTON,-2.29,N
05/01/2026,18,3,HB_HOUSTON,15.56,N
05/01/2026,18,4,HB_HOUSTON,12.23,N
05/01/2026,19,1,HB_HOUSTON,24.77,N
05/01/2026,19,2,HB_HOUSTON,20.82,N
05/01/2026,19,3,HB_HOUSTON,-43.02,N
05/01/2026,19,4,HB_HOUSTON,25.1,N
05/01/2026,20,1,HB_HOUSTON,19.11,N
05/01/2026,20,2,HB_HOUSTON,3.13,N
05/01/2026,20,3,HB_HOUSTON,15.96,N
05/01/2026,20,4,HB_HOUSTON,23.79,N
05/01/2026,21,1,HB_HOUSTON,7.3,N
05/01/2026,21,2,HB_HOUSTON,28.03,N
05/01/2026,21,3,HB_HOUSTON,4.91,N
05/01/2026,21,4,HB_HOUSTON,10.68,N
05/01/2026,22,1,HB_HOUSTON,11.85,N
05/01/2026,22,2,HB_HOUSTON,30.41,N
05/01/2026,22,3,HB_HOUSTON,15.47,N
05/01/2026,22,4,HB_HOUSTON,10.09,N
05/01/2026,23,1,HB_HOUSTON,26.06,N
05/01/2026,23,2,HB_HOUSTON,27.79,N
05/01/2026,23,3,HB_HOUSTON,27.84,N
05/01/2026,23,4,HB_HOUSTON,20.33,N
05/01/2026,24,1,HB_HOUSTON,28.15,N
05/01/2026,24,2,HB_HOUSTON,20.92,N
05/01/2026,24,3,HB_HOUSTON,39.52,N
05/01/2026,24,4,HB_HOUSTON,35.27,N
05/02/2026,1,1,HB_HOUSTON,38.66,N
05/02/2026,1,2,HB_HOUSTON,36.35,N
05/02/2026,1,3,HB_HOUSTON,34.16,N
05/02/2026,1,4,HB_HOUSTON,20.05,N
05/02/2026,2,1,HB_HOUSTON,38.95,N
05/02/2026,2,2,HB_HOUSTON,34.8,N
05/02/2026,2,3,HB_HOUSTON,43.99,N
05/02/2026,2,4,HB_HOUSTON,40.34,N
05/02/2026,3,1,HB_HOUSTON,41.9,N
05/02/2026,3,2,HB_HOUSTON,24.03,N
05/02/2026,3,3,HB_HOUSTON,36.79,N
05/02/2026,3,4,HB_HOUSTON,33.04,N
05/02/2026,4,1,HB_HOUSTON,42.63,N
05/02/2026,4,2,HB_HOUSTON,37.28,N
05/02/2026,4,3,HB_HOUSTON,288.4,N
05/02/2026,4,4,HB_HOUSTON,44.28,N
05/02/2026,5,1,HB_HOUSTON,39.53,N
05/02/2026,5,2,HB_HOUSTON,43.96,N
05/02/2026,5,3,HB_HOUSTON,30.84,N
05/02/2026,5,4,HB_HOUSTON,36.33,N
05/02/2026,6,1,HB_HOUSTON,49.74,N
05/02/2026,6,2,HB_HOUSTON,34.65,N
05/02/2026,6,3,HB_HOUSTON,54.45,N
05/02/2026,6,4,HB_HOUSTON,52.28,N
05/02/2026,7,1,HB_HOUSTON,42.85,N
05/02/2026,7,2,HB_HOUSTON,68.99,N
05/02/2026,7,3,HB_HOUSTON,54.94,N
05/02/2026,7,4,HB_HOUSTON,37.41,N
05/02/2026,8,1,HB_HOUSTON,50.46,N
05/02/2026,8,2,HB_HOUSTON,45.02,N
05/02/2026,8,3,HB_HOUSTON,38.28,N
05/02/2026,8,4,HB_HOUSTON,35.93,N
05/02/2026,9,1,HB_HOUSTON,50.95,N
05/02/2026,9,2,HB_HOUSTON,38.21,N
05/02/2026,9,3,HB_HOUSTON,42.18,N
05/02/2026,9,4,HB_HOUSTON,35.62,N
05/02/2026,10,1,HB_HOUSTON,34.62,N
05/02/2026,10,2,HB_HOUSTON,289.59,N
05/02/2026,10,3,HB_HOUSTON,43.71,N
05/02/2026,10,4,HB_HOUSTON,19.9,N
05/02/2026,11,1,HB_HOUSTON,37.64,N
05/02/2026,11,2,HB_HOUSTON,31.53,N
05/02/2026,11,3,HB_HOUSTON,48.72,N
05/02/2026,11,4,HB_HOUSTON,61.04,N
05/02/2026,12,1,HB_HOUSTON,31.01,N
05/02/2026,12,2,HB_HOUSTON,20.1,N
05/02/2026,12,3,HB_HOUSTON,34.82,N
05/02/2026,12,4,HB_HOUSTON,32.24,N
05/02/2026,13,1,HB_HOUSTON,45.77,N
05/02/2026,13,2,HB_HOUSTON,43.33,N
05/02/2026,13,3,HB_HOUSTON,-8.08,N
05/02/2026,13,4,HB_HOUSTON,25.31,N
05/02/2026,14,1,HB_HOUSTON,31.54,N
05/02/2026,14,2,HB_HOUSTON,28.24,N
05/02/2026,14,3,HB_HOUSTON,28.05,N
05/02/2026,14,4,HB_HOUSTON,13.65,N
05/02/2026,15,1,HB_HOUSTON,30.99,N
05/02/2026,15,2,HB_HOUSTON,23.36,N
05/02/2026,15,3,HB_HOUSTON,21.69,N
05/02/2026,15,4,HB_HOUSTON,17.7,N
05/02/2026,16,1,HB_HOUSTON,13.04,N
05/02/2026,16,2,HB_HOUSTON,21.93,N
05/02/2026,16,3,HB_HOUSTON,5.4,N
05/02/2026,16,4,HB_HOUSTON,25.71,N
05/02/2026,17,1,HB_HOUSTON,8.58,N
05/02/2026,17,2,HB_HOUSTON,0.54,N
05/02/2026,17,3,HB_HOUSTON,31.58,N
05/02/2026,17,4,HB_HOUSTON,10.14,N
05/02/2026,18,1,HB_HOUSTON,9.73,N
05/02/2026,18,2,HB_HOUSTON,24.59,N
05/02/2026,18,3,HB_HOUSTON,30.35,N
05/02/2026,18,4,HB_HOUSTON,3.25,N
05/02/2026,19,1,HB_HOUSTON,7.35,N
05/02/2026,19,2,HB_HOUSTON,7.94,N
05/02/2026,19,3,HB_HOUSTON,22.48,N
05/02/2026,19,4,HB_HOUSTON,28.11,N
05/02/2026,20,1,HB_HOUSTON,6.87,N
05/02/2026,20,2,HB_HOUSTON,26.83,N
05/02/2026,20,3,HB_HOUSTON,9.84,N
05/02/2026,20,4,HB_HOUSTON,18.2,N
05/02/2026,21,1,HB_HOUSTON,6.84,N
05/02/2026,21,2,HB_HOUSTON,16.03,N
05/02/2026,21,3,HB_HOUSTON,16.12,N
05/02/2026,21,4,HB_HOUSTON,14.49,N
05/02/2026,22,1,HB_HOUSTON,22.47,N
05/02/2026,22,2,HB_HOUSTON,11.34,N
05/02/2026,22,3,HB_HOUSTON,12.32,N
05/02/2026,22,4,HB_HOUSTON,22.9,N
05/02/2026,23,1,HB_HOUSTON,33.24,N
05/02/2026,23,2,HB_HOUSTON,22.32,N
05/02/2026,23,3,HB_HOUSTON,26.53,N
05/02/2026,23,4,HB_HOUSTON,28.56,N
05/02/2026,24,1,HB_HOUSTON,32.76,N
05/02/2026,24,2,HB_HOUSTON,18.49,N
05/02/2026,24,3,HB_HOUSTON,19.9,N
05/02/2026,24,4,HB_HOUSTON,20.6,N
05/03/2026,1,1,HB_HOUSTON,45.43,N
05/03/2026,1,2,HB_HOUSTON,34.07,N
05/03/2026,1,3,HB_HOUSTON,33.71,N
05/03/2026,1,4,HB_HOUSTON,32.93,N
05/03/2026,2,1,HB_HOUSTON,23.32,N
05/03/2026,2,2,HB_HOUSTON,49.39,N
05/03/2026,2,3,HB_HOUSTON,37.72,N
05/03/2026,2,4,HB_HOUSTON,39.67,N
05/03/2026,3,1,HB_HOUSTON,23.38,N
05/03/2026,3,2,HB_HOUSTON,43.74,N
05/03/2026,3,3,HB_HOUSTON,34.65,N
05/03/2026,3,4,HB_HOUSTON,26.92,N
05/03/2026,4,1,HB_HOUSTON,32.98,N
05/03/2026,4,2,HB_HOUSTON,280.49,N
05/03/2026,4,3,HB_HOUSTON,30.35,N
05/03/2026,4,4,HB_HOUSTON,41.09,N
05/03/2026,5,1,HB_HOUSTON,39.9,N
05/03/2026,5,2,HB_HOUSTON,45.66,N
05/03/2026,5,3,HB_HOUSTON,56.4,N
05/03/2026,5,4,HB_HOUSTON,41.95,N
05/03/2026,6,1,HB_HOUSTON,26.53,N
05/03/2026,6,2,HB_HOUSTON,42.55,N
05/03/2026,6,3,HB_HOUSTON,54.04,N
05/03/2026,6,4,HB_HOUSTON,293.8,N
05/03/2026,7,1,HB_HOUSTON,57.23,N
05/03/2026,7,2,HB_HOUSTON,48.62,N
05/03/2026,7,3,HB_HOUSTON,30.29,N
05/03/2026,7,4,HB_HOUSTON,45.88,N
05/03/2026,8,1,HB_HOUSTON,46.86,N
05/03/2026,8,2,HB_HOUSTON,53.13,N
05/03/2026,8,3,HB_HOUSTON,59.05,N
05/03/2026,8,4,HB_HOUSTON,51.75,N
05/03/2026,9,1,HB_HOUSTON,46.51,N
05/03/2026,9,2,HB_HOUSTON,48.4,N
05/03/2026,9,3,HB_HOUSTON,41.65,N
05/03/2026,9,4,HB_HOUSTON,31.29,N
05/03/2026,10,1,HB_HOUSTON,40.94,N
05/03/2026,10,2,HB_HOUSTON,293.53,N
05/03/2026,10,3,HB_HOUSTON,30.98,N
05/03/2026,10,4,HB_HOUSTON,51.22,N
05/03/2026,11,1,HB_HOUSTON,45.54,N
05/03/2026,11,2,HB_HOUSTON,26.53,N
05/03/2026,11,3,HB_HOUSTON,48.43,N
05/03/2026,11,4,HB_HOUSTON,35.03,N
05/03/2026,12,1,HB_HOUSTON,27.65,N
05/03/2026,12,2,HB_HOUSTON,42.52,N
05/03/2026,12,3,HB_HOUSTON,33.47,N
05/03/2026,12,4,HB_HOUSTON,49.08,N
05/03/2026,13,1,HB_HOUSTON,23.18,N
05/03/2026,13,2,HB_HOUSTON,16.15,N
05/03/2026,13,3,HB_HOUSTON,27.76,N
05/03/2026,13,4,HB_HOUSTON,36.31,N
05/03/2026,14,1,HB_HOUSTON,18.7,N
05/03/2026,14,2,HB_HOUSTON,15.48,N
05/03/2026,14,3,HB_HOUSTON,27.95,N
05/03/2026,14,4,HB_HOUSTON,14.41,N
05/03/2026,15,1,HB_HOUSTON,24.95,N
05/03/2026,15,2,HB_HOUSTON,19.78,N
05/03/2026,15,3,HB_HOUSTON,26.46,N
05/03/2026,15,4,HB_HOUSTON,11.43,N
05/03/2026,16,1,HB_HOUSTON,29.78,N
05/03/2026,16,2,HB_HOUSTON,17.93,N
05/03/2026,16,3,HB_HOUSTON,25.5,N
05/03/2026,16,4,HB_HOUSTON,27.07,N
05/03/2026,17,1,HB_HOUSTON,7.75,N
05/03/2026,17,2,HB_HOUSTON,24.07,N
05/03/2026,17,3,HB_HOUSTON,5.61,N
05/03/2026,17,4,HB_HOUSTON,6.05,N
05/03/2026,18,1,HB_HOUSTON,31.22,N
05/03/2026,18,2,HB_HOUSTON,24.41,N
05/03/2026,18,3,HB_HOUSTON,32.1,N
05/03/2026,18,4,HB_HOUSTON,12.55,N
05/03/2026,19,1,HB_HOUSTON,15.82,N
05/03/2026,19,2,HB_HOUSTON,19.22,N
05/03/2026,19,3,HB_HOUSTON,14.9,N
05/03/2026,19,4,HB_HOUSTON,9.03,N
05/03/2026,20,1,HB_HOUSTON,8.34,N
05/03/2026,20,2,HB_HOUSTON,17.22,N
05/03/2026,20,3,HB_HOUSTON,6.98,N
05/03/2026,20,4,HB_HOUSTON,6.75,N
05/03/2026,21,1,HB_HOUSTON,20.16,N
05/03/2026,21,2,HB_HOUSTON,16.25,N
05/03/2026,21,3,HB_HOUSTON,24.51,N
05/03/2026,21,4,HB_HOUSTON,13.61,N
05/03/2026,22,1,HB_HOUSTON,264.74,N
05/03/2026,22,2,HB_HOUSTON,22.78,N
05/03/2026,22,3,HB_HOUSTON,12.9,N
05/03/2026,22,4,HB_HOUSTON,14.13,N
05/03/2026,23,1,HB_HOUSTON,17.55,N
05/03/2026,23,2,HB_HOUSTON,20.82,N
05/03/2026,23,3,HB_HOUSTON,36.68,N
05/03/2026,23,4,HB_HOUSTON,11.49,N
05/03/2026,24,1,HB_HOUSTON,36.48,N
05/03/2026,24,2,HB_HOUSTON,32.02,N
05/03/2026,24,3,HB_HOUSTON,38.65,N
05/03/2026,24,4,HB_HOUSTON,51.21,N
05/04/2026,1,1,HB_HOUSTON,41.45,N
05/04/2026,1,2,HB_HOUSTON,37.41,N
05/04/2026,1,3,HB_HOUSTON,19.5,N
05/04/2026,1,4,HB_HOUSTON,20.51,N
05/04/2026,2,1,HB_HOUSTON,36.76,N
05/04/2026,2,2,HB_HOUSTON,20.3,N
05/04/2026,2,3,HB_HOUSTON,38.81,N
05/04/2026,2,4,HB_HOUSTON,16.8,N
05/04/2026,3,1,HB_HOUSTON,46.72,N
05/04/2026,3,2,HB_HOUSTON,34.93,N
05/04/2026,3,3,HB_HOUSTON,38.51,N
05/04/2026,3,4,HB_HOUSTON,31.51,N
05/04/2026,4,1,HB_HOUSTON,25.42,N
05/04/2026,4,2,HB_HOUSTON,300.48,N
05/04/2026,4,3,HB_HOUSTON,51.29,N
05/04/2026,4,4,HB_HOUSTON,37.79,N
05/04/2026,5,1,HB_HOUSTON,48.29,N
05/04/2026,5,2,HB_HOUSTON,39.86,N
05/04/2026,5,3,HB_HOUSTON,45.3,N
05/04/2026,5,4,HB_HOUSTON,49.06,N
05/04/2026,6,1,HB_HOUSTON,48.93,N
05/04/2026,6,2,HB_HOUSTON,55.22,N
05/04/2026,6,3,HB_HOUSTON,48.64,N
05/04/2026,6,4,HB_HOUSTON,44.71,N
05/04/2026,7,1,HB_HOUSTON,38.91,N
05/04/2026,7,2,HB_HOUSTON,41.17,N
05/04/2026,7,3,HB_HOUSTON,51.48,N
05/04/2026,7,4,HB_HOUSTON,32.99,N
05/04/2026,8,1,HB_HOUSTON,53.34,N
05/04/2026,8,2,HB_HOUSTON,42.24,N
05/04/2026,8,3,HB_HOUSTON,287.94,N
05/04/2026,8,4,HB_HOUSTON,35.7,N
05/04/2026,9,1,HB_HOUSTON,48.39,N
05/04/2026,9,2,HB_HOUSTON,42.87,N
05/04/2026,9,3,HB_HOUSTON,55.7,N
05/04/2026,9,4,HB_HOUSTON,32.89,N
05/04/2026,10,1,HB_HOUSTON,35.98,N
05/04/2026,10,2,HB_HOUSTON,39.87,N
05/04/2026,10,3,HB_HOUSTON,34.59,N
05/04/2026,10,4,HB_HOUSTON,40.66,N
05/04/2026,11,1,HB_HOUSTON,40.06,N
05/04/2026,11,2,HB_HOUSTON,41.38,N
05/04/2026,11,3,HB_HOUSTON,49.55,N
05/04/2026,11,4,HB_HOUSTON,27.07,N
05/04/2026,12,1,HB_HOUSTON,36.58,N
05/04/2026,12,2,HB_HOUSTON,28.71,N
05/04/2026,12,3,HB_HOUSTON,37.32,N
05/04/2026,12,4,HB_HOUSTON,37.33,N
05/04/2026,13,1,HB_HOUSTON,22.1,N
05/04/2026,13,2,HB_HOUSTON,22.79,N
05/04/2026,13,3,HB_HOUSTON,34.09,N
05/04/2026,13,4,HB_HOUSTON,280.19,N
05/04/2026,14,1,HB_HOUSTON,24.36,N
05/04/2026,14,2,HB_HOUSTON,31.38,N
05/04/2026,14,3,HB_HOUSTON,31.97,N
05/04/2026,14,4,HB_HOUSTON,21.88,N
05/04/2026,15,1,HB_HOUSTON,15.68,N
05/04/2026,15,2,HB_HOUSTON,262.4,N
05/04/2026,15,3,HB_HOUSTON,22.77,N
05/04/2026,15,4,HB_HOUSTON,11.11,N
05/04/2026,16,1,HB_HOUSTON,20.19,N
05/04/2026,16,2,HB_HOUSTON,29.13,N
05/04/2026,16,3,HB_HOUSTON,16.57,N
05/04/2026,16,4,HB_HOUSTON,15.1,N
05/04/2026,17,1,HB_HOUSTON,32.99,N
05/04/2026,17,2,HB_HOUSTON,29.09,N
05/04/2026,17,3,HB_HOUSTON,10.89,N
05/04/2026,17,4,HB_HOUSTON,18.12,N
05/04/2026,18,1,HB_HOUSTON,18.14,N
05/04/2026,18,2,HB_HOUSTON,17.14,N
05/04/2026,18,3,HB_HOUSTON,30.03,N
05/04/2026,18,4,HB_HOUSTON,16.21,N
05/04/2026,19,1,HB_HOUSTON,16.9,N
05/04/2026,19,2,HB_HOUSTON,20.51,N
05/04/2026,19,3,HB_HOUSTON,24.52,N
05/04/2026,19,4,HB_HOUSTON,22.5,N
05/04/2026,20,1,HB_HOUSTON,19.82,N
05/04/2026,20,2,HB_HOUSTON,3.04,N
05/04/2026,20,3,HB_HOUSTON,11.61,N
05/04/2026,20,4,HB_HOUSTON,22.07,N
05/04/2026,21,1,HB_HOUSTON,19.01,N
05/04/2026,21,2,HB_HOUSTON,23.62,N
05/04/2026,21,3,HB_HOUSTON,32.11,N
05/04/2026,21,4,HB_HOUSTON,-37.41,N
05/04/2026,22,1,HB_HOUSTON,28.5,N
05/04/2026,22,2,HB_HOUSTON,16.75,N
05/04/2026,22,3,HB_HOUSTON,26.88,N
05/04/2026,22,4,HB_HOUSTON,19.06,N
05/04/2026,23,1,HB_HOUSTON,39.52,N
05/04/2026,23,2,HB_HOUSTON,23.54,N
05/04/2026,23,3,HB_HOUSTON,17.38,N
05/04/2026,23,4,HB_HOUSTON,25.86,N
05/04/2026,24,1,HB_HOUSTON,28.71,N
05/04/2026,24,2,HB_HOUSTON,35.22,N
05/04/2026,24,3,HB_HOUSTON,29.7,N
05/04/2026,24,4,HB_HOUSTON,45.92,N
05/05/2026,1,1,HB_HOUSTON,29.11,N
05/05/2026,1,2,HB_HOUSTON,29.2,N
05/05/2026,1,3,HB_HOUSTON,25.17,N
05/05/2026,1,4,HB_HOUSTON,30.69,N
05/05/2026,2,1,HB_HOUSTON,35.73,N
05/05/2026,2,2,HB_HOUSTON,36.13,N
05/05/2026,2,3,HB_HOUSTON,34.42,N
05/05/2026,2,4,HB_HOUSTON,29.0,N
05/05/2026,3,1,HB_HOUSTON,30.45,N
05/05/2026,3,2,HB_HOUSTON,34.5,N
05/05/2026,3,3,HB_HOUSTON,46.63,N
05/05/2026,3,4,HB_HOUSTON,48.35,N
05/05/2026,4,1,HB_HOUSTON,39.99,N
05/05/2026,4,2,HB_HOUSTON,33.07,N
05/05/2026,4,3,HB_HOUSTON,39.96,N
05/05/2026,4,4,HB_HOUSTON,57.34,N
05/05/2026,5,1,HB_HOUSTON,50.98,N
05/05/2026,5,2,HB_HOUSTON,47.4,N
05/05/2026,5,3,HB_HOUSTON,50.69,N
05/05/2026,5,4,HB_HOUSTON,55.31,N
05/05/2026,6,1,HB_HOUSTON,35.27,N
05/05/2026,6,2,HB_HOUSTON,41.35,N
05/05/2026,6,3,HB_HOUSTON,40.26,N
05/05/2026,6,4,HB_HOUSTON,49.19,N
05/05/2026,7,1,HB_HOUSTON,46.28,N
05/05/2026,7,2,HB_HOUSTON,51.05,N
05/05/2026,7,3,HB_HOUSTON,40.94,N
05/05/2026,7,4,HB_HOUSTON,55.98,N
05/05/2026,8,1,HB_HOUSTON,43.93,N
05/05/2026,8,2,HB_HOUSTON,50.05,N
05/05/2026,8,3,HB_HOUSTON,54.05,N
05/05/2026,8,4,HB_HOUSTON,53.41,N
05/05/2026,9,1,HB_HOUSTON,45.88,N
05/05/2026,9,2,HB_HOUSTON,49.55,N
05/05/2026,9,3,HB_HOUSTON,56.92,N
05/05/2026,9,4,HB_HOUSTON,47.1,N
05/05/2026,10,1,HB_HOUSTON,34.77,N
05/05/2026,10,2,HB_HOUSTON,45.27,N
05/05/2026,10,3,HB_HOUSTON,40.31,N
05/05/2026,10,4,HB_HOUSTON,21.82,N
05/05/2026,11,1,HB_HOUSTON,41.2,N
05/05/2026,11,2,HB_HOUSTON,38.43,N
05/05/2026,11,3,HB_HOUSTON,46.75,N
05/05/2026,11,4,HB_HOUSTON,31.5,N
05/05/2026,12,1,HB_HOUSTON,21.84,N
05/05/2026,12,2,HB_HOUSTON,35.23,N
05/05/2026,12,3,HB_HOUSTON,36.92,N
05/05/2026,12,4,HB_HOUSTON,34.63,N
05/05/2026,13,1,HB_HOUSTON,30.17,N
05/05/2026,13,2,HB_HOUSTON,21.45,N
05/05/2026,13,3,HB_HOUSTON,28.89,N
05/05/2026,13,4,HB_HOUSTON,27.21,N
05/05/2026,14,1,HB_HOUSTON,34.7,N
05/05/2026,14,2,HB_HOUSTON,279.15,N
05/05/2026,14,3,HB_HOUSTON,23.89,N
05/05/2026,14,4,HB_HOUSTON,39.91,N
05/05/2026,15,1,HB_HOUSTON,20.35,N
05/05/2026,15,2,HB_HOUSTON,26.96,N
05/05/2026,15,3,HB_HOUSTON,21.16,N
05/05/2026,15,4,HB_HOUSTON,35.55,N
05/05/2026,16,1,HB_HOUSTON,20.09,N
05/05/2026,16,2,HB_HOUSTON,20.32,N
05/05/2026,16,3,HB_HOUSTON,18.27,N
05/05/2026,16,4,HB_HOUSTON,20.97,N
05/05/2026,17,1,HB_HOUSTON,26.61,N
05/05/2026,17,2,HB_HOUSTON,23.78,N
05/05/2026,17,3,HB_HOUSTON,17.23,N
05/05/2026,17,4,HB_HOUSTON,30.62,N
05/05/2026,18,1,HB_HOUSTON,22.49,N
05/05/2026,18,2,HB_HOUSTON,12.01,N
05/05/2026,18,3,HB_HOUSTON,4.47,N
05/05/2026,18,4,HB_HOUSTON,12.19,N
05/05/2026,19,1,HB_HOUSTON,18.31,N
05/05/2026,19,2,HB_HOUSTON,269.78,N
05/05/2026,19,3,HB_HOUSTON,25.87,N
05/05/2026,19,4,HB_HOUSTON,6.24,N
05/05/2026,20,1,HB_HOUSTON,12.0,N
05/05/2026,20,2,HB_HOUSTON,6.09,N
05/05/2026,20,3,HB_HOUSTON,4.8,N
05/05/2026,20,4,HB_HOUSTON,10.49,N
05/05/2026,21,1,HB_HOUSTON,19.94,N
05/05/2026,21,2,HB_HOUSTON,23.18,N
05/05/2026,21,3,HB_HOUSTON,9.42,N
05/05/2026,21,4,HB_HOUSTON,10.54,N
05/05/2026,22,1,HB_HOUSTON,5.15,N
05/05/2026,22,2,HB_HOUSTON,271.11,N
05/05/2026,22,3,HB_HOUSTON,13.54,N
05/05/2026,22,4,HB_HOUSTON,32.7,N
05/05/2026,23,1,HB_HOUSTON,25.78,N
05/05/2026,23,2,HB_HOUSTON,21.13,N
05/05/2026,23,3,HB_HOUSTON,-27.63,N
05/05/2026,23,4,HB_HOUSTON,10.54,N
05/05/2026,24,1,HB_HOUSTON,15.17,N
05/05/2026,24,2,HB_HOUSTON,21.14,N
05/05/2026,24,3,HB_HOUSTON,20.53,N
05/05/2026,24,4,HB_HOUSTON,18.12,N
05/06/2026,1,1,HB_HOUSTON,33.02,N
05/06/2026,1,2,HB_HOUSTON,34.11,N
05/06/2026,1,3,HB_HOUSTON,26.33,N
05/06/2026,1,4,HB_HOUSTON,45.48,N
05/06/2026,2,1,HB_HOUSTON,19.91,N
05/06/2026,2,2,HB_HOUSTON,34.35,N
05/06/2026,2,3,HB_HOUSTON,32.13,N
05/06/2026,2,4,HB_HOUSTON,29.48,N
05/06/2026,3,1,HB_HOUSTON,31.92,N
05/06/2026,3,2,HB_HOUSTON,37.44,N
05/06/2026,3,3,HB_HOUSTON,35.7,N
05/06/2026,3,4,HB_HOUSTON,34.36,N
05/06/2026,4,1,HB_HOUSTON,280.22,N
05/06/2026,4,2,HB_HOUSTON,27.66,N
05/06/2026,4,3,HB_HOUSTON,38.3,N
05/06/2026,4,4,HB_HOUSTON,37.39,N
05/06/2026,5,1,HB_HOUSTON,41.41,N
05/06/2026,5,2,HB_HOUSTON,42.12,N
05/06/2026,5,3,HB_HOUSTON,38.81,N
05/06/2026,5,4,HB_HOUSTON,41.29,N
05/06/2026,6,1,HB_HOUSTON,37.66,N
05/06/2026,6,2,HB_HOUSTON,56.68,N
05/06/2026,6,3,HB_HOUSTON,38.09,N
05/06/2026,6,4,HB_HOUSTON,41.52,N
05/06/2026,7,1,HB_HOUSTON,39.21,N
05/06/2026,7,2,HB_HOUSTON,39.08,N
05/06/2026,7,3,HB_HOUSTON,45.2,N
05/06/2026,7,4,HB_HOUSTON,44.18,N
05/06/2026,8,1,HB_HOUSTON,40.81,N
05/06/2026,8,2,HB_HOUSTON,42.22,N
05/06/2026,8,3,HB_HOUSTON,38.73,N
05/06/2026,8,4,HB_HOUSTON,47.7,N
05/06/2026,9,1,HB_HOUSTON,59.43,N
05/06/2026,9,2,HB_HOUSTON,35.99,N
05/06/2026,9,3,HB_HOUSTON,46.14,N
05/06/2026,9,4,HB_HOUSTON,43.35,N
05/06/2026,10,1,HB_HOUSTON,45.96,N
05/06/2026,10,2,HB_HOUSTON,46.18,N
05/06/2026,10,3,HB_HOUSTON,42.25,N
05/06/2026,10,4,HB_HOUSTON,40.29,N
05/06/2026,11,1,HB_HOUSTON,34.02,N
05/06/2026,11,2,HB_HOUSTON,31.38,N
05/06/2026,11,3,HB_HOUSTON,-8.27,N
05/06/2026,11,4,HB_HOUSTON,27.22,N
05/06/2026,12,1,HB_HOUSTON,29.13,N
05/06/2026,12,2,HB_HOUSTON,42.74,N
05/06/2026,12,3,HB_HOUSTON,34.67,N
05/06/2026,12,4,HB_HOUSTON,41.02,N
05/06/2026,13,1,HB_HOUSTON,41.76,N
05/06/2026,13,2,HB_HOUSTON,28.58,N
05/06/2026,13,3,HB_HOUSTON,31.66,N
05/06/2026,13,4,HB_HOUSTON,27.59,N
05/06/2026,14,1,HB_HOUSTON,19.62,N
05/06/2026,14,2,HB_HOUSTON,18.49,N
05/06/2026,14,3,HB_HOUSTON,32.86,N
05/06/2026,14,4,HB_HOUSTON,27.79,N
05/06/2026,15,1,HB_HOUSTON,37.27,N
05/06/2026,15,2,HB_HOUSTON,30.28,N
05/06/2026,15,3,HB_HOUSTON,16.65,N
05/06/2026,15,4,HB_HOUSTON,29.22,N
05/06/2026,16,1,HB_HOUSTON,16.95,N
05/06/2026,16,2,HB_HOUSTON,29.13,N
05/06/2026,16,3,HB_HOUSTON,15.5,N
05/06/2026,16,4,HB_HOUSTON,10.97,N
05/06/2026,17,1,HB_HOUSTON,10.64,N
05/06/2026,17,2,HB_HOUSTON,11.05,N
05/06/2026,17,3,HB_HOUSTON,10.29,N
05/06/2026,17,4,HB_HOUSTON,12.43,N
05/06/2026,18,1,HB_HOUSTON,22.36,N
05/06/2026,18,2,HB_HOUSTON,29.88,N
05/06/2026,18,3,HB_HOUSTON,254.87,N
05/06/2026,18,4,HB_HOUSTON,25.62,N
05/06/2026,19,1,HB_HOUSTON,11.18,N
05/06/2026,19,2,HB_HOUSTON,17.78,N
05/06/2026,19,3,HB_HOUSTON,1.77,N
05/06/2026,19,4,HB_HOUSTON,19.19,N
05/06/2026,20,1,HB_HOUSTON,-0.53,N
05/06/2026,20,2,HB_HOUSTON,18.02,N
05/06/2026,20,3,HB_HOUSTON,-27.43,N
05/06/2026,20,4,HB_HOUSTON,17.04,N
05/06/2026,21,1,HB_HOUSTON,11.13,N
05/06/2026,21,2,HB_HOUSTON,21.41,N
05/06/2026,21,3,HB_HOUSTON,20.14,N
05/06/2026,21,4,HB_HOUSTON,15.33,N
05/06/2026,22,1,HB_HOUSTON,24.77,N
05/06/2026,22,2,HB_HOUSTON,18.63,N
05/06/2026,22,3,HB_HOUSTON,23.62,N
05/06/2026,22,4,HB_HOUSTON,18.39,N
05/06/2026,23,1,HB_HOUSTON,24.23,N
05/06/2026,23,2,HB_HOUSTON,27.1,N
05/06/2026,23,3,HB_HOUSTON,19.32,N
05/06/2026,23,4,HB_HOUSTON,12.63,N
05/06/2026,24,1,HB_HOUSTON,28.33,N
05/06/2026,24,2,HB_HOUSTON,35.63,N
05/06/2026,24,3,HB_HOUSTON,28.51,N
05/06/2026,24,4,HB_HOUSTON,28.66,N
05/07/2026,1,1,HB_HOUSTON,29.66,N
05/07/2026,1,2,HB_HOUSTON,35.91,N
05/07/2026,1,3,HB_HOUSTON,278.51,N
05/07/2026,1,4,HB_HOUSTON,26.37,N
05/07/2026,2,1,HB_HOUSTON,42.72,N
05/07/2026,2,2,HB_HOUSTON,29.64,N
05/07/2026,2,3,HB_HOUSTON,41.0,N
05/07/2026,2,4,HB_HOUSTON,42.73,N
05/07/2026,3,1,HB_HOUSTON,42.03,N
05/07/2026,3,2,HB_HOUSTON,27.51,N
05/07/2026,3,3,HB_HOUSTON,37.72,N
05/07/2026,3,4,HB_HOUSTON,35.88,N
05/07/2026,4,1,HB_HOUSTON,36.64,N
05/07/2026,4,2,HB_HOUSTON,41.75,N
05/07/2026,4,3,HB_HOUSTON,46.76,N
05/07/2026,4,4,HB_HOUSTON,36.94,N
05/07/2026,5,1,HB_HOUSTON,41.62,N
05/07/2026,5,2,HB_HOUSTON,41.06,N
05/07/2026,5,3,HB_HOUSTON,52.3,N
05/07/2026,5,4,HB_HOUSTON,40.93,N
05/07/2026,6,1,HB_HOUSTON,34.61,N
05/07/2026,6,2,HB_HOUSTON,31.9,N
05/07/2026,6,3,HB_HOUSTON,47.39,N
05/07/2026,6,4,HB_HOUSTON,38.4,N
05/07/2026,7,1,HB_HOUSTON,50.35,N
05/07/2026,7,2,HB_HOUSTON,34.35,N
05/07/2026,7,3,HB_HOUSTON,40.69,N
05/07/2026,7,4,HB_HOUSTON,34.36,N
05/07/2026,8,1,HB_HOUSTON,47.97,N
05/07/2026,8,2,HB_HOUSTON,49.68,N
05/07/2026,8,3,HB_HOUSTON,47.2,N
05/07/2026,8,4,HB_HOUSTON,35.8,N
05/07/2026,9,1,HB_HOUSTON,37.02,N
05/07/2026,9,2,HB_HOUSTON,44.86,N
05/07/2026,9,3,HB_HOUSTON,29.49,N
05/07/2026,9,4,HB_HOUSTON,41.06,N
05/07/2026,10,1,HB_HOUSTON,52.74,N
05/07/2026,10,2,HB_HOUSTON,39.17,N
05/07/2026,10,3,HB_HOUSTON,28.7,N
05/07/2026,10,4,HB_HOUSTON,35.75,N
05/07/2026,11,1,HB_HOUSTON,32.45,N
05/07/2026,11,2,HB_HOUSTON,54.62,N
05/07/2026,11,3,HB_HOUSTON,50.83,N
05/07/2026,11,4,HB_HOUSTON,43.35,N
05/07/2026,12,1,HB_HOUSTON,31.14,N
05/07/2026,12,2,HB_HOUSTON,43.49,N
05/07/2026,12,3,HB_HOUSTON,24.81,N
05/07/2026,12,4,HB_HOUSTON,42.49,N
05/07/2026,13,1,HB_HOUSTON,37.42,N
05/07/2026,13,2,HB_HOUSTON,28.79,N
05/07/2026,13,3,HB_HOUSTON,39.11,N
05/07/2026,13,4,HB_HOUSTON,26.42,N
05/07/2026,14,1,HB_HOUSTON,16.0,N
05/07/2026,14,2,HB_HOUSTON,33.94,N
05/07/2026,14,3,HB_HOUSTON,25.44,N
05/07/2026,14,4,HB_HOUSTON,30.93,N
05/07/2026,15,1,HB_HOUSTON,37.07,N
05/07/2026,15,2,HB_HOUSTON,16.72,N
05/07/2026,15,3,HB_HOUSTON,271.35,N
05/07/2026,15,4,HB_HOUSTON,35.06,N
05/07/2026,16,1,HB_HOUSTON,24.74,N
05/07/2026,16,2,HB_HOUSTON,13.8,N
05/07/2026,16,3,HB_HOUSTON,11.75,N
05/07/2026,16,4,HB_HOUSTON,15.17,N
05/07/2026,17,1,HB_HOUSTON,11.1,N
05/07/2026,17,2,HB_HOUSTON,18.91,N
05/07/2026,17,3,HB_HOUSTON,17.64,N
05/07/2026,17,4,HB_HOUSTON,19.24,N
05/07/2026,18,1,HB_HOUSTON,8.78,N
05/07/2026,18,2,HB_HOUSTON,14.94,N
05/07/2026,18,3,HB_HOUSTON,-0.93,N
05/07/2026,18,4,HB_HOUSTON,16.67,N
05/07/2026,19,1,HB_HOUSTON,24.4,N
05/07/2026,19,2,HB_HOUSTON,3.6,N
05/07/2026,19,3,HB_HOUSTON,18.87,N
05/07/2026,19,4,HB_HOUSTON,10.11,N
05/07/2026,20,1,HB_HOUSTON,21.93,N
05/07/2026,20,2,HB_HOUSTON,16.78,N
05/07/2026,20,3,HB_HOUSTON,18.75,N
05/07/2026,20,4,HB_HOUSTON,16.03,N
05/07/2026,21,1,HB_HOUSTON,27.64,N
05/07/2026,21,2,HB_HOUSTON,19.79,N
05/07/2026,21,3,HB_HOUSTON,11.37,N
05/07/2026,21,4,HB_HOUSTON,17.8,N
05/07/2026,22,1,HB_HOUSTON,16.44,N
05/07/2026,22,2,HB_HOUSTON,20.69,N
05/07/2026,22,3,HB_HOUSTON,16.04,N
05/07/2026,22,4,HB_HOUSTON,13.98,N
05/07/2026,23,1,HB_HOUSTON,24.09,N
05/07/2026,23,2,HB_HOUSTON,22.95,N
05/07/2026,23,3,HB_HOUSTON,31.01,N
05/07/2026,23,4,HB_HOUSTON,19.18,N
05/07/2026,24,1,HB_HOUSTON,10.27,N
05/07/2026,24,2,HB_HOUSTON,23.21,N
05/07/2026,24,3,HB_HOUSTON,13.11,N
05/07/2026,24,4,HB_HOUSTON,29.44,N
05/08/2026,1,1,HB_HOUSTON,16.61,N
05/08/2026,1,2,HB_HOUSTON,22.09,N
05/08/2026,1,3,HB_HOUSTON,27.1,N
05/08/2026,1,4,HB_HOUSTON,42.35,N
05/08/2026,2,1,HB_HOUSTON,25.3,N
05/08/2026,2,2,HB_HOUSTON,33.98,N
05/08/2026,2,3,HB_HOUSTON,38.52,N
05/08/2026,2,4,HB_HOUSTON,45.75,N
05/08/2026,3,1,HB_HOUSTON,43.72,N
05/08/2026,3,2,HB_HOUSTON,46.25,N
05/08/2026,3,3,HB_HOUSTON,44.41,N
05/08/2026,3,4,HB_HOUSTON,27.83,N
05/08/2026,4,1,HB_HOUSTON,43.48,N
05/08/2026,4,2,HB_HOUSTON,47.4,N
05/08/2026,4,3,HB_HOUSTON,32.95,N
05/08/2026,4,4,HB_HOUSTON,35.97,N
05/08/2026,5,1,HB_HOUSTON,36.56,N
05/08/2026,5,2,HB_HOUSTON,49.17,N
05/08/2026,5,3,HB_HOUSTON,42.44,N
05/08/2026,5,4,HB_HOUSTON,40.42,N
05/08/2026,6,1,HB_HOUSTON,34.24,N
05/08/2026,6,2,HB_HOUSTON,43.95,N
05/08/2026,6,3,HB_HOUSTON,39.95,N
05/08/2026,6,4,HB_HOUSTON,46.44,N
05/08/2026,7,1,HB_HOUSTON,35.86,N
05/08/2026,7,2,HB_HOUSTON,46.42,N
05/08/2026,7,3,HB_HOUSTON,41.49,N
05/08/2026,7,4,HB_HOUSTON,35.01,N
05/08/2026,8,1,HB_HOUSTON,33.87,N
05/08/2026,8,2,HB_HOUSTON,35.07,N
05/08/2026,8,3,HB_HOUSTON,42.84,N
05/08/2026,8,4,HB_HOUSTON,45.46,N
05/08/2026,9,1,HB_HOUSTON,45.15,N
05/08/2026,9,2,HB_HOUSTON,45.45,N
05/08/2026,9,3,HB_HOUSTON,36.92,N
05/08/2026,9,4,HB_HOUSTON,51.46,N
05/08/2026,10,1,HB_HOUSTON,37.07,N
05/08/2026,10,2,HB_HOUSTON,44.21,N
05/08/2026,10,3,HB_HOUSTON,39.29,N
05/08/2026,10,4,HB_HOUSTON,293.61,N
05/08/2026,11,1,HB_HOUSTON,35.79,N
05/08/2026,11,2,HB_HOUSTON,40.65,N
05/08/2026,11,3,HB_HOUSTON,37.44,N
05/08/2026,11,4,HB_HOUSTON,44.01,N
05/08/2026,12,1,HB_HOUSTON,27.33,N
05/08/2026,12,2,HB_HOUSTON,19.72,N
05/08/2026,12,3,HB_HOUSTON,26.1,N
05/08/2026,12,4,HB_HOUSTON,42.43,N
05/08/2026,13,1,HB_HOUSTON,28.76,N
05/08/2026,13,2,HB_HOUSTON,30.74,N
05/08/2026,13,3,HB_HOUSTON,21.57,N
05/08/2026,13,4,HB_HOUSTON,30.52,N
05/08/2026,14,1,HB_HOUSTON,17.94,N
05/08/2026,14,2,HB_HOUSTON,19.11,N
05/08/2026,14,3,HB_HOUSTON,22.9,N
05/08/2026,14,4,HB_HOUSTON,29.68,N
05/08/2026,15,1,HB_HOUSTON,26.91,N
05/08/2026,15,2,HB_HOUSTON,27.13,N
05/08/2026,15,3,HB_HOUSTON,9.8,N
05/08/2026,15,4,HB_HOUSTON,22.45,N
05/08/2026,16,1,HB_HOUSTON,17.82,N
05/08/2026,16,2,HB_HOUSTON,7.14,N
05/08/2026,16,3,HB_HOUSTON,19.52,N
05/08/2026,16,4,HB_HOUSTON,17.39,N
05/08/2026,17,1,HB_HOUSTON,21.1,N
05/08/2026,17,2,HB_HOUSTON,17.66,N
05/08/2026,17,3,HB_HOUSTON,12.62,N
05/08/2026,17,4,HB_HOUSTON,24.42,N
05/08/2026,18,1,HB_HOUSTON,-2.26,N
05/08/2026,18,2,HB_HOUSTON,15.0,N
05/08/2026,18,3,HB_HOUSTON,1.41,N
05/08/2026,18,4,HB_HOUSTON,8.21,N
05/08/2026,19,1,HB_HOUSTON,19.2,N
05/08/2026,19,2,HB_HOUSTON,4.81,N
05/08/2026,19,3,HB_HOUSTON,3.61,N
05/08/2026,19,4,HB_HOUSTON,34.06,N
05/08/2026,20,1,HB_HOUSTON,4.64,N
05/08/2026,20,2,HB_HOUSTON,28.72,N
05/08/2026,20,3,HB_HOUSTON,14.13,N
05/08/2026,20,4,HB_HOUSTON,11.31,N
05/08/2026,21,1,HB_HOUSTON,21.54,N
05/08/2026,21,2,HB_HOUSTON,27.7,N
05/08/2026,21,3,HB_HOUSTON,7.84,N
05/08/2026,21,4,HB_HOUSTON,12.93,N
05/08/2026,22,1,HB_HOUSTON,26.17,N
05/08/2026,22,2,HB_HOUSTON,21.7,N
05/08/2026,22,3,HB_HOUSTON,28.21,N
05/08/2026,22,4,HB_HOUSTON,23.51,N
05/08/2026,23,1,HB_HOUSTON,36.97,N
05/08/2026,23,2,HB_HOUSTON,1223.93,N
05/08/2026,23,3,HB_HOUSTON,24.27,N
05/08/2026,23,4,HB_HOUSTON,25.07,N
05/08/2026,24,1,HB_HOUSTON,24.98,N
05/08/2026,24,2,HB_HOUSTON,32.9,N
05/08/2026,24,3,HB_HOUSTON,28.01,N
05/08/2026,24,4,HB_HOUSTON,32.42,N
05/09/2026,1,1,HB_HOUSTON,37.56,N
05/09/2026,1,2,HB_HOUSTON,33.43,N
05/09/2026,1,3,HB_HOUSTON,34.01,N
05/09/2026,1,4,HB_HOUSTON,21.92,N
05/09/2026,2,1,HB_HOUSTON,29.48,N
05/09/2026,2,2,HB_HOUSTON,1240.63,N
05/09/2026,2,3,HB_HOUSTON,0.27,N
05/09/2026,2,4,HB_HOUSTON,18.36,N
05/09/2026,3,1,HB_HOUSTON,282.96,N
05/09/2026,3,2,HB_HOUSTON,37.69,N
05/09/2026,3,3,HB_HOUSTON,30.47,N
05/09/2026,3,4,HB_HOUSTON,30.92,N
05/09/2026,4,1,HB_HOUSTON,44.41,N
05/09/2026,4,2,HB_HOUSTON,53.26,N
05/09/2026,4,3,HB_HOUSTON,24.35,N
05/09/2026,4,4,HB_HOUSTON,39.24,N
05/09/2026,5,1,HB_HOUSTON,46.7,N
05/09/2026,5,2,HB_HOUSTON,49.23,N
05/09/2026,5,3,HB_HOUSTON,45.54,N
05/09/2026,5,4,HB_HOUSTON,57.08,N
05/09/2026,6,1,HB_HOUSTON,44.72,N
05/09/2026,6,2,HB_HOUSTON,54.98,N
05/09/2026,6,3,HB_HOUSTON,39.32,N
05/09/2026,6,4,HB_HOUSTON,44.95,N
05/09/2026,7,1,HB_HOUSTON,35.3,N
05/09/2026,7,2,HB_HOUSTON,52.21,N
05/09/2026,7,3,HB_HOUSTON,44.04,N
05/09/2026,7,4,HB_HOUSTON,47.86,N
05/09/2026,8,1,HB_HOUSTON,41.98,N
05/09/2026,8,2,HB_HOUSTON,49.18,N
05/09/2026,8,3,HB_HOUSTON,47.67,N
05/09/2026,8,4,HB_HOUSTON,36.53,N
05/09/2026,9,1,HB_HOUSTON,285.5,N
05/09/2026,9,2,HB_HOUSTON,42.77,N
05/09/2026,9,3,HB_HOUSTON,48.27,N
05/09/2026,9,4,HB_HOUSTON,57.89,N
05/09/2026,10,1,HB_HOUSTON,43.03,N
05/09/2026,10,2,HB_HOUSTON,48.67,N
05/09/2026,10,3,HB_HOUSTON,27.7,N
05/09/2026,10,4,HB_HOUSTON,56.71,N
05/09/2026,11,1,HB_HOUSTON,42.35,N
05/09/2026,11,2,HB_HOUSTON,37.1,N
05/09/2026,11,3,HB_HOUSTON,36.18,N
05/09/2026,11,4,HB_HOUSTON,28.64,N
05/09/2026,12,1,HB_HOUSTON,27.31,N
05/09/2026,12,2,HB_HOUSTON,49.17,N
05/09/2026,12,3,HB_HOUSTON,25.97,N
05/09/2026,12,4,HB_HOUSTON,25.82,N
05/09/2026,13,1,HB_HOUSTON,24.38,N
05/09/2026,13,2,HB_HOUSTON,20.41,N
05/09/2026,13,3,HB_HOUSTON,30.12,N
05/09/2026,13,4,HB_HOUSTON,38.71,N
05/09/2026,14,1,HB_HOUSTON,21.23,N
05/09/2026,14,2,HB_HOUSTON,15.13,N
05/09/2026,14,3,HB_HOUSTON,28.45,N
05/09/2026,14,4,HB_HOUSTON,25.67,N
05/09/2026,15,1,HB_HOUSTON,30.52,N
05/09/2026,15,2,HB_HOUSTON,18.86,N
05/09/2026,15,3,HB_HOUSTON,20.42,N
05/09/2026,15,4,HB_HOUSTON,21.3,N
05/09/2026,16,1,HB_HOUSTON,20.11,N
05/09/2026,16,2,HB_HOUSTON,16.25,N
05/09/2026,16,3,HB_HOUSTON,14.96,N
05/09/2026,16,4,HB_HOUSTON,4.59,N
05/09/2026,17,1,HB_HOUSTON,12.49,N
05/09/2026,17,2,HB_HOUSTON,22.73,N
05/09/2026,17,3,HB_HOUSTON,23.81,N
05/09/2026,17,4,HB_HOUSTON,13.24,N
05/09/2026,18,1,HB_HOUSTON,25.91,N
05/09/2026,18,2,HB_HOUSTON,15.28,N
05/09/2026,18,3,HB_HOUSTON,4.81,N
05/09/2026,18,4,HB_HOUSTON,2.29,N
05/09/2026,19,1,HB_HOUSTON,24.75,N
05/09/2026,19,2,HB_HOUSTON,12.02,N
05/09/2026,19,3,HB_HOUSTON,5.29,N
05/09/2026,19,4,HB_HOUSTON,-3.07,N
05/09/2026,20,1,HB_HOUSTON,12.35,N
05/09/2026,20,2,HB_HOUSTON,18.75,N
05/09/2026,20,3,HB_HOUSTON,9.93,N
05/09/2026,20,4,HB_HOUSTON,7.09,N
05/09/2026,21,1,HB_HOUSTON,12.61,N
05/09/2026,21,2,HB_HOUSTON,26.96,N
05/09/2026,21,3,HB_HOUSTON,5.87,N
05/09/2026,21,4,HB_HOUSTON,11.88,N
05/09/2026,22,1,HB_HOUSTON,29.08,N
05/09/2026,22,2,HB_HOUSTON,23.35,N
05/09/2026,22,3,HB_HOUSTON,20.83,N
05/09/2026,22,4,HB_HOUSTON,14.21,N
05/09/2026,23,1,HB_HOUSTON,22.74,N
05/09/2026,23,2,HB_HOUSTON,18.2,N
05/09/2026,23,3,HB_HOUSTON,15.62,N
05/09/2026,23,4,HB_HOUSTON,13.86,N
05/09/2026,24,1,HB_HOUSTON,32.39,N
05/09/2026,24,2,HB_HOUSTON,25.63,N
05/09/2026,24,3,HB_HOUSTON,28.63,N
05/09/2026,24,4,HB_HOUSTON,27.33,N
05/10/2026,1,1,HB_HOUSTON,33.53,N
05/10/2026,1,2,HB_HOUSTON,27.96,N
05/10/2026,1,3,HB_HOUSTON,26.15,N
05/10/2026,1,4,HB_HOUSTON,23.48,N
05/10/2026,2,1,HB_HOUSTON,22.57,N
05/10/2026,2,2,HB_HOUSTON,24.91,N
05/10/2026,2,3,HB_HOUSTON,30.96,N
05/10/2026,2,4,HB_HOUSTON,271.06,N
05/10/2026,3,1,HB_HOUSTON,26.44,N
05/10/2026,3,2,HB_HOUSTON,45.84,N
05/10/2026,3,3,HB_HOUSTON,39.29,N
05/10/2026,3,4,HB_HOUSTON,33.89,N
05/10/2026,4,1,HB_HOUSTON,58.78,N
05/10/2026,4,2,HB_HOUSTON,27.42,N
05/10/2026,4,3,HB_HOUSTON,48.41,N
05/10/2026,4,4,HB_HOUSTON,39.71,N
05/10/2026,5,1,HB_HOUSTON,49.27,N
05/10/2026,5,2,HB_HOUSTON,43.86,N
05/10/2026,5,3,HB_HOUSTON,28.01,N
05/10/2026,5,4,HB_HOUSTON,43.75,N
05/10/2026,6,1,HB_HOUSTON,47.17,N
05/10/2026,6,2,HB_HOUSTON,26.95,N
05/10/2026,6,3,HB_HOUSTON,60.04,N
05/10/2026,6,4,HB_HOUSTON,46.98,N
05/10/2026,7,1,HB_HOUSTON,50.38,N
05/10/2026,7,2,HB_HOUSTON,35.68,N
05/10/2026,7,3,HB_HOUSTON,50.52,N
05/10/2026,7,4,HB_HOUSTON,53.72,N
05/10/2026,8,1,HB_HOUSTON,46.52,N
05/10/2026,8,2,HB_HOUSTON,44.41,N
05/10/2026,8,3,HB_HOUSTON,37.34,N
05/10/2026,8,4,HB_HOUSTON,-2.24,N
05/10/2026,9,1,HB_HOUSTON,38.89,N
05/10/2026,9,2,HB_HOUSTON,47.57,N
05/10/2026,9,3,HB_HOUSTON,36.19,N
05/10/2026,9,4,HB_HOUSTON,47.51,N
05/10/2026,10,1,HB_HOUSTON,33.89,N
05/10/2026,10,2,HB_HOUSTON,38.51,N
05/10/2026,10,3,HB_HOUSTON,45.53,N
05/10/2026,10,4,HB_HOUSTON,34.98,N
05/10/2026,11,1,HB_HOUSTON,42.7,N
05/10/2026,11,2,HB_HOUSTON,41.92,N
05/10/2026,11,3,HB_HOUSTON,35.33,N
05/10/2026,11,4,HB_HOUSTON,46.79,N
05/10/2026,12,1,HB_HOUSTON,34.5,N
05/10/2026,12,2,HB_HOUSTON,42.7,N
05/10/2026,12,3,HB_HOUSTON,48.23,N
05/10/2026,12,4,HB_HOUSTON,31.95,N
05/10/2026,13,1,HB_HOUSTON,35.16,N
05/10/2026,13,2,HB_HOUSTON,24.9,N
05/10/2026,13,3,HB_HOUSTON,21.74,N
05/10/2026,13,4,HB_HOUSTON,28.44,N
05/10/2026,14,1,HB_HOUSTON,15.22,N
05/10/2026,14,2,HB_HOUSTON,18.62,N
05/10/2026,14,3,HB_HOUSTON,30.85,N
05/10/2026,14,4,HB_HOUSTON,22.01,N
05/10/2026,15,1,HB_HOUSTON,28.18,N
05/10/2026,15,2,HB_HOUSTON,24.9,N
05/10/2026,15,3,HB_HOUSTON,37.31,N
05/10/2026,15,4,HB_HOUSTON,26.69,N
05/10/2026,16,1,HB_HOUSTON,28.31,N
05/10/2026,16,2,HB_HOUSTON,22.61,N
05/10/2026,16,3,HB_HOUSTON,21.88,N
05/10/2026,16,4,HB_HOUSTON,28.71,N
05/10/2026,17,1,HB_HOUSTON,22.36,N
05/10/2026,17,2,HB_HOUSTON,18.69,N
05/10/2026,17,3,HB_HOUSTON,18.65,N
05/10/2026,17,4,HB_HOUSTON,21.32,N
05/10/2026,18,1,HB_HOUSTON,10.14,N
05/10/2026,18,2,HB_HOUSTON,9.8,N
05/10/2026,18,3,HB_HOUSTON,26.91,N
05/10/2026,18,4,HB_HOUSTON,30.43,N
05/10/2026,19,1,HB_HOUSTON,7.57,N
05/10/2026,19,2,HB_HOUSTON,9.65,N
05/10/2026,19,3,HB_HOUSTON,24.14,N
05/10/2026,19,4,HB_HOUSTON,19.27,N
05/10/2026,20,1,HB_HOUSTON,20.92,N
05/10/2026,20,2,HB_HOUSTON,22.68,N
05/10/2026,20,3,HB_HOUSTON,13.59,N
05/10/2026,20,4,HB_HOUSTON,18.15,N
05/10/2026,21,1,HB_HOUSTON,19.03,N
05/10/2026,21,2,HB_HOUSTON,10.14,N
05/10/2026,21,3,HB_HOUSTON,19.53,N
05/10/2026,21,4,HB_HOUSTON,26.91,N
05/10/2026,22,1,HB_HOUSTON,16.72,N
05/10/2026,22,2,HB_HOUSTON,20.61,N
05/10/2026,22,3,HB_HOUSTON,21.05,N
05/10/2026,22,4,HB_HOUSTON,17.12,N
05/10/2026,23,1,HB_HOUSTON,277.92,N
05/10/2026,23,2,HB_HOUSTON,17.06,N
05/10/2026,23,3,HB_HOUSTON,33.16,N
05/10/2026,23,4,HB_HOUSTON,27.51,N
05/10/2026,24,1,HB_HOUSTON,18.62,N
05/10/2026,24,2,HB_HOUSTON,39.7,N
05/10/2026,24,3,HB_HOUSTON,27.46,N
05/10/2026,24,4,HB_HOUSTON,20.33,N
05/11/2026,1,1,HB_HOUSTON,38.84,N
05/11/2026,1,2,HB_HOUSTON,33.96,N
05/11/2026,1,3,HB_HOUSTON,15.82,N
05/11/2026,1,4,HB_HOUSTON,25.79,N
05/11/2026,2,1,HB_HOUSTON,36.12,N
05/11/2026,2,2,HB_HOUSTON,16.61,N
05/11/2026,2,3,HB_HOUSTON,34.56,N
05/11/2026,2,4,HB_HOUSTON,35.15,N
05/11/2026,3,1,HB_HOUSTON,28.03,N
05/11/2026,3,2,HB_HOUSTON,39.67,N
05/11/2026,3,3,HB_HOUSTON,37.56,N
05/11/2026,3,4,HB_HOUSTON,27.97,N
05/11/2026,4,1,HB_HOUSTON,47.96,N
05/11/2026,4,2,HB_HOUSTON,297.31,N
05/11/2026,4,3,HB_HOUSTON,38.29,N
05/11/2026,4,4,HB_HOUSTON,39.02,N
05/11/2026,5,1,HB_HOUSTON,48.8,N
05/11/2026,5,2,HB_HOUSTON,41.39,N
05/11/2026,5,3,HB_HOUSTON,27.54,N
05/11/2026,5,4,HB_HOUSTON,46.89,N
05/11/2026,6,1,HB_HOUSTON,37.98,N
05/11/2026,6,2,HB_HOUSTON,41.37,N
05/11/2026,6,3,HB_HOUSTON,56.15,N
05/11/2026,6,4,HB_HOUSTON,43.42,N
05/11/2026,7,1,HB_HOUSTON,45.01,N
05/11/2026,7,2,HB_HOUSTON,49.08,N
05/11/2026,7,3,HB_HOUSTON,49.04,N
05/11/2026,7,4,HB_HOUSTON,37.65,N
05/11/2026,8,1,HB_HOUSTON,44.01,N
05/11/2026,8,2,HB_HOUSTON,44.78,N
05/11/2026,8,3,HB_HOUSTON,46.67,N
05/11/2026,8,4,HB_HOUSTON,46.8,N
05/11/2026,9,1,HB_HOUSTON,63.69,N
05/11/2026,9,2,HB_HOUSTON,33.58,N
05/11/2026,9,3,HB_HOUSTON,50.83,N
05/11/2026,9,4,HB_HOUSTON,52.46,N
05/11/2026,10,1,HB_HOUSTON,44.55,N
05/11/2026,10,2,HB_HOUSTON,35.4,N
05/11/2026,10,3,HB_HOUSTON,53.92,N
05/11/2026,10,4,HB_HOUSTON,23.07,N
05/11/2026,11,1,HB_HOUSTON,32.03,N
05/11/2026,11,2,HB_HOUSTON,46.87,N
05/11/2026,11,3,HB_HOUSTON,34.54,N
05/11/2026,11,4,HB_HOUSTON,50.27,N
05/11/2026,12,1,HB_HOUSTON,21.79,N
05/11/2026,12,2,HB_HOUSTON,24.99,N
05/11/2026,12,3,HB_HOUSTON,29.63,N
05/11/2026,12,4,HB_HOUSTON,37.22,N
05/11/2026,13,1,HB_HOUSTON,28.22,N
05/11/2026,13,2,HB_HOUSTON,26.08,N
05/11/2026,13,3,HB_HOUSTON,41.36,N
05/11/2026,13,4,HB_HOUSTON,42.11,N
05/11/2026,14,1,HB_HOUSTON,22.8,N
05/11/2026,14,2,HB_HOUSTON,12.44,N
05/11/2026,14,3,HB_HOUSTON,8.86,N
05/11/2026,14,4,HB_HOUSTON,28.03,N
05/11/2026,15,1,HB_HOUSTON,27.75,N
05/11/2026,15,2,HB_HOUSTON,23.0,N
05/11/2026,15,3,HB_HOUSTON,-23.07,N
05/11/2026,15,4,HB_HOUSTON,16.06,N
05/11/2026,16,1,HB_HOUSTON,24.63,N
05/11/2026,16,2,HB_HOUSTON,32.82,N
05/11/2026,16,3,HB_HOUSTON,1.66,N
05/11/2026,16,4,HB_HOUSTON,18.77,N
05/11/2026,17,1,HB_HOUSTON,9.25,N
05/11/2026,17,2,HB_HOUSTON,-39.91,N
05/11/2026,17,3,HB_HOUSTON,7.97,N
05/11/2026,17,4,HB_HOUSTON,20.05,N
05/11/2026,18,1,HB_HOUSTON,18.75,N
05/11/2026,18,2,HB_HOUSTON,27.19,N
05/11/2026,18,3,HB_HOUSTON,15.58,N
05/11/2026,18,4,HB_HOUSTON,1.45,N
05/11/2026,19,1,HB_HOUSTON,13.09,N
05/11/2026,19,2,HB_HOUSTON,3.91,N
05/11/2026,19,3,HB_HOUSTON,5.35,N
05/11/2026,19,4,HB_HOUSTON,19.64,N
05/11/2026,20,1,HB_HOUSTON,17.06,N
05/11/2026,20,2,HB_HOUSTON,20.21,N
05/11/2026,20,3,HB_HOUSTON,12.65,N
05/11/2026,20,4,HB_HOUSTON,21.84,N
05/11/2026,21,1,HB_HOUSTON,13.7,N
05/11/2026,21,2,HB_HOUSTON,25.94,N
05/11/2026,21,3,HB_HOUSTON,-25.23,N
05/11/2026,21,4,HB_HOUSTON,15.35,N
05/11/2026,22,1,HB_HOUSTON,21.09,N
05/11/2026,22,2,HB_HOUSTON,19.25,N
05/11/2026,22,3,HB_HOUSTON,32.16,N
05/11/2026,22,4,HB_HOUSTON,21.36,N
05/11/2026,23,1,HB_HOUSTON,22.49,N
05/11/2026,23,2,HB_HOUSTON,20.59,N
05/11/2026,23,3,HB_HOUSTON,29.25,N
05/11/2026,23,4,HB_HOUSTON,28.16,N
05/11/2026,24,1,HB_HOUSTON,23.93,N
05/11/2026,24,2,HB_HOUSTON,16.87,N
05/11/2026,24,3,HB_HOUSTON,18.9,N
05/11/2026,24,4,HB_HOUSTON,24.64,N
05/12/2026,1,1,HB_HOUSTON,40.79,N
05/12/2026,1,2,HB_HOUSTON,28.0,N
05/12/2026,1,3,HB_HOUSTON,25.25,N
05/12/2026,1,4,HB_HOUSTON,15.91,N
05/12/2026,2,1,HB_HOUSTON,45.99,N
05/12/2026,2,2,HB_HOUSTON,38.43,N
05/12/2026,2,3,HB_HOUSTON,40.25,N
05/12/2026,2,4,HB_HOUSTON,41.58,N
05/12/2026,3,1,HB_HOUSTON,36.18,N
05/12/2026,3,2,HB_HOUSTON,38.18,N
05/12/2026,3,3,HB_HOUSTON,49.41,N
05/12/2026,3,4,HB_HOUSTON,38.94,N
05/12/2026,4,1,HB_HOUSTON,45.31,N
05/12/2026,4,2,HB_HOUSTON,47.57,N
05/12/2026,4,3,HB_HOUSTON,45.75,N
05/12/2026,4,4,HB_HOUSTON,39.58,N
05/12/2026,5,1,HB_HOUSTON,42.72,N
05/12/2026,5,2,HB_HOUSTON,299.21,N
05/12/2026,5,3,HB_HOUSTON,49.2,N
05/12/2026,5,4,HB_HOUSTON,52.34,N
05/12/2026,6,1,HB_HOUSTON,48.9,N
05/12/2026,6,2,HB_HOUSTON,49.26,N
05/12/2026,6,3,HB_HOUSTON,40.92,N
05/12/2026,6,4,HB_HOUSTON,39.84,N
05/12/2026,7,1,HB_HOUSTON,51.25,N
05/12/2026,7,2,HB_HOUSTON,40.41,N
05/12/2026,7,3,HB_HOUSTON,44.83,N
05/12/2026,7,4,HB_HOUSTON,56.03,N
05/12/2026,8,1,HB_HOUSTON,54.25,N
05/12/2026,8,2,HB_HOUSTON,46.9,N
05/12/2026,8,3,HB_HOUSTON,42.12,N
05/12/2026,8,4,HB_HOUSTON,43.5,N
05/12/2026,9,1,HB_HOUSTON,49.93,N
05/12/2026,9,2,HB_HOUSTON,42.7,N
05/12/2026,9,3,HB_HOUSTON,38.52,N
05/12/2026,9,4,HB_HOUSTON,52.72,N
05/12/2026,10,1,HB_HOUSTON,42.06,N
05/12/2026,10,2,HB_HOUSTON,35.99,N
05/12/2026,10,3,HB_HOUSTON,44.44,N
05/12/2026,10,4,HB_HOUSTON,48.38,N
05/12/2026,11,1,HB_HOUSTON,29.44,N
05/12/2026,11,2,HB_HOUSTON,35.9,N
05/12/2026,11,3,HB_HOUSTON,35.53,N
05/12/2026,11,4,HB_HOUSTON,41.12,N
05/12/2026,12,1,HB_HOUSTON,38.94,N
05/12/2026,12,2,HB_HOUSTON,29.47,N
05/12/2026,12,3,HB_HOUSTON,21.94,N
05/12/2026,12,4,HB_HOUSTON,42.14,N
05/12/2026,13,1,HB_HOUSTON,21.04,N
05/12/2026,13,2,HB_HOUSTON,32.17,N
05/12/2026,13,3,HB_HOUSTON,28.94,N
05/12/2026,13,4,HB_HOUSTON,31.3,N
05/12/2026,14,1,HB_HOUSTON,39.33,N
05/12/2026,14,2,HB_HOUSTON,50.42,N
05/12/2026,14,3,HB_HOUSTON,13.05,N
05/12/2026,14,4,HB_HOUSTON,33.99,N
05/12/2026,15,1,HB_HOUSTON,21.25,N
05/12/2026,15,2,HB_HOUSTON,30.88,N
05/12/2026,15,3,HB_HOUSTON,30.16,N
05/12/2026,15,4,HB_HOUSTON,33.78,N
05/12/2026,16,1,HB_HOUSTON,21.67,N
05/12/2026,16,2,HB_HOUSTON,12.28,N
05/12/2026,16,3,HB_HOUSTON,26.81,N
05/12/2026,16,4,HB_HOUSTON,20.34,N
05/12/2026,17,1,HB_HOUSTON,15.14,N
05/12/2026,17,2,HB_HOUSTON,13.2,N
05/12/2026,17,3,HB_HOUSTON,25.06,N
05/12/2026,17,4,HB_HOUSTON,29.84,N
05/12/2026,18,1,HB_HOUSTON,5.95,N
05/12/2026,18,2,HB_HOUSTON,20.49,N
05/12/2026,18,3,HB_HOUSTON,12.53,N
05/12/2026,18,4,HB_HOUSTON,3.77,N
05/12/2026,19,1,HB_HOUSTON,16.18,N
05/12/2026,19,2,HB_HOUSTON,8.33,N
05/12/2026,19,3,HB_HOUSTON,2.38,N
05/12/2026,19,4,HB_HOUSTON,8.75,N
05/12/2026,20,1,HB_HOUSTON,7.29,N
05/12/2026,20,2,HB_HOUSTON,10.34,N
05/12/2026,20,3,HB_HOUSTON,4.9,N
05/12/2026,20,4,HB_HOUSTON,12.35,N
05/12/2026,21,1,HB_HOUSTON,11.3,N
05/12/2026,21,2,HB_HOUSTON,20.01,N
05/12/2026,21,3,HB_HOUSTON,21.76,N
05/12/2026,21,4,HB_HOUSTON,19.09,N
05/12/2026,22,1,HB_HOUSTON,17.51,N
05/12/2026,22,2,HB_HOUSTON,17.29,N
05/12/2026,22,3,HB_HOUSTON,12.7,N
05/12/2026,22,4,HB_HOUSTON,12.89,N
05/12/2026,23,1,HB_HOUSTON,28.13,N
05/12/2026,23,2,HB_HOUSTON,8.42,N
05/12/2026,23,3,HB_HOUSTON,21.85,N
05/12/2026,23,4,HB_HOUSTON,19.91,N
05/12/2026,24,1,HB_HOUSTON,30.91,N
05/12/2026,24,2,HB_HOUSTON,14.72,N
05/12/2026,24,3,HB_HOUSTON,26.22,N
05/12/2026,24,4,HB_HOUSTON,28.86,N
05/13/2026,1,1,HB_HOUSTON,14.76,N
05/13/2026,1,2,HB_HOUSTON,21.41,N
05/13/2026,1,3,HB_HOUSTON,29.27,N
05/13/2026,1,4,HB_HOUSTON,34.11,N
05/13/2026,2,1,HB_HOUSTON,35.34,N
05/13/2026,2,2,HB_HOUSTON,38.37,N
05/13/2026,2,3,HB_HOUSTON,25.25,N
05/13/2026,2,4,HB_HOUSTON,21.17,N
05/13/2026,3,1,HB_HOUSTON,38.18,N
05/13/2026,3,2,HB_HOUSTON,27.67,N
05/13/2026,3,3,HB_HOUSTON,30.58,N
05/13/2026,3,4,HB_HOUSTON,44.96,N
05/13/2026,4,1,HB_HOUSTON,42.12,N
05/13/2026,4,2,HB_HOUSTON,36.06,N
05/13/2026,4,3,HB_HOUSTON,35.02,N
05/13/2026,4,4,HB_HOUSTON,45.57,N
05/13/2026,5,1,HB_HOUSTON,44.69,N
05/13/2026,5,2,HB_HOUSTON,33.27,N
05/13/2026,5,3,HB_HOUSTON,27.41,N
05/13/2026,5,4,HB_HOUSTON,58.04,N
05/13/2026,6,1,HB_HOUSTON,34.71,N
05/13/2026,6,2,HB_HOUSTON,48.71,N
05/13/2026,6,3,HB_HOUSTON,56.57,N
05/13/2026,6,4,HB_HOUSTON,45.67,N
05/13/2026,7,1,HB_HOUSTON,40.2,N
05/13/2026,7,2,HB_HOUSTON,33.59,N
05/13/2026,7,3,HB_HOUSTON,33.48,N
05/13/2026,7,4,HB_HOUSTON,48.01,N
05/13/2026,8,1,HB_HOUSTON,56.1,N
05/13/2026,8,2,HB_HOUSTON,41.33,N
05/13/2026,8,3,HB_HOUSTON,40.04,N
05/13/2026,8,4,HB_HOUSTON,50.07,N
05/13/2026,9,1,HB_HOUSTON,37.5,N
05/13/2026,9,2,HB_HOUSTON,45.19,N
05/13/2026,9,3,HB_HOUSTON,43.32,N
05/13/2026,9,4,HB_HOUSTON,39.71,N
05/13/2026,10,1,HB_HOUSTON,40.48,N
05/13/2026,10,2,HB_HOUSTON,54.71,N
05/13/2026,10,3,HB_HOUSTON,45.44,N
05/13/2026,10,4,HB_HOUSTON,49.35,N
05/13/2026,11,1,HB_HOUSTON,30.15,N
05/13/2026,11,2,HB_HOUSTON,46.27,N
05/13/2026,11,3,HB_HOUSTON,42.61,N
05/13/2026,11,4,HB_HOUSTON,25.5,N
05/13/2026,12,1,HB_HOUSTON,38.2,N
05/13/2026,12,2,HB_HOUSTON,29.78,N
05/13/2026,12,3,HB_HOUSTON,21.52,N
05/13/2026,12,4,HB_HOUSTON,34.92,N
05/13/2026,13,1,HB_HOUSTON,34.31,N
05/13/2026,13,2,HB_HOUSTON,31.21,N
05/13/2026,13,3,HB_HOUSTON,29.13,N
05/13/2026,13,4,HB_HOUSTON,27.36,N
05/13/2026,14,1,HB_HOUSTON,45.85,N
05/13/2026,14,2,HB_HOUSTON,16.66,N
05/13/2026,14,3,HB_HOUSTON,33.1,N
05/13/2026,14,4,HB_HOUSTON,1226.24,N
05/13/2026,15,1,HB_HOUSTON,15.66,N
05/13/2026,15,2,HB_HOUSTON,22.11,N
05/13/2026,15,3,HB_HOUSTON,-33.64,N
05/13/2026,15,4,HB_HOUSTON,17.74,N
05/13/2026,16,1,HB_HOUSTON,19.02,N
05/13/2026,16,2,HB_HOUSTON,6.98,N
05/13/2026,16,3,HB_HOUSTON,23.44,N
05/13/2026,16,4,HB_HOUSTON,11.68,N
05/13/2026,17,1,HB_HOUSTON,5.4,N
05/13/2026,17,2,HB_HOUSTON,8.37,N
05/13/2026,17,3,HB_HOUSTON,34.42,N
05/13/2026,17,4,HB_HOUSTON,1.19,N
05/13/2026,18,1,HB_HOUSTON,19.0,N
05/13/2026,18,2,HB_HOUSTON,9.5,N
05/13/2026,18,3,HB_HOUSTON,12.71,N
05/13/2026,18,4,HB_HOUSTON,20.34,N
05/13/2026,19,1,HB_HOUSTON,19.44,N
05/13/2026,19,2,HB_HOUSTON,9.55,N
05/13/2026,19,3,HB_HOUSTON,4.14,N
05/13/2026,19,4,HB_HOUSTON,19.98,N
05/13/2026,20,1,HB_HOUSTON,19.93,N
05/13/2026,20,2,HB_HOUSTON,13.23,N
05/13/2026,20,3,HB_HOUSTON,19.05,N
05/13/2026,20,4,HB_HOUSTON,11.94,N
05/13/2026,21,1,HB_HOUSTON,10.39,N
05/13/2026,21,2,HB_HOUSTON,17.04,N
05/13/2026,21,3,HB_HOUSTON,21.16,N
05/13/2026,21,4,HB_HOUSTON,19.48,N
05/13/2026,22,1,HB_HOUSTON,23.47,N
05/13/2026,22,2,HB_HOUSTON,13.31,N
05/13/2026,22,3,HB_HOUSTON,32.05,N
05/13/2026,22,4,HB_HOUSTON,16.65,N
05/13/2026,23,1,HB_HOUSTON,21.55,N
05/13/2026,23,2,HB_HOUSTON,11.95,N
05/13/2026,23,3,HB_HOUSTON,20.95,N
05/13/2026,23,4,HB_HOUSTON,26.76,N
05/13/2026,24,1,HB_HOUSTON,32.22,N
05/13/2026,24,2,HB_HOUSTON,38.61,N
05/13/2026,24,3,HB_HOUSTON,30.28,N
05/13/2026,24,4,HB_HOUSTON,28.33,N
05/14/2026,1,1,HB_HOUSTON,26.43,N
05/14/2026,1,2,HB_HOUSTON,24.71,N
05/14/2026,1,3,HB_HOUSTON,37.76,N
05/14/2026,1,4,HB_HOUSTON,37.61,N
05/14/2026,2,1,HB_HOUSTON,25.27,N
05/14/2026,2,2,HB_HOUSTON,39.67,N
05/14/2026,2,3,HB_HOUSTON,39.09,N
05/14/2026,2,4,HB_HOUSTON,24.97,N
05/14/2026,3,1,HB_HOUSTON,41.82,N
05/14/2026,3,2,HB_HOUSTON,29.1,N
05/14/2026,3,3,HB_HOUSTON,18.07,N
05/14/2026,3,4,HB_HOUSTON,36.22,N
05/14/2026,4,1,HB_HOUSTON,42.67,N
05/14/2026,4,2,HB_HOUSTON,39.69,N
05/14/2026,4,3,HB_HOUSTON,63.54,N
05/14/2026,4,4,HB_HOUSTON,43.64,N
05/14/2026,5,1,HB_HOUSTON,1244.17,N
05/14/2026,5,2,HB_HOUSTON,46.43,N
05/14/2026,5,3,HB_HOUSTON,39.46,N
05/14/2026,5,4,HB_HOUSTON,50.43,N
05/14/2026,6,1,HB_HOUSTON,47.38,N
05/14/2026,6,2,HB_HOUSTON,47.01,N
05/14/2026,6,3,HB_HOUSTON,39.5,N
05/14/2026,6,4,HB_HOUSTON,31.97,N
05/14/2026,7,1,HB_HOUSTON,40.99,N
05/14/2026,7,2,HB_HOUSTON,47.26,N
05/14/2026,7,3,HB_HOUSTON,41.44,N
05/14/2026,7,4,HB_HOUSTON,47.33,N
05/14/2026,8,1,HB_HOUSTON,42.63,N
05/14/2026,8,2,HB_HOUSTON,47.93,N
05/14/2026,8,3,HB_HOUSTON,36.67,N
05/14/2026,8,4,HB_HOUSTON,46.03,N
05/14/2026,9,1,HB_HOUSTON,37.86,N
05/14/2026,9,2,HB_HOUSTON,30.68,N
05/14/2026,9,3,HB_HOUSTON,41.67,N
05/14/2026,9,4,HB_HOUSTON,55.28,N
05/14/2026,10,1,HB_HOUSTON,28.94,N
05/14/2026,10,2,HB_HOUSTON,41.56,N
05/14/2026,10,3,HB_HOUSTON,46.99,N
05/14/2026,10,4,HB_HOUSTON,59.01,N
05/14/2026,11,1,HB_HOUSTON,33.56,N
05/14/2026,11,2,HB_HOUSTON,32.44,N
05/14/2026,11,3,HB_HOUSTON,28.17,N
05/14/2026,11,4,HB_HOUSTON,46.62,N
05/14/2026,12,1,HB_HOUSTON,276.94,N
05/14/2026,12,2,HB_HOUSTON,30.92,N
05/14/2026,12,3,HB_HOUSTON,19.09,N
05/14/2026,12,4,HB_HOUSTON,40.95,N
05/14/2026,13,1,HB_HOUSTON,39.27,N
05/14/2026,13,2,HB_HOUSTON,36.77,N
05/14/2026,13,3,HB_HOUSTON,17.16,N
05/14/2026,13,4,HB_HOUSTON,34.86,N
05/14/2026,14,1,HB_HOUSTON,12.74,N
05/14/2026,14,2,HB_HOUSTON,26.58,N
05/14/2026,14,3,HB_HOUSTON,27.76,N
05/14/2026,14,4,HB_HOUSTON,28.6,N
05/14/2026,15,1,HB_HOUSTON,26.78,N
05/14/2026,15,2,HB_HOUSTON,22.44,N
05/14/2026,15,3,HB_HOUSTON,6.8,N
05/14/2026,15,4,HB_HOUSTON,26.78,N
05/14/2026,16,1,HB_HOUSTON,20.17,N
05/14/2026,16,2,HB_HOUSTON,12.17,N
05/14/2026,16,3,HB_HOUSTON,6.84,N
05/14/2026,16,4,HB_HOUSTON,31.71,N
05/14/2026,17,1,HB_HOUSTON,26.86,N
05/14/2026,17,2,HB_HOUSTON,22.66,N
05/14/2026,17,3,HB_HOUSTON,11.6,N
05/14/2026,17,4,HB_HOUSTON,-3.13,N
05/14/2026,18,1,HB_HOUSTON,21.63,N
05/14/2026,18,2,HB_HOUSTON,18.44,N
05/14/2026,18,3,HB_HOUSTON,12.51,N
05/14/2026,18,4,HB_HOUSTON,24.51,N
05/14/2026,19,1,HB_HOUSTON,21.78,N
05/14/2026,19,2,HB_HOUSTON,16.41,N
05/14/2026,19,3,HB_HOUSTON,15.28,N
05/14/2026,19,4,HB_HOUSTON,15.41,N
05/14/2026,20,1,HB_HOUSTON,20.95,N
05/14/2026,20,2,HB_HOUSTON,8.65,N
05/14/2026,20,3,HB_HOUSTON,18.92,N
05/14/2026,20,4,HB_HOUSTON,8.15,N
05/14/2026,21,1,HB_HOUSTON,27.7,N
05/14/2026,21,2,HB_HOUSTON,21.27,N
05/14/2026,21,3,HB_HOUSTON,11.5,N
05/14/2026,21,4,HB_HOUSTON,17.65,N
05/14/2026,22,1,HB_HOUSTON,12.56,N
05/14/2026,22,2,HB_HOUSTON,31.43,N
05/14/2026,22,3,HB_HOUSTON,32.38,N
05/14/2026,22,4,HB_HOUSTON,24.96,N
05/14/2026,23,1,HB_HOUSTON,34.95,N
05/14/2026,23,2,HB_HOUSTON,23.71,N
05/14/2026,23,3,HB_HOUSTON,28.61,N
05/14/2026,23,4,HB_HOUSTON,32.3,N
05/14/2026,24,1,HB_HOUSTON,26.07,N
05/14/2026,24,2,HB_HOUSTON,26.69,N
05/14/2026,24,3,HB_HOUSTON,33.59,N
05/14/2026,24,4,HB_HOUSTON,31.29,N
05/15/2026,1,1,HB_HOUSTON,23.96,N
05/15/2026,1,2,HB_HOUSTON,12.51,N
05/15/2026,1,3,HB_HOUSTON,28.6,N
05/15/2026,1,4,HB_HOUSTON,13.22,N
05/15/2026,2,1,HB_HOUSTON,275.95,N
05/15/2026,2,2,HB_HOUSTON,26.89,N
05/15/2026,2,3,HB_HOUSTON,29.33,N
05/15/2026,2,4,HB_HOUSTON,40.45,N
05/15/2026,3,1,HB_HOUSTON,45.8,N
05/15/2026,3,2,HB_HOUSTON,41.57,N
05/15/2026,3,3,HB_HOUSTON,42.56,N
05/15/2026,3,4,HB_HOUSTON,42.75,N
05/15/2026,4,1,HB_HOUSTON,20.63,N
05/15/2026,4,2,HB_HOUSTON,40.69,N
05/15/2026,4,3,HB_HOUSTON,26.23,N
05/15/2026,4,4,HB_HOUSTON,44.68,N
05/15/2026,5,1,HB_HOUSTON,26.25,N
05/15/2026,5,2,HB_HOUSTON,41.55,N
05/15/2026,5,3,HB_HOUSTON,47.37,N
05/15/2026,5,4,HB_HOUSTON,34.05,N
05/15/2026,6,1,HB_HOUSTON,52.18,N
05/15/2026,6,2,HB_HOUSTON,48.54,N
05/15/2026,6,3,HB_HOUSTON,47.54,N
05/15/2026,6,4,HB_HOUSTON,50.07,N
05/15/2026,7,1,HB_HOUSTON,42.13,N
05/15/2026,7,2,HB_HOUSTON,46.22,N
05/15/2026,7,3,HB_HOUSTON,45.08,N
05/15/2026,7,4,HB_HOUSTON,44.9,N
05/15/2026,8,1,HB_HOUSTON,39.11,N
05/15/2026,8,2,HB_HOUSTON,34.55,N
05/15/2026,8,3,HB_HOUSTON,41.79,N
05/15/2026,8,4,HB_HOUSTON,41.35,N
05/15/2026,9,1,HB_HOUSTON,37.1,N
05/15/2026,9,2,HB_HOUSTON,49.81,N
05/15/2026,9,3,HB_HOUSTON,33.61,N
05/15/2026,9,4,HB_HOUSTON,41.62,N
05/15/2026,10,1,HB_HOUSTON,49.94,N
05/15/2026,10,2,HB_HOUSTON,47.88,N
05/15/2026,10,3,HB_HOUSTON,50.34,N
05/15/2026,10,4,HB_HOUSTON,35.88,N
05/15/2026,11,1,HB_HOUSTON,43.77,N
05/15/2026,11,2,HB_HOUSTON,-16.0,N
05/15/2026,11,3,HB_HOUSTON,35.29,N
05/15/2026,11,4,HB_HOUSTON,36.05,N
05/15/2026,12,1,HB_HOUSTON,29.28,N
05/15/2026,12,2,HB_HOUSTON,30.99,N
05/15/2026,12,3,HB_HOUSTON,29.94,N
05/15/2026,12,4,HB_HOUSTON,26.02,N
05/15/2026,13,1,HB_HOUSTON,36.85,N
05/15/2026,13,2,HB_HOUSTON,28.54,N
05/15/2026,13,3,HB_HOUSTON,31.61,N
05/15/2026,13,4,HB_HOUSTON,31.31,N
05/15/2026,14,1,HB_HOUSTON,26.56,N
05/15/2026,14,2,HB_HOUSTON,26.86,N
05/15/2026,14,3,HB_HOUSTON,23.67,N
05/15/2026,14,4,HB_HOUSTON,37.46,N
05/15/2026,15,1,HB_HOUSTON,28.59,N
05/15/2026,15,2,HB_HOUSTON,22.65,N
05/15/2026,15,3,HB_HOUSTON,18.92,N
05/15/2026,15,4,HB_HOUSTON,21.55,N
05/15/2026,16,1,HB_HOUSTON,22.73,N
05/15/2026,16,2,HB_HOUSTON,31.39,N
05/15/2026,16,3,HB_HOUSTON,8.41,N
05/15/2026,16,4,HB_HOUSTON,24.67,N
05/15/2026,17,1,HB_HOUSTON,26.02,N
05/15/2026,17,2,HB_HOUSTON,5.12,N
05/15/2026,17,3,HB_HOUSTON,15.56,N
05/15/2026,17,4,HB_HOUSTON,8.49,N
05/15/2026,18,1,HB_HOUSTON,18.96,N
05/15/2026,18,2,HB_HOUSTON,12.64,N
05/15/2026,18,3,HB_HOUSTON,14.47,N
05/15/2026,18,4,HB_HOUSTON,12.22,N
05/15/2026,19,1,HB_HOUSTON,20.76,N
05/15/2026,19,2,HB_HOUSTON,16.83,N
05/15/2026,19,3,HB_HOUSTON,16.85,N
05/15/2026,19,4,HB_HOUSTON,16.28,N
05/15/2026,20,1,HB_HOUSTON,20.09,N
05/15/2026,20,2,HB_HOUSTON,13.42,N
05/15/2026,20,3,HB_HOUSTON,29.12,N
05/15/2026,20,4,HB_HOUSTON,5.63,N
05/15/2026,21,1,HB_HOUSTON,3.2,N
05/15/2026,21,2,HB_HOUSTON,2.54,N
05/15/2026,21,3,HB_HOUSTON,0.37,N
05/15/2026,21,4,HB_HOUSTON,22.39,N
05/15/2026,22,1,HB_HOUSTON,23.8,N
05/15/2026,22,2,HB_HOUSTON,29.06,N
05/15/2026,22,3,HB_HOUSTON,10.94,N
05/15/2026,22,4,HB_HOUSTON,25.36,N
05/15/2026,23,1,HB_HOUSTON,22.95,N
05/15/2026,23,2,HB_HOUSTON,23.83,N
05/15/2026,23,3,HB_HOUSTON,27.5,N
05/15/2026,23,4,HB_HOUSTON,16.45,N
05/15/2026,24,1,HB_HOUSTON,46.82,N
05/15/2026,24,2,HB_HOUSTON,36.77,N
05/15/2026,24,3,HB_HOUSTON,21.86,N
05/15/2026,24,4,HB_HOUSTON,17.39,N
05/16/2026,1,1,HB_HOUSTON,29.3,N
05/16/2026,1,2,HB_HOUSTON,31.46,N
05/16/2026,1,3,HB_HOUSTON,38.52,N
05/16/2026,1,4,HB_HOUSTON,20.65,N
05/16/2026,2,1,HB_HOUSTON,36.17,N
05/16/2026,2,2,HB_HOUSTON,21.65,N
05/16/2026,2,3,HB_HOUSTON,37.37,N
05/16/2026,2,4,HB_HOUSTON,33.02,N
05/16/2026,3,1,HB_HOUSTON,52.99,N
05/16/2026,3,2,HB_HOUSTON,25.13,N
05/16/2026,3,3,HB_HOUSTON,48.46,N
05/16/2026,3,4,HB_HOUSTON,23.87,N
05/16/2026,4,1,HB_HOUSTON,29.99,N
05/16/2026,4,2,HB_HOUSTON,27.19,N
05/16/2026,4,3,HB_HOUSTON,42.61,N
05/16/2026,4,4,HB_HOUSTON,31.22,N
05/16/2026,5,1,HB_HOUSTON,32.2,N
05/16/2026,5,2,HB_HOUSTON,44.61,N
05/16/2026,5,3,HB_HOUSTON,46.6,N
05/16/2026,5,4,HB_HOUSTON,43.31,N
05/16/2026,6,1,HB_HOUSTON,43.19,N
05/16/2026,6,2,HB_HOUSTON,59.12,N
05/16/2026,6,3,HB_HOUSTON,45.66,N
05/16/2026,6,4,HB_HOUSTON,50.93,N
05/16/2026,7,1,HB_HOUSTON,46.14,N
05/16/2026,7,2,HB_HOUSTON,36.22,N
05/16/2026,7,3,HB_HOUSTON,49.4,N
05/16/2026,7,4,HB_HOUSTON,39.75,N
05/16/2026,8,1,HB_HOUSTON,43.76,N
05/16/2026,8,2,HB_HOUSTON,46.93,N
05/16/2026,8,3,HB_HOUSTON,28.96,N
05/16/2026,8,4,HB_HOUSTON,31.61,N
05/16/2026,9,1,HB_HOUSTON,50.27,N
05/16/2026,9,2,HB_HOUSTON,37.68,N
05/16/2026,9,3,HB_HOUSTON,38.06,N
05/16/2026,9,4,HB_HOUSTON,44.32,N
05/16/2026,10,1,HB_HOUSTON,37.52,N
05/16/2026,10,2,HB_HOUSTON,43.95,N
05/16/2026,10,3,HB_HOUSTON,40.2,N
05/16/2026,10,4,HB_HOUSTON,42.2,N
05/16/2026,11,1,HB_HOUSTON,31.89,N
05/16/2026,11,2,HB_HOUSTON,39.05,N
05/16/2026,11,3,HB_HOUSTON,46.34,N
05/16/2026,11,4,HB_HOUSTON,32.96,N
05/16/2026,12,1,HB_HOUSTON,41.2,N
05/16/2026,12,2,HB_HOUSTON,33.47,N
05/16/2026,12,3,HB_HOUSTON,39.76,N
05/16/2026,12,4,HB_HOUSTON,34.91,N
05/16/2026,13,1,HB_HOUSTON,29.73,N
05/16/2026,13,2,HB_HOUSTON,32.8,N
05/16/2026,13,3,HB_HOUSTON,39.71,N
05/16/2026,13,4,HB_HOUSTON,31.89,N
05/16/2026,14,1,HB_HOUSTON,29.95,N
05/16/2026,14,2,HB_HOUSTON,23.17,N
05/16/2026,14,3,HB_HOUSTON,38.68,N
05/16/2026,14,4,HB_HOUSTON,31.24,N
05/16/2026,15,1,HB_HOUSTON,23.12,N
05/16/2026,15,2,HB_HOUSTON,21.52,N
05/16/2026,15,3,HB_HOUSTON,30.32,N
05/16/2026,15,4,HB_HOUSTON,17.65,N
05/16/2026,16,1,HB_HOUSTON,5.13,N
05/16/2026,16,2,HB_HOUSTON,19.97,N
05/16/2026,16,3,HB_HOUSTON,28.91,N
05/16/2026,16,4,HB_HOUSTON,32.12,N
05/16/2026,17,1,HB_HOUSTON,16.15,N
05/16/2026,17,2,HB_HOUSTON,17.36,N
05/16/2026,17,3,HB_HOUSTON,21.17,N
05/16/2026,17,4,HB_HOUSTON,14.89,N
05/16/2026,18,1,HB_HOUSTON,19.64,N
05/16/2026,18,2,HB_HOUSTON,14.83,N
05/16/2026,18,3,HB_HOUSTON,23.6,N
05/16/2026,18,4,HB_HOUSTON,21.29,N
05/16/2026,19,1,HB_HOUSTON,21.48,N
05/16/2026,19,2,HB_HOUSTON,13.36,N
05/16/2026,19,3,HB_HOUSTON,30.41,N
05/16/2026,19,4,HB_HOUSTON,18.87,N
05/16/2026,20,1,HB_HOUSTON,17.49,N
05/16/2026,20,2,HB_HOUSTON,9.42,N
05/16/2026,20,3,HB_HOUSTON,14.73,N
05/16/2026,20,4,HB_HOUSTON,16.43,N
05/16/2026,21,1,HB_HOUSTON,10.71,N
05/16/2026,21,2,HB_HOUSTON,14.67,N
05/16/2026,21,3,HB_HOUSTON,15.68,N
05/16/2026,21,4,HB_HOUSTON,17.46,N
05/16/2026,22,1,HB_HOUSTON,5.29,N
05/16/2026,22,2,HB_HOUSTON,18.31,N
05/16/2026,22,3,HB_HOUSTON,16.37,N
05/16/2026,22,4,HB_HOUSTON,19.23,N
05/16/2026,23,1,HB_HOUSTON,30.78,N
05/16/2026,23,2,HB_HOUSTON,38.92,N
05/16/2026,23,3,HB_HOUSTON,27.93,N
05/16/2026,23,4,HB_HOUSTON,12.62,N
05/16/2026,24,1,HB_HOUSTON,23.35,N
05/16/2026,24,2,HB_HOUSTON,-14.11,N
05/16/2026,24,3,HB_HOUSTON,29.98,N
05/16/2026,24,4,HB_HOUSTON,34.02,N
05/17/2026,1,1,HB_HOUSTON,29.22,N
05/17/2026,1,2,HB_HOUSTON,27.09,N
05/17/2026,1,3,HB_HOUSTON,44.02,N
05/17/2026,1,4,HB_HOUSTON,30.47,N
05/17/2026,2,1,HB_HOUSTON,25.75,N
05/17/2026,2,2,HB_HOUSTON,45.68,N
05/17/2026,2,3,HB_HOUSTON,21.91,N
05/17/2026,2,4,HB_HOUSTON,5.92,N
05/17/2026,3,1,HB_HOUSTON,43.66,N
05/17/2026,3,2,HB_HOUSTON,44.79,N
05/17/2026,3,3,HB_HOUSTON,40.81,N
05/17/2026,3,4,HB_HOUSTON,27.08,N
05/17/2026,4,1,HB_HOUSTON,40.14,N
05/17/2026,4,2,HB_HOUSTON,38.38,N
05/17/2026,4,3,HB_HOUSTON,36.31,N
05/17/2026,4,4,HB_HOUSTON,51.9,N
05/17/2026,5,1,HB_HOUSTON,34.62,N
05/17/2026,5,2,HB_HOUSTON,45.52,N
05/17/2026,5,3,HB_HOUSTON,52.54,N
05/17/2026,5,4,HB_HOUSTON,46.04,N
05/17/2026,6,1,HB_HOUSTON,54.42,N
05/17/2026,6,2,HB_HOUSTON,49.0,N
05/17/2026,6,3,HB_HOUSTON,47.92,N
05/17/2026,6,4,HB_HOUSTON,47.42,N
05/17/2026,7,1,HB_HOUSTON,49.91,N
05/17/2026,7,2,HB_HOUSTON,41.92,N
05/17/2026,7,3,HB_HOUSTON,284.59,N
05/17/2026,7,4,HB_HOUSTON,52.63,N
05/17/2026,8,1,HB_HOUSTON,53.78,N
05/17/2026,8,2,HB_HOUSTON,296.5,N
05/17/2026,8,3,HB_HOUSTON,40.1,N
05/17/2026,8,4,HB_HOUSTON,32.03,N
05/17/2026,9,1,HB_HOUSTON,43.68,N
05/17/2026,9,2,HB_HOUSTON,32.2,N
05/17/2026,9,3,HB_HOUSTON,31.08,N
05/17/2026,9,4,HB_HOUSTON,292.82,N
05/17/2026,10,1,HB_HOUSTON,34.5,N
05/17/2026,10,2,HB_HOUSTON,43.37,N
05/17/2026,10,3,HB_HOUSTON,39.33,N
05/17/2026,10,4,HB_HOUSTON,35.75,N
05/17/2026,11,1,HB_HOUSTON,23.86,N
05/17/2026,11,2,HB_HOUSTON,30.68,N
05/17/2026,11,3,HB_HOUSTON,30.97,N
05/17/2026,11,4,HB_HOUSTON,27.7,N
05/17/2026,12,1,HB_HOUSTON,31.25,N
05/17/2026,12,2,HB_HOUSTON,24.7,N
05/17/2026,12,3,HB_HOUSTON,32.57,N
05/17/2026,12,4,HB_HOUSTON,35.81,N
05/17/2026,13,1,HB_HOUSTON,23.39,N
05/17/2026,13,2,HB_HOUSTON,33.4,N
05/17/2026,13,3,HB_HOUSTON,19.11,N
05/17/2026,13,4,HB_HOUSTON,21.1,N
05/17/2026,14,1,HB_HOUSTON,25.21,N
05/17/2026,14,2,HB_HOUSTON,31.61,N
05/17/2026,14,3,HB_HOUSTON,33.06,N
05/17/2026,14,4,HB_HOUSTON,39.02,N
05/17/2026,15,1,HB_HOUSTON,19.49,N
05/17/2026,15,2,HB_HOUSTON,21.48,N
05/17/2026,15,3,HB_HOUSTON,14.24,N
05/17/2026,15,4,HB_HOUSTON,12.47,N
05/17/2026,16,1,HB_HOUSTON,21.22,N
05/17/2026,16,2,HB_HOUSTON,13.19,N
05/17/2026,16,3,HB_HOUSTON,29.25,N
05/17/2026,16,4,HB_HOUSTON,7.69,N
05/17/2026,17,1,HB_HOUSTON,20.9,N
05/17/2026,17,2,HB_HOUSTON,8.96,N
05/17/2026,17,3,HB_HOUSTON,10.45,N
05/17/2026,17,4,HB_HOUSTON,21.32,N
05/17/2026,18,1,HB_HOUSTON,10.1,N
05/17/2026,18,2,HB_HOUSTON,11.38,N
05/17/2026,18,3,HB_HOUSTON,9.01,N
05/17/2026,18,4,HB_HOUSTON,29.79,N
05/17/2026,19,1,HB_HOUSTON,10.06,N
05/17/2026,19,2,HB_HOUSTON,15.41,N
05/17/2026,19,3,HB_HOUSTON,13.38,N
05/17/2026,19,4,HB_HOUSTON,16.77,N
05/17/2026,20,1,HB_HOUSTON,10.59,N
05/17/2026,20,2,HB_HOUSTON,13.9,N
05/17/2026,20,3,HB_HOUSTON,18.66,N
05/17/2026,20,4,HB_HOUSTON,8.61,N
05/17/2026,21,1,HB_HOUSTON,25.72,N
05/17/2026,21,2,HB_HOUSTON,26.49,N
05/17/2026,21,3,HB_HOUSTON,21.86,N
05/17/2026,21,4,HB_HOUSTON,17.57,N
05/17/2026,22,1,HB_HOUSTON,-4.53,N
05/17/2026,22,2,HB_HOUSTON,22.79,N
05/17/2026,22,3,HB_HOUSTON,16.26,N
05/17/2026,22,4,HB_HOUSTON,17.42,N
05/17/2026,23,1,HB_HOUSTON,7.32,N
05/17/2026,23,2,HB_HOUSTON,26.45,N
05/17/2026,23,3,HB_HOUSTON,10.91,N
05/17/2026,23,4,HB_HOUSTON,23.45,N
05/17/2026,24,1,HB_HOUSTON,33.35,N
05/17/2026,24,2,HB_HOUSTON,22.36,N
05/17/2026,24,3,HB_HOUSTON,35.85,N
05/17/2026,24,4,HB_HOUSTON,20.14,N
05/18/2026,1,1,HB_HOUSTON,34.8,N
05/18/2026,1,2,HB_HOUSTON,19.56,N
05/18/2026,1,3,HB_HOUSTON,38.25,N
05/18/2026,1,4,HB_HOUSTON,37.01,N
05/18/2026,2,1,HB_HOUSTON,37.63,N
05/18/2026,2,2,HB_HOUSTON,30.74,N
05/18/2026,2,3,HB_HOUSTON,22.67,N
05/18/2026,2,4,HB_HOUSTON,30.76,N
05/18/2026,3,1,HB_HOUSTON,46.38,N
05/18/2026,3,2,HB_HOUSTON,38.54,N
05/18/2026,3,3,HB_HOUSTON,25.08,N
05/18/2026,3,4,HB_HOUSTON,28.5,N
05/18/2026,4,1,HB_HOUSTON,50.63,N
05/18/2026,4,2,HB_HOUSTON,44.51,N
05/18/2026,4,3,HB_HOUSTON,30.73,N
05/18/2026,4,4,HB_HOUSTON,26.48,N
05/18/2026,5,1,HB_HOUSTON,37.99,N
05/18/2026,5,2,HB_HOUSTON,28.18,N
05/18/2026,5,3,HB_HOUSTON,41.74,N
05/18/2026,5,4,HB_HOUSTON,62.6,N
05/18/2026,6,1,HB_HOUSTON,281.71,N
05/18/2026,6,2,HB_HOUSTON,43.0,N
05/18/2026,6,3,HB_HOUSTON,54.98,N
05/18/2026,6,4,HB_HOUSTON,50.48,N
05/18/2026,7,1,HB_HOUSTON,43.81,N
05/18/2026,7,2,HB_HOUSTON,43.83,N
05/18/2026,7,3,HB_HOUSTON,35.75,N
05/18/2026,7,4,HB_HOUSTON,42.86,N
05/18/2026,8,1,HB_HOUSTON,46.44,N
05/18/2026,8,2,HB_HOUSTON,53.33,N
05/18/2026,8,3,HB_HOUSTON,39.53,N
05/18/2026,8,4,HB_HOUSTON,42.97,N
05/18/2026,9,1,HB_HOUSTON,35.4,N
05/18/2026,9,2,HB_HOUSTON,44.79,N
05/18/2026,9,3,HB_HOUSTON,49.26,N
05/18/2026,9,4,HB_HOUSTON,48.03,N
05/18/2026,10,1,HB_HOUSTON,31.25,N
05/18/2026,10,2,HB_HOUSTON,41.78,N
05/18/2026,10,3,HB_HOUSTON,35.19,N
05/18/2026,10,4,HB_HOUSTON,48.7,N
05/18/2026,11,1,HB_HOUSTON,36.21,N
05/18/2026,11,2,HB_HOUSTON,25.34,N
05/18/2026,11,3,HB_HOUSTON,35.74,N
05/18/2026,11,4,HB_HOUSTON,41.17,N
05/18/2026,12,1,HB_HOUSTON,35.83,N
05/18/2026,12,2,HB_HOUSTON,29.79,N
05/18/2026,12,3,HB_HOUSTON,29.2,N
05/18/2026,12,4,HB_HOUSTON,25.98,N
05/18/2026,13,1,HB_HOUSTON,26.84,N
05/18/2026,13,2,HB_HOUSTON,23.15,N
05/18/2026,13,3,HB_HOUSTON,37.76,N
05/18/2026,13,4,HB_HOUSTON,22.79,N
05/18/2026,14,1,HB_HOUSTON,27.1,N
05/18/2026,14,2,HB_HOUSTON,26.55,N
05/18/2026,14,3,HB_HOUSTON,33.68,N
05/18/2026,14,4,HB_HOUSTON,34.83,N
05/18/2026,15,1,HB_HOUSTON,28.07,N
05/18/2026,15,2,HB_HOUSTON,25.32,N
05/18/2026,15,3,HB_HOUSTON,14.11,N
05/18/2026,15,4,HB_HOUSTON,13.95,N
05/18/2026,16,1,HB_HOUSTON,12.63,N
05/18/2026,16,2,HB_HOUSTON,25.41,N
05/18/2026,16,3,HB_HOUSTON,19.98,N
05/18/2026,16,4,HB_HOUSTON,26.34,N
05/18/2026,17,1,HB_HOUSTON,25.03,N
05/18/2026,17,2,HB_HOUSTON,11.2,N
05/18/2026,17,3,HB_HOUSTON,17.27,N
05/18/2026,17,4,HB_HOUSTON,16.91,N
05/18/2026,18,1,HB_HOUSTON,12.89,N
05/18/2026,18,2,HB_HOUSTON,11.23,N
05/18/2026,18,3,HB_HOUSTON,24.99,N
05/18/2026,18,4,HB_HOUSTON,15.93,N
05/18/2026,19,1,HB_HOUSTON,15.11,N
05/18/2026,19,2,HB_HOUSTON,8.58,N
05/18/2026,19,3,HB_HOUSTON,20.4,N
05/18/2026,19,4,HB_HOUSTON,6.96,N
05/18/2026,20,1,HB_HOUSTON,-25.85,N
05/18/2026,20,2,HB_HOUSTON,19.37,N
05/18/2026,20,3,HB_HOUSTON,12.21,N
05/18/2026,20,4,HB_HOUSTON,18.05,N
05/18/2026,21,1,HB_HOUSTON,18.49,N
05/18/2026,21,2,HB_HOUSTON,16.69,N
05/18/2026,21,3,HB_HOUSTON,17.11,N
05/18/2026,21,4,HB_HOUSTON,17.5,N
05/18/2026,22,1,HB_HOUSTON,20.43,N
05/18/2026,22,2,HB_HOUSTON,19.88,N
05/18/2026,22,3,HB_HOUSTON,10.56,N
05/18/2026,22,4,HB_HOUSTON,18.18,N
05/18/2026,23,1,HB_HOUSTON,24.62,N
05/18/2026,23,2,HB_HOUSTON,23.28,N
05/18/2026,23,3,HB_HOUSTON,30.13,N
05/18/2026,23,4,HB_HOUSTON,27.46,N
05/18/2026,24,1,HB_HOUSTON,19.15,N
05/18/2026,24,2,HB_HOUSTON,24.78,N
05/18/2026,24,3,HB_HOUSTON,23.63,N
05/18/2026,24,4,HB_HOUSTON,26.08,N
05/19/2026,1,1,HB_HOUSTON,29.98,N
05/19/2026,1,2,HB_HOUSTON,34.89,N
05/19/2026,1,3,HB_HOUSTON,31.42,N
05/19/2026,1,4,HB_HOUSTON,39.84,N
05/19/2026,2,1,HB_HOUSTON,35.81,N
05/19/2026,2,2,HB_HOUSTON,27.24,N
05/19/2026,2,3,HB_HOUSTON,30.14,N
05/19/2026,2,4,HB_HOUSTON,38.71,N
05/19/2026,3,1,HB_HOUSTON,24.59,N
05/19/2026,3,2,HB_HOUSTON,26.73,N
05/19/2026,3,3,HB_HOUSTON,37.59,N
05/19/2026,3,4,HB_HOUSTON,45.11,N
05/19/2026,4,1,HB_HOUSTON,51.06,N
05/19/2026,4,2,HB_HOUSTON,38.87,N
05/19/2026,4,3,HB_HOUSTON,49.09,N
05/19/2026,4,4,HB_HOUSTON,41.18,N
05/19/2026,5,1,HB_HOUSTON,30.74,N
05/19/2026,5,2,HB_HOUSTON,42.93,N
05/19/2026,5,3,HB_HOUSTON,38.04,N
05/19/2026,5,4,HB_HOUSTON,50.34,N
05/19/2026,6,1,HB_HOUSTON,44.28,N
05/19/2026,6,2,HB_HOUSTON,34.27,N
05/19/2026,6,3,HB_HOUSTON,32.49,N
05/19/2026,6,4,HB_HOUSTON,44.32,N
05/19/2026,7,1,HB_HOUSTON,25.64,N
05/19/2026,7,2,HB_HOUSTON,40.85,N
05/19/2026,7,3,HB_HOUSTON,46.85,N
05/19/2026,7,4,HB_HOUSTON,36.54,N
05/19/2026,8,1,HB_HOUSTON,52.44,N
05/19/2026,8,2,HB_HOUSTON,54.02,N
05/19/2026,8,3,HB_HOUSTON,36.36,N
05/19/2026,8,4,HB_HOUSTON,42.1,N
05/19/2026,9,1,HB_HOUSTON,50.95,N
05/19/2026,9,2,HB_HOUSTON,42.98,N
05/19/2026,9,3,HB_HOUSTON,31.83,N
05/19/2026,9,4,HB_HOUSTON,41.84,N
05/19/2026,10,1,HB_HOUSTON,33.78,N
05/19/2026,10,2,HB_HOUSTON,49.47,N
05/19/2026,10,3,HB_HOUSTON,45.45,N
05/19/2026,10,4,HB_HOUSTON,38.1,N
05/19/2026,11,1,HB_HOUSTON,38.64,N
05/19/2026,11,2,HB_HOUSTON,27.04,N
05/19/2026,11,3,HB_HOUSTON,31.47,N
05/19/2026,11,4,HB_HOUSTON,49.93,N
05/19/2026,12,1,HB_HOUSTON,34.31,N
05/19/2026,12,2,HB_HOUSTON,41.32,N
05/19/2026,12,3,HB_HOUSTON,35.74,N
05/19/2026,12,4,HB_HOUSTON,44.4,N
05/19/2026,13,1,HB_HOUSTON,14.01,N
05/19/2026,13,2,HB_HOUSTON,28.49,N
05/19/2026,13,3,HB_HOUSTON,43.16,N
05/19/2026,13,4,HB_HOUSTON,37.65,N
05/19/2026,14,1,HB_HOUSTON,36.72,N
05/19/2026,14,2,HB_HOUSTON,26.06,N
05/19/2026,14,3,HB_HOUSTON,21.82,N
05/19/2026,14,4,HB_HOUSTON,-27.1,N
05/19/2026,15,1,HB_HOUSTON,13.72,N
05/19/2026,15,2,HB_HOUSTON,28.96,N
05/19/2026,15,3,HB_HOUSTON,26.61,N
05/19/2026,15,4,HB_HOUSTON,21.97,N
05/19/2026,16,1,HB_HOUSTON,23.46,N
05/19/2026,16,2,HB_HOUSTON,20.53,N
05/19/2026,16,3,HB_HOUSTON,27.09,N
05/19/2026,16,4,HB_HOUSTON,27.01,N
05/19/2026,17,1,HB_HOUSTON,8.48,N
05/19/2026,17,2,HB_HOUSTON,19.2,N
05/19/2026,17,3,HB_HOUSTON,3.66,N
05/19/2026,17,4,HB_HOUSTON,268.07,N
05/19/2026,18,1,HB_HOUSTON,20.35,N
05/19/2026,18,2,HB_HOUSTON,5.0,N
05/19/2026,18,3,HB_HOUSTON,12.18,N
05/19/2026,18,4,HB_HOUSTON,15.59,N
05/19/2026,19,1,HB_HOUSTON,16.87,N
05/19/2026,19,2,HB_HOUSTON,12.77,N
05/19/2026,19,3,HB_HOUSTON,5.62,N
05/19/2026,19,4,HB_HOUSTON,14.57,N
05/19/2026,20,1,HB_HOUSTON,2.29,N
05/19/2026,20,2,HB_HOUSTON,13.65,N
05/19/2026,20,3,HB_HOUSTON,11.98,N
05/19/2026,20,4,HB_HOUSTON,14.44,N
05/19/2026,21,1,HB_HOUSTON,12.54,N
05/19/2026,21,2,HB_HOUSTON,4.95,N
05/19/2026,21,3,HB_HOUSTON,14.08,N
05/19/2026,21,4,HB_HOUSTON,24.46,N
05/19/2026,22,1,HB_HOUSTON,29.49,N
05/19/2026,22,2,HB_HOUSTON,38.91,N
05/19/2026,22,3,HB_HOUSTON,32.93,N
05/19/2026,22,4,HB_HOUSTON,9.82,N
05/19/2026,23,1,HB_HOUSTON,19.23,N
05/19/2026,23,2,HB_HOUSTON,22.32,N
05/19/2026,23,3,HB_HOUSTON,21.82,N
05/19/2026,23,4,HB_HOUSTON,23.06,N
05/19/2026,24,1,HB_HOUSTON,45.38,N
05/19/2026,24,2,HB_HOUSTON,17.46,N
05/19/2026,24,3,HB_HOUSTON,20.41,N
05/19/2026,24,4,HB_HOUSTON,39.27,N
05/20/2026,1,1,HB_HOUSTON,1225.07,N
05/20/2026,1,2,HB_HOUSTON,283.15,N
05/20/2026,1,3,HB_HOUSTON,38.28,N
05/20/2026,1,4,HB_HOUSTON,33.89,N
05/20/2026,2,1,HB_HOUSTON,35.42,N
05/20/2026,2,2,HB_HOUSTON,41.39,N
05/20/2026,2,3,HB_HOUSTON,26.74,N
05/20/2026,2,4,HB_HOUSTON,29.91,N
05/20/2026,3,1,HB_HOUSTON,41.79,N
05/20/2026,3,2,HB_HOUSTON,270.94,N
05/20/2026,3,3,HB_HOUSTON,48.83,N
05/20/2026,3,4,HB_HOUSTON,39.93,N
05/20/2026,4,1,HB_HOUSTON,41.83,N
05/20/2026,4,2,HB_HOUSTON,27.56,N
05/20/2026,4,3,HB_HOUSTON,30.31,N
05/20/2026,4,4,HB_HOUSTON,37.42,N
05/20/2026,5,1,HB_HOUSTON,49.45,N
05/20/2026,5,2,HB_HOUSTON,26.38,N
05/20/2026,5,3,HB_HOUSTON,49.3,N
05/20/2026,5,4,HB_HOUSTON,40.11,N
05/20/2026,6,1,HB_HOUSTON,42.7,N
05/20/2026,6,2,HB_HOUSTON,296.52,N
05/20/2026,6,3,HB_HOUSTON,46.64,N
05/20/2026,6,4,HB_HOUSTON,38.79,N
05/20/2026,7,1,HB_HOUSTON,50.0,N
05/20/2026,7,2,HB_HOUSTON,26.44,N
05/20/2026,7,3,HB_HOUSTON,41.4,N
05/20/2026,7,4,HB_HOUSTON,46.23,N
05/20/2026,8,1,HB_HOUSTON,41.73,N
05/20/2026,8,2,HB_HOUSTON,29.87,N
05/20/2026,8,3,HB_HOUSTON,50.55,N
05/20/2026,8,4,HB_HOUSTON,34.5,N
05/20/2026,9,1,HB_HOUSTON,42.45,N
05/20/2026,9,2,HB_HOUSTON,44.21,N
05/20/2026,9,3,HB_HOUSTON,43.15,N
05/20/2026,9,4,HB_HOUSTON,52.34,N
05/20/2026,10,1,HB_HOUSTON,40.18,N
05/20/2026,10,2,HB_HOUSTON,44.03,N
05/20/2026,10,3,HB_HOUSTON,40.16,N
05/20/2026,10,4,HB_HOUSTON,45.51,N
05/20/2026,11,1,HB_HOUSTON,48.65,N
05/20/2026,11,2,HB_HOUSTON,38.6,N
05/20/2026,11,3,HB_HOUSTON,43.75,N
05/20/2026,11,4,HB_HOUSTON,49.14,N
05/20/2026,12,1,HB_HOUSTON,44.74,N
05/20/2026,12,2,HB_HOUSTON,30.8,N
05/20/2026,12,3,HB_HOUSTON,42.17,N
05/20/2026,12,4,HB_HOUSTON,35.87,N
05/20/2026,13,1,HB_HOUSTON,38.94,N
05/20/2026,13,2,HB_HOUSTON,34.55,N
05/20/2026,13,3,HB_HOUSTON,32.21,N
05/20/2026,13,4,HB_HOUSTON,33.47,N
05/20/2026,14,1,HB_HOUSTON,28.16,N
05/20/2026,14,2,HB_HOUSTON,28.47,N
05/20/2026,14,3,HB_HOUSTON,24.85,N
05/20/2026,14,4,HB_HOUSTON,24.1,N
05/20/2026,15,1,HB_HOUSTON,36.61,N
05/20/2026,15,2,HB_HOUSTON,26.32,N
05/20/2026,15,3,HB_HOUSTON,17.91,N
05/20/2026,15,4,HB_HOUSTON,20.28,N
05/20/2026,16,1,HB_HOUSTON,27.84,N
05/20/2026,16,2,HB_HOUSTON,13.5,N
05/20/2026,16,3,HB_HOUSTON,7.54,N
05/20/2026,16,4,HB_HOUSTON,8.13,N
05/20/2026,17,1,HB_HOUSTON,3.18,N
05/20/2026,17,2,HB_HOUSTON,6.62,N
05/20/2026,17,3,HB_HOUSTON,7.56,N
05/20/2026,17,4,HB_HOUSTON,28.09,N
05/20/2026,18,1,HB_HOUSTON,15.14,N
05/20/2026,18,2,HB_HOUSTON,12.61,N
05/20/2026,18,3,HB_HOUSTON,3.96,N
05/20/2026,18,4,HB_HOUSTON,14.37,N
05/20/2026,19,1,HB_HOUSTON,1.1,N
05/20/2026,19,2,HB_HOUSTON,12.04,N
05/20/2026,19,3,HB_HOUSTON,31.52,N
05/20/2026,19,4,HB_HOUSTON,20.31,N
05/20/2026,20,1,HB_HOUSTON,13.83,N
05/20/2026,20,2,HB_HOUSTON,271.1,N
05/20/2026,20,3,HB_HOUSTON,11.34,N
05/20/2026,20,4,HB_HOUSTON,9.11,N
05/20/2026,21,1,HB_HOUSTON,30.64,N
05/20/2026,21,2,HB_HOUSTON,7.87,N
05/20/2026,21,3,HB_HOUSTON,14.18,N
05/20/2026,21,4,HB_HOUSTON,19.46,N
05/20/2026,22,1,HB_HOUSTON,11.9,N
05/20/2026,22,2,HB_HOUSTON,24.6,N
05/20/2026,22,3,HB_HOUSTON,16.94,N
05/20/2026,22,4,HB_HOUSTON,24.7,N
05/20/2026,23,1,HB_HOUSTON,27.19,N
05/20/2026,23,2,HB_HOUSTON,20.56,N
05/20/2026,23,3,HB_HOUSTON,36.19,N
05/20/2026,23,4,HB_HOUSTON,17.18,N
05/20/2026,24,1,HB_HOUSTON,36.91,N
05/20/2026,24,2,HB_HOUSTON,35.52,N
05/20/2026,24,3,HB_HOUSTON,40.28,N
05/20/2026,24,4,HB_HOUSTON,27.51,N
05/21/2026,1,1,HB_HOUSTON,23.69,N
05/21/2026,1,2,HB_HOUSTON,46.61,N
05/21/2026,1,3,HB_HOUSTON,27.32,N
05/21/2026,1,4,HB_HOUSTON,23.49,N
05/21/2026,2,1,HB_HOUSTON,1232.36,N
05/21/2026,2,2,HB_HOUSTON,26.03,N
05/21/2026,2,3,HB_HOUSTON,38.09,N
05/21/2026,2,4,HB_HOUSTON,29.04,N
05/21/2026,3,1,HB_HOUSTON,35.2,N
05/21/2026,3,2,HB_HOUSTON,45.24,N
05/21/2026,3,3,HB_HOUSTON,42.49,N
05/21/2026,3,4,HB_HOUSTON,37.62,N
05/21/2026,4,1,HB_HOUSTON,41.97,N
05/21/2026,4,2,HB_HOUSTON,40.7,N
05/21/2026,4,3,HB_HOUSTON,37.16,N
05/21/2026,4,4,HB_HOUSTON,40.59,N
05/21/2026,5,1,HB_HOUSTON,46.92,N
05/21/2026,5,2,HB_HOUSTON,41.98,N
05/21/2026,5,3,HB_HOUSTON,46.35,N
05/21/2026,5,4,HB_HOUSTON,286.3,N
05/21/2026,6,1,HB_HOUSTON,39.66,N
05/21/2026,6,2,HB_HOUSTON,38.61,N
05/21/2026,6,3,HB_HOUSTON,39.97,N
05/21/2026,6,4,HB_HOUSTON,54.79,N
05/21/2026,7,1,HB_HOUSTON,50.81,N
05/21/2026,7,2,HB_HOUSTON,36.38,N
05/21/2026,7,3,HB_HOUSTON,48.5,N
05/21/2026,7,4,HB_HOUSTON,41.88,N
05/21/2026,8,1,HB_HOUSTON,39.03,N
05/21/2026,8,2,HB_HOUSTON,32.6,N
05/21/2026,8,3,HB_HOUSTON,52.26,N
05/21/2026,8,4,HB_HOUSTON,33.58,N
05/21/2026,9,1,HB_HOUSTON,-2.43,N
05/21/2026,9,2,HB_HOUSTON,35.42,N
05/21/2026,9,3,HB_HOUSTON,49.2,N
05/21/2026,9,4,HB_HOUSTON,40.32,N
05/21/2026,10,1,HB_HOUSTON,39.53,N
05/21/2026,10,2,HB_HOUSTON,39.8,N
05/21/2026,10,3,HB_HOUSTON,43.03,N
05/21/2026,10,4,HB_HOUSTON,40.71,N
05/21/2026,11,1,HB_HOUSTON,37.15,N
05/21/2026,11,2,HB_HOUSTON,33.35,N
05/21/2026,11,3,HB_HOUSTON,24.9,N
05/21/2026,11,4,HB_HOUSTON,28.55,N
05/21/2026,12,1,HB_HOUSTON,39.63,N
05/21/2026,12,2,HB_HOUSTON,31.44,N
05/21/2026,12,3,HB_HOUSTON,28.57,N
05/21/2026,12,4,HB_HOUSTON,22.64,N
05/21/2026,13,1,HB_HOUSTON,16.24,N
05/21/2026,13,2,HB_HOUSTON,24.37,N
05/21/2026,13,3,HB_HOUSTON,37.1,N
05/21/2026,13,4,HB_HOUSTON,25.54,N
05/21/2026,14,1,HB_HOUSTON,29.32,N
05/21/2026,14,2,HB_HOUSTON,21.29,N
05/21/2026,14,3,HB_HOUSTON,31.23,N
05/21/2026,14,4,HB_HOUSTON,23.3,N
05/21/2026,15,1,HB_HOUSTON,12.64,N
05/21/2026,15,2,HB_HOUSTON,20.35,N
05/21/2026,15,3,HB_HOUSTON,37.17,N
05/21/2026,15,4,HB_HOUSTON,36.82,N
05/21/2026,16,1,HB_HOUSTON,23.29,N
05/21/2026,16,2,HB_HOUSTON,18.3,N
05/21/2026,16,3,HB_HOUSTON,21.82,N
05/21/2026,16,4,HB_HOUSTON,21.93,N
05/21/2026,17,1,HB_HOUSTON,1216.69,N
05/21/2026,17,2,HB_HOUSTON,20.54,N
05/21/2026,17,3,HB_HOUSTON,18.68,N
05/21/2026,17,4,HB_HOUSTON,14.48,N
05/21/2026,18,1,HB_HOUSTON,5.95,N
05/21/2026,18,2,HB_HOUSTON,11.83,N
05/21/2026,18,3,HB_HOUSTON,21.91,N
05/21/2026,18,4,HB_HOUSTON,15.26,N
05/21/2026,19,1,HB_HOUSTON,17.4,N
05/21/2026,19,2,HB_HOUSTON,12.74,N
05/21/2026,19,3,HB_HOUSTON,6.52,N
05/21/2026,19,4,HB_HOUSTON,13.09,N
05/21/2026,20,1,HB_HOUSTON,7.33,N
05/21/2026,20,2,HB_HOUSTON,6.82,N
05/21/2026,20,3,HB_HOUSTON,25.16,N
05/21/2026,20,4,HB_HOUSTON,262.15,N
05/21/2026,21,1,HB_HOUSTON,11.08,N
05/21/2026,21,2,HB_HOUSTON,29.95,N
05/21/2026,21,3,HB_HOUSTON,23.53,N
05/21/2026,21,4,HB_HOUSTON,14.04,N
05/21/2026,22,1,HB_HOUSTON,22.81,N
05/21/2026,22,2,HB_HOUSTON,17.51,N
05/21/2026,22,3,HB_HOUSTON,13.85,N
05/21/2026,22,4,HB_HOUSTON,23.19,N
05/21/2026,23,1,HB_HOUSTON,19.91,N
05/21/2026,23,2,HB_HOUSTON,23.1,N
05/21/2026,23,3,HB_HOUSTON,30.67,N
05/21/2026,23,4,HB_HOUSTON,29.79,N
05/21/2026,24,1,HB_HOUSTON,21.72,N
05/21/2026,24,2,HB_HOUSTON,30.01,N
05/21/2026,24,3,HB_HOUSTON,17.09,N
05/21/2026,24,4,HB_HOUSTON,29.72,N
05/22/2026,1,1,HB_HOUSTON,31.19,N
05/22/2026,1,2,HB_HOUSTON,33.03,N
05/22/2026,1,3,HB_HOUSTON,27.62,N
05/22/2026,1,4,HB_HOUSTON,46.67,N
05/22/2026,2,1,HB_HOUSTON,26.67,N
05/22/2026,2,2,HB_HOUSTON,41.65,N
05/22/2026,2,3,HB_HOUSTON,25.63,N
05/22/2026,2,4,HB_HOUSTON,37.92,N
05/22/2026,3,1,HB_HOUSTON,42.11,N
05/22/2026,3,2,HB_HOUSTON,37.94,N
05/22/2026,3,3,HB_HOUSTON,33.54,N
05/22/2026,3,4,HB_HOUSTON,38.63,N
05/22/2026,4,1,HB_HOUSTON,42.74,N
05/22/2026,4,2,HB_HOUSTON,54.93,N
05/22/2026,4,3,HB_HOUSTON,33.63,N
05/22/2026,4,4,HB_HOUSTON,36.16,N
05/22/2026,5,1,HB_HOUSTON,45.27,N
05/22/2026,5,2,HB_HOUSTON,40.94,N
05/22/2026,5,3,HB_HOUSTON,42.19,N
05/22/2026,5,4,HB_HOUSTON,51.55,N
05/22/2026,6,1,HB_HOUSTON,21.93,N
05/22/2026,6,2,HB_HOUSTON,39.71,N
05/22/2026,6,3,HB_HOUSTON,30.55,N
05/22/2026,6,4,HB_HOUSTON,34.92,N
05/22/2026,7,1,HB_HOUSTON,64.24,N
05/22/2026,7,2,HB_HOUSTON,49.79,N
05/22/2026,7,3,HB_HOUSTON,52.61,N
05/22/2026,7,4,HB_HOUSTON,44.36,N
05/22/2026,8,1,HB_HOUSTON,50.56,N
05/22/2026,8,2,HB_HOUSTON,30.36,N
05/22/2026,8,3,HB_HOUSTON,52.8,N
05/22/2026,8,4,HB_HOUSTON,37.93,N
05/22/2026,9,1,HB_HOUSTON,38.74,N
05/22/2026,9,2,HB_HOUSTON,297.03,N
05/22/2026,9,3,HB_HOUSTON,45.52,N
05/22/2026,9,4,HB_HOUSTON,43.67,N
05/22/2026,10,1,HB_HOUSTON,29.7,N
05/22/2026,10,2,HB_HOUSTON,41.41,N
05/22/2026,10,3,HB_HOUSTON,48.29,N
05/22/2026,10,4,HB_HOUSTON,36.35,N
05/22/2026,11,1,HB_HOUSTON,48.02,N
05/22/2026,11,2,HB_HOUSTON,30.52,N
05/22/2026,11,3,HB_HOUSTON,37.55,N
05/22/2026,11,4,HB_HOUSTON,49.78,N
05/22/2026,12,1,HB_HOUSTON,28.43,N
05/22/2026,12,2,HB_HOUSTON,42.31,N
05/22/2026,12,3,HB_HOUSTON,49.68,N
05/22/2026,12,4,HB_HOUSTON,35.25,N
05/22/2026,13,1,HB_HOUSTON,25.78,N
05/22/2026,13,2,HB_HOUSTON,23.82,N
05/22/2026,13,3,HB_HOUSTON,40.44,N
05/22/2026,13,4,HB_HOUSTON,40.21,N
05/22/2026,14,1,HB_HOUSTON,37.71,N
05/22/2026,14,2,HB_HOUSTON,25.86,N
05/22/2026,14,3,HB_HOUSTON,34.42,N
05/22/2026,14,4,HB_HOUSTON,25.73,N
05/22/2026,15,1,HB_HOUSTON,15.44,N
05/22/2026,15,2,HB_HOUSTON,31.49,N
05/22/2026,15,3,HB_HOUSTON,35.57,N
05/22/2026,15,4,HB_HOUSTON,14.34,N
05/22/2026,16,1,HB_HOUSTON,11.08,N
05/22/2026,16,2,HB_HOUSTON,19.71,N
05/22/2026,16,3,HB_HOUSTON,27.04,N
05/22/2026,16,4,HB_HOUSTON,10.32,N
05/22/2026,17,1,HB_HOUSTON,18.83,N
05/22/2026,17,2,HB_HOUSTON,12.29,N
05/22/2026,17,3,HB_HOUSTON,22.62,N
05/22/2026,17,4,HB_HOUSTON,10.63,N
05/22/2026,18,1,HB_HOUSTON,21.69,N
05/22/2026,18,2,HB_HOUSTON,14.25,N
05/22/2026,18,3,HB_HOUSTON,8.01,N
05/22/2026,18,4,HB_HOUSTON,16.02,N
05/22/2026,19,1,HB_HOUSTON,-0.5,N
05/22/2026,19,2,HB_HOUSTON,10.53,N
05/22/2026,19,3,HB_HOUSTON,17.7,N
05/22/2026,19,4,HB_HOUSTON,0.83,N
05/22/2026,20,1,HB_HOUSTON,-5.06,N
05/22/2026,20,2,HB_HOUSTON,-3.2,N
05/22/2026,20,3,HB_HOUSTON,26.13,N
05/22/2026,20,4,HB_HOUSTON,14.9,N
05/22/2026,21,1,HB_HOUSTON,12.75,N
05/22/2026,21,2,HB_HOUSTON,24.57,N
05/22/2026,21,3,HB_HOUSTON,13.77,N
05/22/2026,21,4,HB_HOUSTON,19.16,N
05/22/2026,22,1,HB_HOUSTON,19.6,N
05/22/2026,22,2,HB_HOUSTON,15.63,N
05/22/2026,22,3,HB_HOUSTON,21.75,N
05/22/2026,22,4,HB_HOUSTON,25.58,N
05/22/2026,23,1,HB_HOUSTON,21.02,N
05/22/2026,23,2,HB_HOUSTON,18.82,N
05/22/2026,23,3,HB_HOUSTON,19.76,N
05/22/2026,23,4,HB_HOUSTON,4.12,N
05/22/2026,24,1,HB_HOUSTON,28.38,N
05/22/2026,24,2,HB_HOUSTON,16.44,N
05/22/2026,24,3,HB_HOUSTON,31.16,N
05/22/2026,24,4,HB_HOUSTON,25.39,N
05/23/2026,1,1,HB_HOUSTON,30.84,N
05/23/2026,1,2,HB_HOUSTON,35.6,N
05/23/2026,1,3,HB_HOUSTON,22.59,N
05/23/2026,1,4,HB_HOUSTON,32.95,N
05/23/2026,2,1,HB_HOUSTON,36.02,N
05/23/2026,2,2,HB_HOUSTON,32.4,N
05/23/2026,2,3,HB_HOUSTON,26.46,N
05/23/2026,2,4,HB_HOUSTON,38.64,N
05/23/2026,3,1,HB_HOUSTON,43.13,N
05/23/2026,3,2,HB_HOUSTON,38.41,N
05/23/2026,3,3,HB_HOUSTON,28.94,N
05/23/2026,3,4,HB_HOUSTON,33.28,N
05/23/2026,4,1,HB_HOUSTON,40.12,N
05/23/2026,4,2,HB_HOUSTON,46.11,N
05/23/2026,4,3,HB_HOUSTON,1227.94,N
05/23/2026,4,4,HB_HOUSTON,36.1,N
05/23/2026,5,1,HB_HOUSTON,39.77,N
05/23/2026,5,2,HB_HOUSTON,42.32,N
05/23/2026,5,3,HB_HOUSTON,32.58,N
05/23/2026,5,4,HB_HOUSTON,41.25,N
05/23/2026,6,1,HB_HOUSTON,42.01,N
05/23/2026,6,2,HB_HOUSTON,36.19,N
05/23/2026,6,3,HB_HOUSTON,43.55,N
05/23/2026,6,4,HB_HOUSTON,40.16,N
05/23/2026,7,1,HB_HOUSTON,48.96,N
05/23/2026,7,2,HB_HOUSTON,37.92,N
05/23/2026,7,3,HB_HOUSTON,45.72,N
05/23/2026,7,4,HB_HOUSTON,38.53,N
05/23/2026,8,1,HB_HOUSTON,39.69,N
05/23/2026,8,2,HB_HOUSTON,46.87,N
05/23/2026,8,3,HB_HOUSTON,46.37,N
05/23/2026,8,4,HB_HOUSTON,41.15,N
05/23/2026,9,1,HB_HOUSTON,40.84,N
05/23/2026,9,2,HB_HOUSTON,31.36,N
05/23/2026,9,3,HB_HOUSTON,54.21,N
05/23/2026,9,4,HB_HOUSTON,48.49,N
05/23/2026,10,1,HB_HOUSTON,45.82,N
05/23/2026,10,2,HB_HOUSTON,27.85,N
05/23/2026,10,3,HB_HOUSTON,35.84,N
05/23/2026,10,4,HB_HOUSTON,37.93,N
05/23/2026,11,1,HB_HOUSTON,22.05,N
05/23/2026,11,2,HB_HOUSTON,44.62,N
05/23/2026,11,3,HB_HOUSTON,49.13,N
05/23/2026,11,4,HB_HOUSTON,54.0,N
05/23/2026,12,1,HB_HOUSTON,25.52,N
05/23/2026,12,2,HB_HOUSTON,34.82,N
05/23/2026,12,3,HB_HOUSTON,44.46,N
05/23/2026,12,4,HB_HOUSTON,31.85,N
05/23/2026,13,1,HB_HOUSTON,25.46,N
05/23/2026,13,2,HB_HOUSTON,15.07,N
05/23/2026,13,3,HB_HOUSTON,39.06,N
05/23/2026,13,4,HB_HOUSTON,29.85,N
05/23/2026,14,1,HB_HOUSTON,20.28,N
05/23/2026,14,2,HB_HOUSTON,28.39,N
05/23/2026,14,3,HB_HOUSTON,27.34,N
05/23/2026,14,4,HB_HOUSTON,27.46,N
05/23/2026,15,1,HB_HOUSTON,20.76,N
05/23/2026,15,2,HB_HOUSTON,35.48,N
05/23/2026,15,3,HB_HOUSTON,21.43,N
05/23/2026,15,4,HB_HOUSTON,35.45,N
05/23/2026,16,1,HB_HOUSTON,23.91,N
05/23/2026,16,2,HB_HOUSTON,22.2,N
05/23/2026,16,3,HB_HOUSTON,18.49,N
05/23/2026,16,4,HB_HOUSTON,27.19,N
05/23/2026,17,1,HB_HOUSTON,17.91,N
05/23/2026,17,2,HB_HOUSTON,9.55,N
05/23/2026,17,3,HB_HOUSTON,9.29,N
05/23/2026,17,4,HB_HOUSTON,20.39,N
05/23/2026,18,1,HB_HOUSTON,8.25,N
05/23/2026,18,2,HB_HOUSTON,15.01,N
05/23/2026,18,3,HB_HOUSTON,23.97,N
05/23/2026,18,4,HB_HOUSTON,17.94,N
05/23/2026,19,1,HB_HOUSTON,9.22,N
05/23/2026,19,2,HB_HOUSTON,26.28,N
05/23/2026,19,3,HB_HOUSTON,19.38,N
05/23/2026,19,4,HB_HOUSTON,23.14,N
05/23/2026,20,1,HB_HOUSTON,-2.63,N
05/23/2026,20,2,HB_HOUSTON,-26.84,N
05/23/2026,20,3,HB_HOUSTON,22.25,N
05/23/2026,20,4,HB_HOUSTON,29.11,N
05/23/2026,21,1,HB_HOUSTON,5.3,N
05/23/2026,21,2,HB_HOUSTON,26.66,N
05/23/2026,21,3,HB_HOUSTON,30.16,N
05/23/2026,21,4,HB_HOUSTON,0.87,N
05/23/2026,22,1,HB_HOUSTON,23.22,N
05/23/2026,22,2,HB_HOUSTON,24.33,N
05/23/2026,22,3,HB_HOUSTON,16.78,N
05/23/2026,22,4,HB_HOUSTON,15.47,N
05/23/2026,23,1,HB_HOUSTON,27.84,N
05/23/2026,23,2,HB_HOUSTON,17.58,N
05/23/2026,23,3,HB_HOUSTON,20.76,N
05/23/2026,23,4,HB_HOUSTON,29.0,N
05/23/2026,24,1,HB_HOUSTON,40.15,N
05/23/2026,24,2,HB_HOUSTON,30.42,N
05/23/2026,24,3,HB_HOUSTON,27.19,N
05/23/2026,24,4,HB_HOUSTON,21.99,N
05/24/2026,1,1,HB_HOUSTON,21.92,N
05/24/2026,1,2,HB_HOUSTON,38.88,N
05/24/2026,1,3,HB_HOUSTON,28.77,N
05/24/2026,1,4,HB_HOUSTON,39.21,N
05/24/2026,2,1,HB_HOUSTON,31.25,N
05/24/2026,2,2,HB_HOUSTON,28.69,N
05/24/2026,2,3,HB_HOUSTON,37.25,N
05/24/2026,2,4,HB_HOUSTON,33.27,N
05/24/2026,3,1,HB_HOUSTON,27.86,N
05/24/2026,3,2,HB_HOUSTON,52.04,N
05/24/2026,3,3,HB_HOUSTON,32.48,N
05/24/2026,3,4,HB_HOUSTON,44.92,N
05/24/2026,4,1,HB_HOUSTON,47.34,N
05/24/2026,4,2,HB_HOUSTON,30.53,N
05/24/2026,4,3,HB_HOUSTON,32.59,N
05/24/2026,4,4,HB_HOUSTON,38.19,N
05/24/2026,5,1,HB_HOUSTON,36.07,N
05/24/2026,5,2,HB_HOUSTON,56.8,N
05/24/2026,5,3,HB_HOUSTON,41.39,N
05/24/2026,5,4,HB_HOUSTON,50.11,N
05/24/2026,6,1,HB_HOUSTON,48.6,N
05/24/2026,6,2,HB_HOUSTON,46.6,N
05/24/2026,6,3,HB_HOUSTON,44.81,N
05/24/2026,6,4,HB_HOUSTON,54.39,N
05/24/2026,7,1,HB_HOUSTON,38.4,N
05/24/2026,7,2,HB_HOUSTON,58.81,N
05/24/2026,7,3,HB_HOUSTON,34.7,N
05/24/2026,7,4,HB_HOUSTON,1251.25,N
05/24/2026,8,1,HB_HOUSTON,33.25,N
05/24/2026,8,2,HB_HOUSTON,41.96,N
05/24/2026,8,3,HB_HOUSTON,45.24,N
05/24/2026,8,4,HB_HOUSTON,40.6,N
05/24/2026,9,1,HB_HOUSTON,41.54,N
05/24/2026,9,2,HB_HOUSTON,31.89,N
05/24/2026,9,3,HB_HOUSTON,35.09,N
05/24/2026,9,4,HB_HOUSTON,46.98,N
05/24/2026,10,1,HB_HOUSTON,40.84,N
05/24/2026,10,2,HB_HOUSTON,35.08,N
05/24/2026,10,3,HB_HOUSTON,51.2,N
05/24/2026,10,4,HB_HOUSTON,30.85,N
05/24/2026,11,1,HB_HOUSTON,34.61,N
05/24/2026,11,2,HB_HOUSTON,33.45,N
05/24/2026,11,3,HB_HOUSTON,42.42,N
05/24/2026,11,4,HB_HOUSTON,37.89,N
05/24/2026,12,1,HB_HOUSTON,33.02,N
05/24/2026,12,2,HB_HOUSTON,19.13,N
05/24/2026,12,3,HB_HOUSTON,40.8,N
05/24/2026,12,4,HB_HOUSTON,32.14,N
05/24/2026,13,1,HB_HOUSTON,30.93,N
05/24/2026,13,2,HB_HOUSTON,24.01,N
05/24/2026,13,3,HB_HOUSTON,22.75,N
05/24/2026,13,4,HB_HOUSTON,41.99,N
05/24/2026,14,1,HB_HOUSTON,11.93,N
05/24/2026,14,2,HB_HOUSTON,17.68,N
05/24/2026,14,3,HB_HOUSTON,37.96,N
05/24/2026,14,4,HB_HOUSTON,31.24,N
05/24/2026,15,1,HB_HOUSTON,19.9,N
05/24/2026,15,2,HB_HOUSTON,32.47,N
05/24/2026,15,3,HB_HOUSTON,26.07,N
05/24/2026,15,4,HB_HOUSTON,24.36,N
05/24/2026,16,1,HB_HOUSTON,21.2,N
05/24/2026,16,2,HB_HOUSTON,23.12,N
05/24/2026,16,3,HB_HOUSTON,23.44,N
05/24/2026,16,4,HB_HOUSTON,36.96,N
05/24/2026,17,1,HB_HOUSTON,15.45,N
05/24/2026,17,2,HB_HOUSTON,15.7,N
05/24/2026,17,3,HB_HOUSTON,7.11,N
05/24/2026,17,4,HB_HOUSTON,16.59,N
05/24/2026,18,1,HB_HOUSTON,30.41,N
05/24/2026,18,2,HB_HOUSTON,23.39,N
05/24/2026,18,3,HB_HOUSTON,11.16,N
05/24/2026,18,4,HB_HOUSTON,15.75,N
05/24/2026,19,1,HB_HOUSTON,4.63,N
05/24/2026,19,2,HB_HOUSTON,7.25,N
05/24/2026,19,3,HB_HOUSTON,16.2,N
05/24/2026,19,4,HB_HOUSTON,11.04,N
05/24/2026,20,1,HB_HOUSTON,7.15,N
05/24/2026,20,2,HB_HOUSTON,19.43,N
05/24/2026,20,3,HB_HOUSTON,1214.85,N
05/24/2026,20,4,HB_HOUSTON,2.97,N
05/24/2026,21,1,HB_HOUSTON,0.41,N
05/24/2026,21,2,HB_HOUSTON,12.45,N
05/24/2026,21,3,HB_HOUSTON,4.3,N
05/24/2026,21,4,HB_HOUSTON,2.06,N
05/24/2026,22,1,HB_HOUSTON,28.43,N
05/24/2026,22,2,HB_HOUSTON,18.61,N
05/24/2026,22,3,HB_HOUSTON,17.27,N
05/24/2026,22,4,HB_HOUSTON,17.89,N
05/24/2026,23,1,HB_HOUSTON,13.4,N
05/24/2026,23,2,HB_HOUSTON,25.79,N
05/24/2026,23,3,HB_HOUSTON,21.45,N
05/24/2026,23,4,HB_HOUSTON,-28.56,N
05/24/2026,24,1,HB_HOUSTON,21.26,N
05/24/2026,24,2,HB_HOUSTON,16.3,N
05/24/2026,24,3,HB_HOUSTON,22.87,N
05/24/2026,24,4,HB_HOUSTON,24.2,N
05/25/2026,1,1,HB_HOUSTON,26.54,N
05/25/2026,1,2,HB_HOUSTON,30.44,N
05/25/2026,1,3,HB_HOUSTON,29.37,N
05/25/2026,1,4,HB_HOUSTON,31.85,N
05/25/2026,2,1,HB_HOUSTON,41.43,N
05/25/2026,2,2,HB_HOUSTON,38.63,N
05/25/2026,2,3,HB_HOUSTON,41.52,N
05/25/2026,2,4,HB_HOUSTON,27.1,N
05/25/2026,3,1,HB_HOUSTON,33.43,N
05/25/2026,3,2,HB_HOUSTON,42.73,N
05/25/2026,3,3,HB_HOUSTON,42.87,N
05/25/2026,3,4,HB_HOUSTON,32.07,N
05/25/2026,4,1,HB_HOUSTON,45.5,N
05/25/2026,4,2,HB_HOUSTON,33.06,N
05/25/2026,4,3,HB_HOUSTON,44.46,N
05/25/2026,4,4,HB_HOUSTON,40.4,N
05/25/2026,5,1,HB_HOUSTON,31.91,N
05/25/2026,5,2,HB_HOUSTON,39.52,N
05/25/2026,5,3,HB_HOUSTON,60.45,N
05/25/2026,5,4,HB_HOUSTON,44.61,N
05/25/2026,6,1,HB_HOUSTON,62.89,N
05/25/2026,6,2,HB_HOUSTON,32.94,N
05/25/2026,6,3,HB_HOUSTON,300.49,N
05/25/2026,6,4,HB_HOUSTON,24.21,N
05/25/2026,7,1,HB_HOUSTON,45.0,N
05/25/2026,7,2,HB_HOUSTON,50.05,N
05/25/2026,7,3,HB_HOUSTON,51.7,N
05/25/2026,7,4,HB_HOUSTON,38.61,N
05/25/2026,8,1,HB_HOUSTON,52.8,N
05/25/2026,8,2,HB_HOUSTON,40.22,N
05/25/2026,8,3,HB_HOUSTON,43.18,N
05/25/2026,8,4,HB_HOUSTON,41.02,N
05/25/2026,9,1,HB_HOUSTON,33.9,N
05/25/2026,9,2,HB_HOUSTON,55.55,N
05/25/2026,9,3,HB_HOUSTON,43.37,N
05/25/2026,9,4,HB_HOUSTON,51.69,N
05/25/2026,10,1,HB_HOUSTON,48.96,N
05/25/2026,10,2,HB_HOUSTON,32.86,N
05/25/2026,10,3,HB_HOUSTON,50.34,N
05/25/2026,10,4,HB_HOUSTON,294.63,N
05/25/2026,11,1,HB_HOUSTON,29.17,N
05/25/2026,11,2,HB_HOUSTON,41.09,N
05/25/2026,11,3,HB_HOUSTON,29.32,N
05/25/2026,11,4,HB_HOUSTON,50.35,N
05/25/2026,12,1,HB_HOUSTON,40.39,N
05/25/2026,12,2,HB_HOUSTON,33.31,N
05/25/2026,12,3,HB_HOUSTON,44.0,N
05/25/2026,12,4,HB_HOUSTON,21.23,N
05/25/2026,13,1,HB_HOUSTON,24.01,N
05/25/2026,13,2,HB_HOUSTON,27.98,N
05/25/2026,13,3,HB_HOUSTON,47.89,N
05/25/2026,13,4,HB_HOUSTON,21.44,N
05/25/2026,14,1,HB_HOUSTON,12.46,N
05/25/2026,14,2,HB_HOUSTON,14.56,N
05/25/2026,14,3,HB_HOUSTON,33.37,N
05/25/2026,14,4,HB_HOUSTON,21.36,N
05/25/2026,15,1,HB_HOUSTON,21.23,N
05/25/2026,15,2,HB_HOUSTON,278.6,N
05/25/2026,15,3,HB_HOUSTON,21.24,N
05/25/2026,15,4,HB_HOUSTON,24.13,N
05/25/2026,16,1,HB_HOUSTON,23.68,N
05/25/2026,16,2,HB_HOUSTON,15.95,N
05/25/2026,16,3,HB_HOUSTON,18.06,N
05/25/2026,16,4,HB_HOUSTON,21.33,N
05/25/2026,17,1,HB_HOUSTON,23.96,N
05/25/2026,17,2,HB_HOUSTON,10.67,N
05/25/2026,17,3,HB_HOUSTON,-7.15,N
05/25/2026,17,4,HB_HOUSTON,22.45,N
05/25/2026,18,1,HB_HOUSTON,22.93,N
05/25/2026,18,2,HB_HOUSTON,17.11,N
05/25/2026,18,3,HB_HOUSTON,17.66,N
05/25/2026,18,4,HB_HOUSTON,11.0,N
05/25/2026,19,1,HB_HOUSTON,-26.0,N
05/25/2026,19,2,HB_HOUSTON,21.83,N
05/25/2026,19,3,HB_HOUSTON,15.45,N
05/25/2026,19,4,HB_HOUSTON,34.93,N
05/25/2026,20,1,HB_HOUSTON,3.0,N
05/25/2026,20,2,HB_HOUSTON,16.81,N
05/25/2026,20,3,HB_HOUSTON,6.12,N
05/25/2026,20,4,HB_HOUSTON,22.55,N
05/25/2026,21,1,HB_HOUSTON,4.36,N
05/25/2026,21,2,HB_HOUSTON,6.34,N
05/25/2026,21,3,HB_HOUSTON,11.94,N
05/25/2026,21,4,HB_HOUSTON,19.14,N
05/25/2026,22,1,HB_HOUSTON,14.63,N
05/25/2026,22,2,HB_HOUSTON,14.71,N
05/25/2026,22,3,HB_HOUSTON,17.95,N
05/25/2026,22,4,HB_HOUSTON,17.46,N
05/25/2026,23,1,HB_HOUSTON,34.4,N
05/25/2026,23,2,HB_HOUSTON,27.99,N
05/25/2026,23,3,HB_HOUSTON,19.9,N
05/25/2026,23,4,HB_HOUSTON,39.28,N
05/25/2026,24,1,HB_HOUSTON,30.05,N
05/25/2026,24,2,HB_HOUSTON,18.37,N
05/25/2026,24,3,HB_HOUSTON,1228.17,N
05/25/2026,24,4,HB_HOUSTON,30.4,N
05/26/2026,1,1,HB_HOUSTON,24.5,N
05/26/2026,1,2,HB_HOUSTON,21.58,N
05/26/2026,1,3,HB_HOUSTON,30.69,N
05/26/2026,1,4,HB_HOUSTON,27.12,N
05/26/2026,2,1,HB_HOUSTON,45.72,N
05/26/2026,2,2,HB_HOUSTON,39.81,N
05/26/2026,2,3,HB_HOUSTON,28.76,N
05/26/2026,2,4,HB_HOUSTON,37.29,N
05/26/2026,3,1,HB_HOUSTON,47.64,N
05/26/2026,3,2,HB_HOUSTON,26.35,N
05/26/2026,3,3,HB_HOUSTON,29.32,N
05/26/2026,3,4,HB_HOUSTON,37.41,N
05/26/2026,4,1,HB_HOUSTON,40.89,N
05/26/2026,4,2,HB_HOUSTON,40.19,N
05/26/2026,4,3,HB_HOUSTON,38.12,N
05/26/2026,4,4,HB_HOUSTON,38.0,N
05/26/2026,5,1,HB_HOUSTON,46.06,N
05/26/2026,5,2,HB_HOUSTON,52.06,N
05/26/2026,5,3,HB_HOUSTON,39.14,N
05/26/2026,5,4,HB_HOUSTON,62.5,N
05/26/2026,6,1,HB_HOUSTON,60.17,N
05/26/2026,6,2,HB_HOUSTON,55.12,N
05/26/2026,6,3,HB_HOUSTON,49.47,N
05/26/2026,6,4,HB_HOUSTON,60.55,N
05/26/2026,7,1,HB_HOUSTON,42.68,N
05/26/2026,7,2,HB_HOUSTON,38.34,N
05/26/2026,7,3,HB_HOUSTON,40.79,N
05/26/2026,7,4,HB_HOUSTON,36.98,N
05/26/2026,8,1,HB_HOUSTON,45.46,N
05/26/2026,8,2,HB_HOUSTON,46.89,N
05/26/2026,8,3,HB_HOUSTON,46.1,N
05/26/2026,8,4,HB_HOUSTON,44.39,N
05/26/2026,9,1,HB_HOUSTON,44.06,N
05/26/2026,9,2,HB_HOUSTON,56.88,N
05/26/2026,9,3,HB_HOUSTON,47.95,N
05/26/2026,9,4,HB_HOUSTON,50.37,N
05/26/2026,10,1,HB_HOUSTON,42.13,N
05/26/2026,10,2,HB_HOUSTON,27.68,N
05/26/2026,10,3,HB_HOUSTON,26.1,N
05/26/2026,10,4,HB_HOUSTON,57.27,N
05/26/2026,11,1,HB_HOUSTON,33.25,N
05/26/2026,11,2,HB_HOUSTON,32.57,N
05/26/2026,11,3,HB_HOUSTON,39.47,N
05/26/2026,11,4,HB_HOUSTON,41.9,N
05/26/2026,12,1,HB_HOUSTON,39.3,N
05/26/2026,12,2,HB_HOUSTON,48.08,N
05/26/2026,12,3,HB_HOUSTON,45.89,N
05/26/2026,12,4,HB_HOUSTON,27.39,N
05/26/2026,13,1,HB_HOUSTON,37.75,N
05/26/2026,13,2,HB_HOUSTON,26.93,N
05/26/2026,13,3,HB_HOUSTON,278.9,N
05/26/2026,13,4,HB_HOUSTON,21.25,N
05/26/2026,14,1,HB_HOUSTON,12.57,N
05/26/2026,14,2,HB_HOUSTON,25.87,N
05/26/2026,14,3,HB_HOUSTON,18.47,N
05/26/2026,14,4,HB_HOUSTON,33.54,N
05/26/2026,15,1,HB_HOUSTON,20.25,N
05/26/2026,15,2,HB_HOUSTON,24.97,N
05/26/2026,15,3,HB_HOUSTON,33.44,N
05/26/2026,15,4,HB_HOUSTON,10.62,N
05/26/2026,16,1,HB_HOUSTON,13.6,N
05/26/2026,16,2,HB_HOUSTON,20.84,N
05/26/2026,16,3,HB_HOUSTON,21.89,N
05/26/2026,16,4,HB_HOUSTON,28.22,N
05/26/2026,17,1,HB_HOUSTON,23.95,N
05/26/2026,17,2,HB_HOUSTON,17.79,N
05/26/2026,17,3,HB_HOUSTON,19.44,N
05/26/2026,17,4,HB_HOUSTON,19.66,N
05/26/2026,18,1,HB_HOUSTON,3.75,N
05/26/2026,18,2,HB_HOUSTON,14.26,N
05/26/2026,18,3,HB_HOUSTON,17.5,N
05/26/2026,18,4,HB_HOUSTON,19.18,N
05/26/2026,19,1,HB_HOUSTON,7.61,N
05/26/2026,19,2,HB_HOUSTON,4.85,N
05/26/2026,19,3,HB_HOUSTON,13.12,N
05/26/2026,19,4,HB_HOUSTON,30.74,N
05/26/2026,20,1,HB_HOUSTON,8.96,N
05/26/2026,20,2,HB_HOUSTON,24.9,N
05/26/2026,20,3,HB_HOUSTON,28.19,N
05/26/2026,20,4,HB_HOUSTON,15.87,N
05/26/2026,21,1,HB_HOUSTON,11.57,N
05/26/2026,21,2,HB_HOUSTON,21.11,N
05/26/2026,21,3,HB_HOUSTON,18.57,N
05/26/2026,21,4,HB_HOUSTON,10.14,N
05/26/2026,22,1,HB_HOUSTON,14.12,N
05/26/2026,22,2,HB_HOUSTON,23.02,N
05/26/2026,22,3,HB_HOUSTON,26.86,N
05/26/2026,22,4,HB_HOUSTON,16.81,N
05/26/2026,23,1,HB_HOUSTON,21.95,N
05/26/2026,23,2,HB_HOUSTON,-17.15,N
05/26/2026,23,3,HB_HOUSTON,21.12,N
05/26/2026,23,4,HB_HOUSTON,20.11,N
05/26/2026,24,1,HB_HOUSTON,20.07,N
05/26/2026,24,2,HB_HOUSTON,19.94,N
05/26/2026,24,3,HB_HOUSTON,47.47,N
05/26/2026,24,4,HB_HOUSTON,24.55,N
05/27/2026,1,1,HB_HOUSTON,40.92,N
05/27/2026,1,2,HB_HOUSTON,43.47,N
05/27/2026,1,3,HB_HOUSTON,28.53,N
05/27/2026,1,4,HB_HOUSTON,32.95,N
05/27/2026,2,1,HB_HOUSTON,34.7,N
05/27/2026,2,2,HB_HOUSTON,20.98,N
05/27/2026,2,3,HB_HOUSTON,21.47,N
05/27/2026,2,4,HB_HOUSTON,34.27,N
05/27/2026,3,1,HB_HOUSTON,34.1,N
05/27/2026,3,2,HB_HOUSTON,52.63,N
05/27/2026,3,3,HB_HOUSTON,35.61,N
05/27/2026,3,4,HB_HOUSTON,53.11,N
05/27/2026,4,1,HB_HOUSTON,36.8,N
05/27/2026,4,2,HB_HOUSTON,55.9,N
05/27/2026,4,3,HB_HOUSTON,44.66,N
05/27/2026,4,4,HB_HOUSTON,45.11,N
05/27/2026,5,1,HB_HOUSTON,38.9,N
05/27/2026,5,2,HB_HOUSTON,47.61,N
05/27/2026,5,3,HB_HOUSTON,56.53,N
05/27/2026,5,4,HB_HOUSTON,41.83,N
05/27/2026,6,1,HB_HOUSTON,41.77,N
05/27/2026,6,2,HB_HOUSTON,42.51,N
05/27/2026,6,3,HB_HOUSTON,57.45,N
05/27/2026,6,4,HB_HOUSTON,51.33,N
05/27/2026,7,1,HB_HOUSTON,56.58,N
05/27/2026,7,2,HB_HOUSTON,47.51,N
05/27/2026,7,3,HB_HOUSTON,1245.31,N
05/27/2026,7,4,HB_HOUSTON,48.39,N
05/27/2026,8,1,HB_HOUSTON,53.05,N
05/27/2026,8,2,HB_HOUSTON,42.51,N
05/27/2026,8,3,HB_HOUSTON,55.44,N
05/27/2026,8,4,HB_HOUSTON,47.42,N
05/27/2026,9,1,HB_HOUSTON,23.74,N
05/27/2026,9,2,HB_HOUSTON,50.06,N
05/27/2026,9,3,HB_HOUSTON,32.81,N
05/27/2026,9,4,HB_HOUSTON,49.86,N
05/27/2026,10,1,HB_HOUSTON,47.82,N
05/27/2026,10,2,HB_HOUSTON,43.25,N
05/27/2026,10,3,HB_HOUSTON,44.96,N
05/27/2026,10,4,HB_HOUSTON,49.4,N
05/27/2026,11,1,HB_HOUSTON,33.53,N
05/27/2026,11,2,HB_HOUSTON,43.85,N
05/27/2026,11,3,HB_HOUSTON,46.8,N
05/27/2026,11,4,HB_HOUSTON,51.58,N
05/27/2026,12,1,HB_HOUSTON,25.04,N
05/27/2026,12,2,HB_HOUSTON,37.15,N
05/27/2026,12,3,HB_HOUSTON,26.19,N
05/27/2026,12,4,HB_HOUSTON,25.85,N
05/27/2026,13,1,HB_HOUSTON,32.87,N
05/27/2026,13,2,HB_HOUSTON,30.62,N
05/27/2026,13,3,HB_HOUSTON,39.16,N
05/27/2026,13,4,HB_HOUSTON,27.23,N
05/27/2026,14,1,HB_HOUSTON,25.05,N
05/27/2026,14,2,HB_HOUSTON,27.81,N
05/27/2026,14,3,HB_HOUSTON,19.22,N
05/27/2026,14,4,HB_HOUSTON,-24.67,N
05/27/2026,15,1,HB_HOUSTON,31.43,N
05/27/2026,15,2,HB_HOUSTON,18.11,N
05/27/2026,15,3,HB_HOUSTON,31.96,N
05/27/2026,15,4,HB_HOUSTON,27.36,N
05/27/2026,16,1,HB_HOUSTON,7.01,N
05/27/2026,16,2,HB_HOUSTON,23.64,N
05/27/2026,16,3,HB_HOUSTON,23.57,N
05/27/2026,16,4,HB_HOUSTON,22.78,N
05/27/2026,17,1,HB_HOUSTON,15.87,N
05/27/2026,17,2,HB_HOUSTON,9.49,N
05/27/2026,17,3,HB_HOUSTON,27.78,N
05/27/2026,17,4,HB_HOUSTON,16.2,N
05/27/2026,18,1,HB_HOUSTON,8.44,N
05/27/2026,18,2,HB_HOUSTON,19.17,N
05/27/2026,18,3,HB_HOUSTON,9.57,N
05/27/2026,18,4,HB_HOUSTON,7.92,N
05/27/2026,19,1,HB_HOUSTON,12.0,N
05/27/2026,19,2,HB_HOUSTON,9.68,N
05/27/2026,19,3,HB_HOUSTON,7.7,N
05/27/2026,19,4,HB_HOUSTON,21.45,N
05/27/2026,20,1,HB_HOUSTON,14.6,N
05/27/2026,20,2,HB_HOUSTON,25.53,N
05/27/2026,20,3,HB_HOUSTON,8.68,N
05/27/2026,20,4,HB_HOUSTON,1.69,N
05/27/2026,21,1,HB_HOUSTON,18.2,N
05/27/2026,21,2,HB_HOUSTON,31.86,N
05/27/2026,21,3,HB_HOUSTON,21.26,N
05/27/2026,21,4,HB_HOUSTON,42.73,N
05/27/2026,22,1,HB_HOUSTON,22.05,N
05/27/2026,22,2,HB_HOUSTON,21.28,N
05/27/2026,22,3,HB_HOUSTON,2.15,N
05/27/2026,22,4,HB_HOUSTON,22.82,N
05/27/2026,23,1,HB_HOUSTON,23.85,N
05/27/2026,23,2,HB_HOUSTON,19.24,N
05/27/2026,23,3,HB_HOUSTON,21.41,N
05/27/2026,23,4,HB_HOUSTON,21.96,N
05/27/2026,24,1,HB_HOUSTON,24.68,N
05/27/2026,24,2,HB_HOUSTON,42.84,N
05/27/2026,24,3,HB_HOUSTON,23.15,N
05/27/2026,24,4,HB_HOUSTON,27.47,N
05/28/2026,1,1,HB_HOUSTON,26.77,N
05/28/2026,1,2,HB_HOUSTON,36.27,N
05/28/2026,1,3,HB_HOUSTON,31.41,N
05/28/2026,1,4,HB_HOUSTON,27.76,N
05/28/2026,2,1,HB_HOUSTON,18.47,N
05/28/2026,2,2,HB_HOUSTON,35.83,N
05/28/2026,2,3,HB_HOUSTON,31.41,N
05/28/2026,2,4,HB_HOUSTON,33.4,N
05/28/2026,3,1,HB_HOUSTON,28.04,N
05/28/2026,3,2,HB_HOUSTON,48.97,N
05/28/2026,3,3,HB_HOUSTON,44.35,N
05/28/2026,3,4,HB_HOUSTON,48.95,N
05/28/2026,4,1,HB_HOUSTON,49.78,N
05/28/2026,4,2,HB_HOUSTON,45.35,N
05/28/2026,4,3,HB_HOUSTON,-13.53,N
05/28/2026,4,4,HB_HOUSTON,55.35,N
05/28/2026,5,1,HB_HOUSTON,35.57,N
05/28/2026,5,2,HB_HOUSTON,40.84,N
05/28/2026,5,3,HB_HOUSTON,48.65,N
05/28/2026,5,4,HB_HOUSTON,49.04,N
05/28/2026,6,1,HB_HOUSTON,49.07,N
05/28/2026,6,2,HB_HOUSTON,41.29,N
05/28/2026,6,3,HB_HOUSTON,39.63,N
05/28/2026,6,4,HB_HOUSTON,64.77,N
05/28/2026,7,1,HB_HOUSTON,44.69,N
05/28/2026,7,2,HB_HOUSTON,43.71,N
05/28/2026,7,3,HB_HOUSTON,39.29,N
05/28/2026,7,4,HB_HOUSTON,46.96,N
05/28/2026,8,1,HB_HOUSTON,46.07,N
05/28/2026,8,2,HB_HOUSTON,44.36,N
05/28/2026,8,3,HB_HOUSTON,47.54,N
05/28/2026,8,4,HB_HOUSTON,58.6,N
05/28/2026,9,1,HB_HOUSTON,38.23,N
05/28/2026,9,2,HB_HOUSTON,43.34,N
05/28/2026,9,3,HB_HOUSTON,37.81,N
05/28/2026,9,4,HB_HOUSTON,45.35,N
05/28/2026,10,1,HB_HOUSTON,36.06,N
05/28/2026,10,2,HB_HOUSTON,36.4,N
05/28/2026,10,3,HB_HOUSTON,28.93,N
05/28/2026,10,4,HB_HOUSTON,41.39,N
05/28/2026,11,1,HB_HOUSTON,40.94,N
05/28/2026,11,2,HB_HOUSTON,52.38,N
05/28/2026,11,3,HB_HOUSTON,41.26,N
05/28/2026,11,4,HB_HOUSTON,33.9,N
05/28/2026,12,1,HB_HOUSTON,23.0,N
05/28/2026,12,2,HB_HOUSTON,24.11,N
05/28/2026,12,3,HB_HOUSTON,23.52,N
05/28/2026,12,4,HB_HOUSTON,48.91,N
05/28/2026,13,1,HB_HOUSTON,32.3,N
05/28/2026,13,2,HB_HOUSTON,25.34,N
05/28/2026,13,3,HB_HOUSTON,22.32,N
05/28/2026,13,4,HB_HOUSTON,23.15,N
05/28/2026,14,1,HB_HOUSTON,21.24,N
05/28/2026,14,2,HB_HOUSTON,36.65,N
05/28/2026,14,3,HB_HOUSTON,25.88,N
05/28/2026,14,4,HB_HOUSTON,14.54,N
05/28/2026,15,1,HB_HOUSTON,40.98,N
05/28/2026,15,2,HB_HOUSTON,13.38,N
05/28/2026,15,3,HB_HOUSTON,17.77,N
05/28/2026,15,4,HB_HOUSTON,32.98,N
05/28/2026,16,1,HB_HOUSTON,22.71,N
05/28/2026,16,2,HB_HOUSTON,15.63,N
05/28/2026,16,3,HB_HOUSTON,9.54,N
05/28/2026,16,4,HB_HOUSTON,11.66,N
05/28/2026,17,1,HB_HOUSTON,9.76,N
05/28/2026,17,2,HB_HOUSTON,17.07,N
05/28/2026,17,3,HB_HOUSTON,18.54,N
05/28/2026,17,4,HB_HOUSTON,15.82,N
05/28/2026,18,1,HB_HOUSTON,15.2,N
05/28/2026,18,2,HB_HOUSTON,7.11,N
05/28/2026,18,3,HB_HOUSTON,17.86,N
05/28/2026,18,4,HB_HOUSTON,25.76,N
05/28/2026,19,1,HB_HOUSTON,13.7,N
05/28/2026,19,2,HB_HOUSTON,13.54,N
05/28/2026,19,3,HB_HOUSTON,15.66,N
05/28/2026,19,4,HB_HOUSTON,23.95,N
05/28/2026,20,1,HB_HOUSTON,8.35,N
05/28/2026,20,2,HB_HOUSTON,27.12,N
05/28/2026,20,3,HB_HOUSTON,18.88,N
05/28/2026,20,4,HB_HOUSTON,15.74,N
05/28/2026,21,1,HB_HOUSTON,26.72,N
05/28/2026,21,2,HB_HOUSTON,7.55,N
05/28/2026,21,3,HB_HOUSTON,21.19,N
05/28/2026,21,4,HB_HOUSTON,20.45,N
05/28/2026,22,1,HB_HOUSTON,11.91,N
05/28/2026,22,2,HB_HOUSTON,23.08,N
05/28/2026,22,3,HB_HOUSTON,21.66,N
05/28/2026,22,4,HB_HOUSTON,17.96,N
05/28/2026,23,1,HB_HOUSTON,29.4,N
05/28/2026,23,2,HB_HOUSTON,17.93,N
05/28/2026,23,3,HB_HOUSTON,24.66,N
05/28/2026,23,4,HB_HOUSTON,21.45,N
05/28/2026,24,1,HB_HOUSTON,21.2,N
05/28/2026,24,2,HB_HOUSTON,30.14,N
05/28/2026,24,3,HB_HOUSTON,24.46,N
05/28/2026,24,4,HB_HOUSTON,14.33,N
05/29/2026,1,1,HB_HOUSTON,15.59,N
05/29/2026,1,2,HB_HOUSTON,36.31,N
05/29/2026,1,3,HB_HOUSTON,20.24,N
05/29/2026,1,4,HB_HOUSTON,32.24,N
05/29/2026,2,1,HB_HOUSTON,34.32,N
05/29/2026,2,2,HB_HOUSTON,30.93,N
05/29/2026,2,3,HB_HOUSTON,49.54,N
05/29/2026,2,4,HB_HOUSTON,35.32,N
05/29/2026,3,1,HB_HOUSTON,43.55,N
05/29/2026,3,2,HB_HOUSTON,39.78,N
05/29/2026,3,3,HB_HOUSTON,35.65,N
05/29/2026,3,4,HB_HOUSTON,37.35,N
05/29/2026,4,1,HB_HOUSTON,52.27,N
05/29/2026,4,2,HB_HOUSTON,49.31,N
05/29/2026,4,3,HB_HOUSTON,56.22,N
05/29/2026,4,4,HB_HOUSTON,42.38,N
05/29/2026,5,1,HB_HOUSTON,35.97,N
05/29/2026,5,2,HB_HOUSTON,39.47,N
05/29/2026,5,3,HB_HOUSTON,33.49,N
05/29/2026,5,4,HB_HOUSTON,49.13,N
05/29/2026,6,1,HB_HOUSTON,39.8,N
05/29/2026,6,2,HB_HOUSTON,20.05,N
05/29/2026,6,3,HB_HOUSTON,64.2,N
05/29/2026,6,4,HB_HOUSTON,39.92,N
05/29/2026,7,1,HB_HOUSTON,40.39,N
05/29/2026,7,2,HB_HOUSTON,58.37,N
05/29/2026,7,3,HB_HOUSTON,35.33,N
05/29/2026,7,4,HB_HOUSTON,54.09,N
05/29/2026,8,1,HB_HOUSTON,39.79,N
05/29/2026,8,2,HB_HOUSTON,33.9,N
05/29/2026,8,3,HB_HOUSTON,58.13,N
05/29/2026,8,4,HB_HOUSTON,301.87,N
05/29/2026,9,1,HB_HOUSTON,50.35,N
05/29/2026,9,2,HB_HOUSTON,45.93,N
05/29/2026,9,3,HB_HOUSTON,47.78,N
05/29/2026,9,4,HB_HOUSTON,33.13,N
05/29/2026,10,1,HB_HOUSTON,41.5,N
05/29/2026,10,2,HB_HOUSTON,-11.82,N
05/29/2026,10,3,HB_HOUSTON,29.5,N
05/29/2026,10,4,HB_HOUSTON,43.89,N
05/29/2026,11,1,HB_HOUSTON,46.77,N
05/29/2026,11,2,HB_HOUSTON,34.43,N
05/29/2026,11,3,HB_HOUSTON,35.8,N
05/29/2026,11,4,HB_HOUSTON,28.39,N
05/29/2026,12,1,HB_HOUSTON,33.94,N
05/29/2026,12,2,HB_HOUSTON,39.96,N
05/29/2026,12,3,HB_HOUSTON,40.21,N
05/29/2026,12,4,HB_HOUSTON,38.24,N
05/29/2026,13,1,HB_HOUSTON,25.05,N
05/29/2026,13,2,HB_HOUSTON,24.8,N
05/29/2026,13,3,HB_HOUSTON,286.36,N
05/29/2026,13,4,HB_HOUSTON,36.5,N
05/29/2026,14,1,HB_HOUSTON,24.74,N
05/29/2026,14,2,HB_HOUSTON,22.71,N
05/29/2026,14,3,HB_HOUSTON,35.46,N
05/29/2026,14,4,HB_HOUSTON,23.24,N
05/29/2026,15,1,HB_HOUSTON,28.47,N
05/29/2026,15,2,HB_HOUSTON,21.41,N
05/29/2026,15,3,HB_HOUSTON,14.12,N
05/29/2026,15,4,HB_HOUSTON,35.4,N
05/29/2026,16,1,HB_HOUSTON,20.35,N
05/29/2026,16,2,HB_HOUSTON,13.71,N
05/29/2026,16,3,HB_HOUSTON,8.27,N
05/29/2026,16,4,HB_HOUSTON,9.07,N
05/29/2026,17,1,HB_HOUSTON,14.03,N
05/29/2026,17,2,HB_HOUSTON,32.41,N
05/29/2026,17,3,HB_HOUSTON,12.33,N
05/29/2026,17,4,HB_HOUSTON,28.59,N
05/29/2026,18,1,HB_HOUSTON,14.47,N
05/29/2026,18,2,HB_HOUSTON,6.06,N
05/29/2026,18,3,HB_HOUSTON,11.73,N
05/29/2026,18,4,HB_HOUSTON,5.26,N
05/29/2026,19,1,HB_HOUSTON,8.15,N
05/29/2026,19,2,HB_HOUSTON,7.91,N
05/29/2026,19,3,HB_HOUSTON,-0.23,N
05/29/2026,19,4,HB_HOUSTON,27.1,N
05/29/2026,20,1,HB_HOUSTON,17.2,N
05/29/2026,20,2,HB_HOUSTON,10.02,N
05/29/2026,20,3,HB_HOUSTON,17.29,N
05/29/2026,20,4,HB_HOUSTON,8.83,N
05/29/2026,21,1,HB_HOUSTON,-4.36,N
05/29/2026,21,2,HB_HOUSTON,40.66,N
05/29/2026,21,3,HB_HOUSTON,18.53,N
05/29/2026,21,4,HB_HOUSTON,12.3,N
05/29/2026,22,1,HB_HOUSTON,3.92,N
05/29/2026,22,2,HB_HOUSTON,7.44,N
05/29/2026,22,3,HB_HOUSTON,32.63,N
05/29/2026,22,4,HB_HOUSTON,31.41,N
05/29/2026,23,1,HB_HOUSTON,28.53,N
05/29/2026,23,2,HB_HOUSTON,13.58,N
05/29/2026,23,3,HB_HOUSTON,34.58,N
05/29/2026,23,4,HB_HOUSTON,26.1,N
05/29/2026,24,1,HB_HOUSTON,31.36,N
05/29/2026,24,2,HB_HOUSTON,29.69,N
05/29/2026,24,3,HB_HOUSTON,14.06,N
05/29/2026,24,4,HB_HOUSTON,16.53,N
05/30/2026,1,1,HB_HOUSTON,25.92,N
05/30/2026,1,2,HB_HOUSTON,35.15,N
05/30/2026,1,3,HB_HOUSTON,18.96,N
05/30/2026,1,4,HB_HOUSTON,28.6,N
05/30/2026,2,1,HB_HOUSTON,32.47,N
05/30/2026,2,2,HB_HOUSTON,40.22,N
05/30/2026,2,3,HB_HOUSTON,39.28,N
05/30/2026,2,4,HB_HOUSTON,25.8,N
05/30/2026,3,1,HB_HOUSTON,49.07,N
05/30/2026,3,2,HB_HOUSTON,28.19,N
05/30/2026,3,3,HB_HOUSTON,46.24,N
05/30/2026,3,4,HB_HOUSTON,33.1,N
05/30/2026,4,1,HB_HOUSTON,41.92,N
05/30/2026,4,2,HB_HOUSTON,42.41,N
05/30/2026,4,3,HB_HOUSTON,42.19,N
05/30/2026,4,4,HB_HOUSTON,46.0,N
05/30/2026,5,1,HB_HOUSTON,46.12,N
05/30/2026,5,2,HB_HOUSTON,49.26,N
05/30/2026,5,3,HB_HOUSTON,46.71,N
05/30/2026,5,4,HB_HOUSTON,32.87,N
05/30/2026,6,1,HB_HOUSTON,46.65,N
05/30/2026,6,2,HB_HOUSTON,39.98,N
05/30/2026,6,3,HB_HOUSTON,35.61,N
05/30/2026,6,4,HB_HOUSTON,42.17,N
05/30/2026,7,1,HB_HOUSTON,46.47,N
05/30/2026,7,2,HB_HOUSTON,47.0,N
05/30/2026,7,3,HB_HOUSTON,53.45,N
05/30/2026,7,4,HB_HOUSTON,55.46,N
05/30/2026,8,1,HB_HOUSTON,47.18,N
05/30/2026,8,2,HB_HOUSTON,48.63,N
05/30/2026,8,3,HB_HOUSTON,45.25,N
05/30/2026,8,4,HB_HOUSTON,50.63,N
05/30/2026,9,1,HB_HOUSTON,46.89,N
05/30/2026,9,2,HB_HOUSTON,42.55,N
05/30/2026,9,3,HB_HOUSTON,60.21,N
05/30/2026,9,4,HB_HOUSTON,38.62,N
05/30/2026,10,1,HB_HOUSTON,52.24,N
05/30/2026,10,2,HB_HOUSTON,29.77,N
05/30/2026,10,3,HB_HOUSTON,47.12,N
05/30/2026,10,4,HB_HOUSTON,52.1,N
05/30/2026,11,1,HB_HOUSTON,22.24,N
05/30/2026,11,2,HB_HOUSTON,38.61,N
05/30/2026,11,3,HB_HOUSTON,43.22,N
05/30/2026,11,4,HB_HOUSTON,39.52,N
05/30/2026,12,1,HB_HOUSTON,36.91,N
05/30/2026,12,2,HB_HOUSTON,34.97,N
05/30/2026,12,3,HB_HOUSTON,25.13,N
05/30/2026,12,4,HB_HOUSTON,7.83,N
05/30/2026,13,1,HB_HOUSTON,25.97,N
05/30/2026,13,2,HB_HOUSTON,33.47,N
05/30/2026,13,3,HB_HOUSTON,24.83,N
05/30/2026,13,4,HB_HOUSTON,11.79,N
05/30/2026,14,1,HB_HOUSTON,18.72,N
05/30/2026,14,2,HB_HOUSTON,14.54,N
05/30/2026,14,3,HB_HOUSTON,34.85,N
05/30/2026,14,4,HB_HOUSTON,21.26,N
05/30/2026,15,1,HB_HOUSTON,18.39,N
05/30/2026,15,2,HB_HOUSTON,13.99,N
05/30/2026,15,3,HB_HOUSTON,23.25,N
05/30/2026,15,4,HB_HOUSTON,16.77,N
05/30/2026,16,1,HB_HOUSTON,27.33,N
05/30/2026,16,2,HB_HOUSTON,21.81,N
05/30/2026,16,3,HB_HOUSTON,14.82,N
05/30/2026,16,4,HB_HOUSTON,26.2,N
05/30/2026,17,1,HB_HOUSTON,17.07,N
05/30/2026,17,2,HB_HOUSTON,17.18,N
05/30/2026,17,3,HB_HOUSTON,5.31,N
05/30/2026,17,4,HB_HOUSTON,16.44,N
05/30/2026,18,1,HB_HOUSTON,18.08,N
05/30/2026,18,2,HB_HOUSTON,26.18,N
05/30/2026,18,3,HB_HOUSTON,9.5,N
05/30/2026,18,4,HB_HOUSTON,33.74,N
05/30/2026,19,1,HB_HOUSTON,19.45,N
05/30/2026,19,2,HB_HOUSTON,2.84,N
05/30/2026,19,3,HB_HOUSTON,8.24,N
05/30/2026,19,4,HB_HOUSTON,26.37,N
05/30/2026,20,1,HB_HOUSTON,25.46,N
05/30/2026,20,2,HB_HOUSTON,15.66,N
05/30/2026,20,3,HB_HOUSTON,16.71,N
05/30/2026,20,4,HB_HOUSTON,6.19,N
05/30/2026,21,1,HB_HOUSTON,27.58,N
05/30/2026,21,2,HB_HOUSTON,9.11,N
05/30/2026,21,3,HB_HOUSTON,23.77,N
05/30/2026,21,4,HB_HOUSTON,277.83,N
05/30/2026,22,1,HB_HOUSTON,19.78,N
05/30/2026,22,2,HB_HOUSTON,27.13,N
05/30/2026,22,3,HB_HOUSTON,34.17,N
05/30/2026,22,4,HB_HOUSTON,21.54,N
05/30/2026,23,1,HB_HOUSTON,21.1,N
05/30/2026,23,2,HB_HOUSTON,21.97,N
05/30/2026,23,3,HB_HOUSTON,16.56,N
05/30/2026,23,4,HB_HOUSTON,16.38,N
05/30/2026,24,1,HB_HOUSTON,279.66,N
05/30/2026,24,2,HB_HOUSTON,24.81,N
05/30/2026,24,3,HB_HOUSTON,28.74,N
05/30/2026,24,4,HB_HOUSTON,14.2,N
05/31/2026,1,1,HB_HOUSTON,29.26,N
05/31/2026,1,2,HB_HOUSTON,38.24,N
05/31/2026,1,3,HB_HOUSTON,21.05,N
05/31/2026,1,4,HB_HOUSTON,30.13,N
05/31/2026,2,1,HB_HOUSTON,19.05,N
05/31/2026,2,2,HB_HOUSTON,23.44,N
05/31/2026,2,3,HB_HOUSTON,40.34,N
05/31/2026,2,4,HB_HOUSTON,31.41,N
05/31/2026,3,1,HB_HOUSTON,52.08,N
05/31/2026,3,2,HB_HOUSTON,40.96,N
05/31/2026,3,3,HB_HOUSTON,41.74,N
05/31/2026,3,4,HB_HOUSTON,28.89,N
05/31/2026,4,1,HB_HOUSTON,37.53,N
05/31/2026,4,2,HB_HOUSTON,34.75,N
05/31/2026,4,3,HB_HOUSTON,32.08,N
05/31/2026,4,4,HB_HOUSTON,45.92,N
05/31/2026,5,1,HB_HOUSTON,49.91,N
05/31/2026,5,2,HB_HOUSTON,296.18,N
05/31/2026,5,3,HB_HOUSTON,36.37,N
05/31/2026,5,4,HB_HOUSTON,45.64,N
05/31/2026,6,1,HB_HOUSTON,29.19,N
05/31/2026,6,2,HB_HOUSTON,55.07,N
05/31/2026,6,3,HB_HOUSTON,34.1,N
05/31/2026,6,4,HB_HOUSTON,35.53,N
05/31/2026,7,1,HB_HOUSTON,45.92,N
05/31/2026,7,2,HB_HOUSTON,46.63,N
05/31/2026,7,3,HB_HOUSTON,44.42,N
05/31/2026,7,4,HB_HOUSTON,36.12,N
05/31/2026,8,1,HB_HOUSTON,53.56,N
05/31/2026,8,2,HB_HOUSTON,31.0,N
05/31/2026,8,3,HB_HOUSTON,32.62,N
05/31/2026,8,4,HB_HOUSTON,43.63,N
05/31/2026,9,1,HB_HOUSTON,282.88,N
05/31/2026,9,2,HB_HOUSTON,52.77,N
05/31/2026,9,3,HB_HOUSTON,33.56,N
05/31/2026,9,4,HB_HOUSTON,55.45,N
05/31/2026,10,1,HB_HOUSTON,48.89,N
05/31/2026,10,2,HB_HOUSTON,50.49,N
05/31/2026,10,3,HB_HOUSTON,55.7,N
05/31/2026,10,4,HB_HOUSTON,41.26,N
05/31/2026,11,1,HB_HOUSTON,29.4,N
05/31/2026,11,2,HB_HOUSTON,36.68,N
05/31/2026,11,3,HB_HOUSTON,32.97,N
05/31/2026,11,4,HB_HOUSTON,31.83,N
05/31/2026,12,1,HB_HOUSTON,35.09,N
05/31/2026,12,2,HB_HOUSTON,31.39,N
05/31/2026,12,3,HB_HOUSTON,27.86,N
05/31/2026,12,4,HB_HOUSTON,31.92,N
05/31/2026,13,1,HB_HOUSTON,34.39,N
05/31/2026,13,2,HB_HOUSTON,37.65,N
05/31/2026,13,3,HB_HOUSTON,-27.82,N
05/31/2026,13,4,HB_HOUSTON,27.57,N
05/31/2026,14,1,HB_HOUSTON,24.99,N
05/31/2026,14,2,HB_HOUSTON,16.66,N
05/31/2026,14,3,HB_HOUSTON,25.16,N
05/31/2026,14,4,HB_HOUSTON,27.3,N
05/31/2026,15,1,HB_HOUSTON,26.65,N
05/31/2026,15,2,HB_HOUSTON,23.12,N
05/31/2026,15,3,HB_HOUSTON,15.45,N
05/31/2026,15,4,HB_HOUSTON,38.6,N
05/31/2026,16,1,HB_HOUSTON,26.03,N
05/31/2026,16,2,HB_HOUSTON,23.82,N
05/31/2026,16,3,HB_HOUSTON,27.43,N
05/31/2026,16,4,HB_HOUSTON,21.35,N
05/31/2026,17,1,HB_HOUSTON,27.3,N
05/31/2026,17,2,HB_HOUSTON,17.46,N
05/31/2026,17,3,HB_HOUSTON,17.02,N
05/31/2026,17,4,HB_HOUSTON,22.09,N
05/31/2026,18,1,HB_HOUSTON,28.12,N
05/31/2026,18,2,HB_HOUSTON,27.61,N
05/31/2026,18,3,HB_HOUSTON,20.25,N
05/31/2026,18,4,HB_HOUSTON,19.64,N
05/31/2026,19,1,HB_HOUSTON,20.57,N
05/31/2026,19,2,HB_HOUSTON,22.88,N
05/31/2026,19,3,HB_HOUSTON,25.39,N
05/31/2026,19,4,HB_HOUSTON,13.11,N
05/31/2026,20,1,HB_HOUSTON,26.06,N
05/31/2026,20,2,HB_HOUSTON,18.26,N
05/31/2026,20,3,HB_HOUSTON,20.72,N
05/31/2026,20,4,HB_HOUSTON,26.57,N
05/31/2026,21,1,HB_HOUSTON,22.99,N
05/31/2026,21,2,HB_HOUSTON,24.34,N
05/31/2026,21,3,HB_HOUSTON,13.89,N
05/31/2026,21,4,HB_HOUSTON,29.0,N
05/31/2026,22,1,HB_HOUSTON,24.96,N
05/31/2026,22,2,HB_HOUSTON,20.4,N
05/31/2026,22,3,HB_HOUSTON,28.2,N
05/31/2026,22,4,HB_HOUSTON,40.1,N
05/31/2026,23,1,HB_HOUSTON,13.15,N
05/31/2026,23,2,HB_HOUSTON,16.07,N
05/31/2026,23,3,HB_HOUSTON,43.98,N
05/31/2026,23,4,HB_HOUSTON,25.91,N
05/31/2026,24,1,HB_HOUSTON,277.64,N
05/31/2026,24,2,HB_HOUSTON,25.19,N
05/31/2026,24,3,HB_HOUSTON,35.79,N
05/31/2026,24,4,HB_HOUSTON,47.01,N
